//Index	Slot	Skill	X	Y	Serial	Option	Drop	Name						level	DameMin	DameMax	AttSpeed	Dur	MagicDur	MagicPW	ReqLvl	ReqStr	ReqDex	ReqEne	ReqVit	ReqLead	SetAttr	DW/SM	DK/BK	ELF/ME	MG	DL SUM	RF
0		
0		0		0		1	2	1		1		1		"Chùy Thủ"					6		6		11		50			20	0			0		0		40		40		0		0		0		1		1		1		1		1	1	1	1
1		0		0		1	3	1		1		1		"Đoản Đao"					3		3		7		20			22	0			0		0		60		0		0		0		0		1		1		1		1		1	1	1	1
2		0		0		1	3	1		1		1		"Trường Kiếm"				9		9		15		40			23	0			0		0		50		40		0		0		0		1		0		1		1		1	1	1	0
3		0		20		1	3	1		1		1		"Kiếm Nhật"					16		16		26		35			27	0			0		0		80		40		0		0		0		1		0		1		0		1	1	0	0
4		0		21		1	3	1		1		1		"Đao Sát Thủ"				12		12		18		30			24	0			0		0		60		40		0		0		0		1		0		1		0		1	1	0	0
5		0		22		1	3	1		1		1		"Khoái Đao"					36		36		47		30			39	0			0		0		80		50		0		0		0		1		1		1		1		1	1	0	0
6		0		20		1	3	1		1		1		"Kiếm La Mã"				20		20		30		20			30	0			0		0		110		0		0		0		0		1		0		1		1		1	1	0	0
7		0		21		1	3	1		1		1		"Mã Tấu"					24		24		34		25			34	0			0		0		120		0		0		0		0		1		0		1		0		1	1	0	0
8		0		21		1	3	1		1		1		"Xà Đao"					30		30		40		20			36	0			0		0		130		0		0		0		0		1		0		1		0		1	1	0	0
9		0		20		2	3	1		1		1		"Kiếm Rồng Lửa"				32		32		46		30			40	0			0		0		103		0		0		0		0		1		0		1		0		1	0	0	0
10		0		22		2	4	1		1		1		"Kiếm Ánh Sáng"				40		47		61		25			50	0			0		0		80		60		0		0		0		1		0		1		1		1	0	0	0
11		0		20		2	3	1		1		1		"Kiếm Ma Thuật"				44		56		72		20			54	0			0		0		120		0		0		0		0		1		0		1		0		1	0	0	0
12		0		19		2	3	1		1		1		"Thái Dương Kiếm"			56		73		98		25			66	0			0		0		140		0		0		0		0		1		0		1		0		1	0	0	0
13		0		22		1	3	1		1		1		"Hỏa Đao"					48		48		56		30			43	0			0		0		70		70		0		0		0		1		0		1		1		1	0	0	0
14		0		22		1	3	1		1		1		"Kiếm Điện"					59		59		67		30			50	0			0		0		90		50		0		0		0		1		0		1		1		1	0	0	0
15		0		23		2	3	1		1		1		"Thiết Kiếm"				52		60		85		20			60	0			0		0		140		0		0		0		0		1		0		1		0		1	0	0	0
16		0		22		1	4	1		1		1		"Kiếm Hủy Diệt"				82		82		90		35			84	0			0		0		160		60		0		0		0		1		0		1		0		1	0	0	0
17		0		23		2	4	1		1		0		"Thiên Ma Kiếm"				104		128		153		40			89	0			0		0		180		50		0		0		0		1		0		2		0		0	0	0	0
18		0		23		2	3	1		1		1		"Lôi Phong Đao"				105		140		168		40			86	0			0		0		180		50		0		0		0		1		0		0		0		1	0	0	0
19		0		22		1	4	1		1		0		"Thiên Tử Kiếm"				86		220		230		45			168	0			0		0		140		50		0		0		0		0		0		1		0		1	1	0	0
20		0		22		1	4	1		1		0		"Cuồng Phong Đao"			140		107		115		35			90	0			0		0		116		38		0		0		0		1		0		2		0		0	0	0	0
21		0		56		2	4	1		1		0		"Đao Sinh Mệnh"				140		115		142		40			100	0			115		0		116		53		9		0		0		1		0		0		0		1	0	0	0
22		0		22		1	4	1		1		0		"Đao Quyền Năng"			147		122		135		40			95	0			0		380		100		35		0		0		0		0		0		2		0		0	0	0	0
23		0		56		2	4	1		1		0		"Đao Hồng Long"				147		127		155		45			110	0			134		380		98		48		7		0		0		0		0		0		0		1	0	0	0
24		0		22		2	4	1		1		0		"Ỷ Thiên Đao"				115		182		218		40			90	0			0		0		192		30		0		0		0		0		0		2		0		0	0	0	0
25		0		56		2	4	1		1		0		"Hỏa Tinh Kiếm"				115		109		136		40			90	0			108		0		136		57		9		0		0		0		0		0		0		1	0	0	0
26		0		22		1	4	1		1		0		"Hỏa Long Kiếm"				137		115		126		40			90	0			0		380		193		53		0		0		0		0		0		2		0		0	0	0	0
27		0		22		1	4	1		1		0		"Ngọc Bích Kiếm"			133		91		99		35			90	0			0		380		53		176		0		0		0		0		0		2		0		0	0	0	0
28		0		56		1	4	1		1		0		"Bá Vương Kiếm"				139		98		122		45			90	0			109		380		91		73		17		0		0		0		0		0		0		1	0	0	0
31		0		56		2	4	1		1		0		"Ảo Ảnh Đao"				100		104		130		35			93	0			104		0		135		62		9		0		0		3		0		0		0		1	0	0	0
32		0		260		1	2	1		1		0		"Vuốt Địa Long"				52		52		58		25			65	0			0		0		85		35		0		0		0		1		0		0		0		0	0	0	1
33		0		261		1	2	1		1		0		"Vuốt Bạch Hổ"				82		82		88		30			77	0			0		0		100		50		0		0		0		0		0		0		0		0	0	0	1
34		0		260		1	2	1		1		0		"Vuốt Quyền Lực"			105		95		101		35			86	0			0		0		120		60		0		0		0		0		0		0		0		0	0	0	1
35		0		270		1	2	1		1		0		"Vuốt Phượng Hoàng"			147		122		128		40			98	0			0		380		101		51		0		0		0		0		0		0		0		0	0	0	1
47		0		56		1	4	1		1		0		"Đao Thiên Tử"				115		130		140		30			100	0			140		0		36		4		0		0		0		0		0		0		0		3	0	0	0 
51		0		22		1	4	1		1		0		"Thiên Tử Kiếm"				200		200		230		45			170	0			0		0		60		30		0		0		0		0		0		3		0		0	0	0	0 
52		0		270		1	2	1		1		0		"Vuốt Điện"					139		26		34		40			95	0			0		380		78		25		0		0		0		0		0		0		0		0	0	0	3
60		0		270		1	2	1		1		0		"Vuốt Thiên Tử"				100		121		130		35			160	0			0		0		68		23		0		0		0		0		0		0		0		0	0	0	3 
61		0		270		1	2	1		1		0		"Vuốt Thiên Tử"				200		148		168		40			100	0			0		0		47		14		0		0		0		0		0		0		0		0	0	0	3 
81		0		270		1	2	1		1		0		"Vuốt Huyết Long"			200		195		206		35			100	0			0		380		47		14		0		0		0		0		0		0		0		0	0	0	3 
83		0		56		1	4	1		1		0		"Đao Thiên Tử"				145		170		242		45			110	0			160		0		98		48		7		0		0		0		0		0		0		3	0	0	0 

100		0		22		1	4	1		1		0		"Kiếm Huyết Thần"			160		210		240		40			100	0			0		380		165		51		0		0		0		0		0		3		0		0	0	0	0 
101		0		56		1	4	1		1		0		"Đao Huyết Thần"			160		210		240		45			100	0			170		380		120		72		0		0		0		0		0		0		0		3	0	0	0 
102		0		270		1	2	1		1		0		"Vuốt Huyết Thần"			160		150		170		35			100	0			0		380		95		30		0		0		0		0		0		0		0		0	0	0	3 
		
103		0		22		1	4	1		1		0		"Kiếm Hắc Thần"				170		220		250		40			100	0			0		380		165		51		0		0		0		0		0		3		0		0	0	0	0 
104		0		56		1	4	1		1		0		"Đao Hắc Thần"				170		220		250		45			100	0			175		380		116		53		9		0		0		0		0		0		0		3	0	0	0 
105		0		270		1	2	1		1		0		"Vuốt Hắc Thần"				170		160		180		35			100	0			0		380		95		30		0		0		0		0		0		0		0		0	0	0	3 
		
106		0		22		1	4	1		1		0		"Kiếm Thánh Thần"			180		230		260		40			100	0			0		380		152		47		0		0		0		0		0		3		0		0	0	0	0 
107		0		56		1	4	1		1		0		"Đao Thánh Thần"			180		230		260		45			100	0			180		380		111		67		0		0		0		0		0		0		0		3	0	0	0 
108		0		270		1	2	1		1		0		"Vuốt Thánh Thần"			180		170		190		35			100	0			0		380		88		28		0		0		0		0		0		0		0		0	0	0	3 
		
109		0		22		1	4	1		1		0		"Kiếm Thức Tỉnh"			190		240		270		40			100	0			0		380		141		44		0		0		0		0		0		3		0		0	0	0	0 
110		0		56		1	4	1		1		0		"Đao Thức Tỉnh"				190		240		270		45			100	0			185		380		103		62		0		0		0		0		0		0		0		3	0	0	0 
111		0		270		1	2	1		1		0		"Vuốt Thức Tỉnh"			190		180		200		35			100	0			0		380		82		26		0		0		0		0		0		0		0		0	0	0	3 
		
112		0		22		1	4	1		1		0		"Kiếm Mắt Xanh"				200		250		280		40			100	0			0		380		83		24		0		0		0		0		0		3		0		0	0	0	0 
113		0		56		1	4	1		1		0		"Đao Mắt Xanh"				200		250		280		45			100	0			190		380		60		35		6		0		0		0		0		0		0		3	0	0	0 
114		0		270		1	2	1		1		0		"Vuốt Mắt Xanh"				200		190		210		35			100	0			0		380		47		14		0		0		0		0		0		0		0		0	0	0	3 
		
115		0		22		1	4	1		1		0		"Kiếm Tim Bạc"				210		260		290		40			100	0			0		380		84		25		0		0		0		0		0		3		0		0	0	0	0 
116		0		56		1	4	1		1		0		"Đao Tim Bạc"				210		260		290		45			100	0			195		380		60		35		6		0		0		0		0		0		0		3	0	0	0 
117		0		270		1	2	1		1		0		"Vuốt Tim Bạc"				210		200		220		35			100	0			0		380		47		14		0		0		0		0		0		0		0		0	0	0	3 
		
118		0		22		1	4	1		1		0		"Kiếm Mãnh Sư"				220		270		300		40			100	0			0		380		84		25		0		0		0		0		0		3		0		0	0	0	0 
119		0		56		1	4	1		1		0		"Đao Mãnh Sư"				220		270		300		45			100	0			200		380		60		35		6		0		0		0		0		0		0		3	0	0	0 
120		0		270		1	2	1		1		0		"Vuốt Mãnh Sư"				220		210		230		35			100	0			0		380		47		14		0		0		0		0		0		0		0		0	0	0	3 
		
121		0		22		1	4	1		1		0		"Kiếm Tinh Vân"				230		280		310		40			100	0			0		380		84		25		0		0		0		0		0		3		0		0	0	0	0 
122		0		56		1	4	1		1		0		"Đao Tinh Vân"				230		280		310		45			100	0			205		380		60		35		6		0		0		0		0		0		0		3	0	0	0 
123		0		270		1	2	1		1		0		"Vuốt Tinh Vân"				230		220		240		35			100	0			0		380		47		14		0		0		0		0		0		0		0		0	0	0	3 
		
124		0		22		1	4	1		1		0		"Kiếm Tận Thế"				240		290		320		40			100	0			0		380		84		25		0		0		0		0		0		3		0		0	0	0	0 
125		0		56		1	4	1		1		0		"Đao Tận Thế"				240		290		320		45			100	0			210		380		60		35		6		0		0		0		0		0		0		3	0	0	0 
126		0		270		1	2	1		1		0		"Vuốt Tận Thế"				240		230		250		35			100	0			0		380		47		14		0		0		0		0		0		0		0		0	0	0	3 
		
127		0		22		1	4	1		1		0		"Kiếm Sấm Sét"				250		300		330		40			100	0			0		380		84		25		0		0		0		0		0		3		0		0	0	0	0 
128		0		56		1	4	1		1		0		"Đao Sấm Sét"				250		300		330		45			100	0			215		380		60		35		6		0		0		0		0		0		0		3	0	0	0 
129		0		270		1	2	1		1		0		"Vuốt Sấm Sét"				250		240		260		35			100	0			0		380		78		25		0		0		0		0		0		0		0		0	0	0	3 
		
130		0		22		1	4	1		1		0		"Kiếm Huyền Thoại"			260		310		340		40			100	0			0		380		84		25		0		0		0		0		0		3		0		0	0	0	0 
131		0		56		1	4	1		1		0		"Đao Huyền Thoại"			260		310		340		45			100	0			220		380		60		35		6		0		0		0		0		0		0		3	0	0	0 
132		0		270		1	2	1		1		0		"Vuốt Huyền Thoại"			260		250		270		35			100	0			0		380		78		25		0		0		0		0		0		0		0		0	0	0	3 
		
133		0		22		1	4	1		1		0		"Kiếm Thanh Long"			270		320		350		40			100	0			0		380		84		25		0		0		0		0		0		3		0		0	0	0	0 
134		0		56		1	4	1		1		0		"Đao Thanh Long"			270		320		350		45			100	0			225		380		60		35		6		0		0		0		0		0		0		3	0	0	0 
135		0		270		1	2	1		1		0		"Vuốt Thanh Long"			270		260		280		35			100	0			0		380		78		25		0		0		0		0		0		0		0		0	0	0	3 
		
136		0		22		1	4	1		1		0		"Kiếm Thông Thiên"			280		330		360		40			100	0			0		380		84		25		0		0		0		0		0		3		0		0	0	0	0 
137		0		56		1	4	1		1		0		"Đao Thông Thiên"			280		330		360		45			100	0			230		380		60		35		6		0		0		0		0		0		0		3	0	0	0 
138		0		270		1	2	1		1		0		"Vuốt Thông Thiên"			280		270		290		35			100	0			0		380		78		25		0		0		0		0		0		0		0		0	0	0	3 

end

//Index	Slot	Skill	X	Y	Serial	Option	Drop	Name						level	DameMin	DameMax	AttSpeed	Dur	MagicDur	MagicPW	ReqLvl	ReqStr	ReqDex	ReqEne	ReqVit	ReqLead	SetAttr	DW/SM	DK/BK	ELF/ME	MG	DL	SUM	RF
1		
0		0		0		1	3	1		1		1		"Rìu Nhỏ"					1		1		6		20			18	0			0		0		50		0		0		0		0		1		1		1		1		1	1	1	1
1		0		0		1	3	1		1		1		"Rìu Nhẹ"					4		4		9		30			20	0			0		0		70		0		0		0		0		1		1		1		1		1	1	1	1
2		0		19		1	3	1		1		1		"Rìu Lưỡi Hái"				14		14		24		20			26	0			0		0		90		0		0		0		0		1		0		1		0		1	1	0	0
3		0		19		1	3	1		1		1		"Rìu Thợ Săn"				18		18		28		30			28	0			0		0		100		0		0		0		0		1		0		1		0		1	1	0	1
4		0		0		1	3	1		1		1		"Rìu Tiên Nữ"				26		26		38		40			32	0			0		0		50		70		0		0		0		1		1		0		1		1	0	1	0
5		0		19		2	3	1		1		1		"Rìu Chiến"					30		36		44		20			36	0			0		0		120		0		0		0		0		1		0		1		1		1	0	0	0
6		0		19		2	3	1		1		1		"Rìu Lưỡi Bạc"				34		38		50		30			44	0			0		0		130		0		0		0		0		1		0		1		1		1	0	0	0
7		0		19		2	3	1		1		1		"Rìu Lưỡi Vàng"				46		54		67		25			55	0			0		0		140		0		0		0		0		1		0		1		0		1	0	0	0
8		0		19		2	3	1		1		1		"Rìu Bán Nguyệt"			54		69		89		30			65	0			0		0		100		40		0		0		0		1		1		1		0		1	0	0	0
end

//Index	Slot	Skill	X	Y	Serial	Option	Drop	Name						level	DameMin	DameMax	AttSpeed	Dur	MagicDur	MagicPW	ReqLvl	ReqStr	ReqDex	ReqEne	ReqVit	ReqLead	SetAttr	DW/SM	DK/BK	ELF/ME	MG	DL	SUM	RF
2
0		0		0		1	3	1		1		1		"Chùy"						7		7		13		15			21	0			0		0		100		0		0		0		0		1		0		1		0		1	1	0	1
1		0		19		1	3	1		1		1		"Chùy Gai"					13		13		22		15			25	0			0		0		100		0		0		0		0		1		0		1		0		1	1	0	1
2		0		0		1	3	1		1		1		"Chùy Dây"					22		22		32		15			32	0			0		0		80		50		0		0		0		1		0		1		0		1	1	0	1
3		0		19		2	3	1		1		1		"Bùa Chiến"					38		45		56		15			50	0			0		0		150		0		0		0		0		1		0		1		0		1	0	0	1
4		0		19		2	3	1		1		1		"Chùy Băng"					66		78		107		30			72	0			0		0		130		0		0		0		0		1		1		1		1		1	0	0	1
5		0		23		2	4	1		1		1		"Kiếm Băng"					72		89		120		40			76	0			0		0		130		70		0		0		0		1		1		1		1		1	0	0	0
6		0		23		2	4	1		1		0		"Rìu Hỏa Long"				75		102		130		35			80	0			0		0		140		50		0		0		0		0		0		1		0		1	0	0	0
7		0		0		1	3	1		1		0		"Chùy Thánh Nữ"				90		62		80		50			50	0			0		0		15		42		0		0		0		1		0		0		2		0	0	0	0
8		0		66		1	3	1		1		1		"Trượng Chiến"				54		41		52		45			40	0			3		0		80		17		0		0		0		1		0		0		0		0	1	0	0
9		0		66		1	3	1		1		1		"Trượng Thép"				72		57		68		45			45	0			20		0		87		18		0		0		0		1		0		0		0		0	1	0	0
10		0		66		1	4	1		1		1		"Trượng Bóng Tối"			82		74		85		45			65	0			35		0		100		21		0		0		0		1		0		0		0		0	1	0	0
11		0		66		1	4	1		1		0		"Trượng Kim Cương"			98		91		102		40			72	0			52		0		105		23		0		0		0		1		0		0		0		0	1	0	0
12		0		66		1	4	1		1		0		"Trượng Đại Vương"			140		108		120		40			84	0			67		0		90		20		0		0		0		1		0		0		0		0	1	0	0
13		0		66		1	4	1		1		0		"Trượng Thiên Tử"			150		200		223		45			90	0			138		0		75		16		0		0		0		1		0		0		0		0	1	0	0
14		0		66		1	4	1		1		0		"Trượng Thái Dương"			146		130		153		40			95	0			84		380		80		15		0		0		0		0		0		0		0		0	1	0	0
15		0		66		1	4	1		1		0		"Trượng Tối Cao"			110		99		111		40			78	0			60		0		108		22		0		0		0		0		0		0		0		0	1	0	0
16		0		0		1	3	1		1		0		"Chùy Băng Tinh"			121		106		146		50			80	0			0		380		27		19		0		0		0		1		0		0		2		0	0	0	0
17		0		66		1	4	1		1		0		"Lôi Phong Trượng"			135		114		132		40			90	0			72		380		119		24		0		0		0		0		0		0		0		0	1	0	0
24		0		19		1	3	1		1		0		"Chùy Vương"				130		133		143		65			100	0			0		0		144		100		0		0		0		0		0		3		0		0	0	0	0
25		0		66		1	4	1		1		0		"Trượng Thiên Tử"			150		220		243		45			100	0			138		0		75		16		0		0		0		0		0		0		0		0	3	0	0 
100		0		66		1	4	1		1		0		"Trượng Huyết Thần"			160		230		260		40			100	0			104		380		114		23		0		0		0		0		0		0		0		0	3	0	0 
101		0		66		1	4	1		1		0		"Trượng Hắc Thần"			170		240		270		40			100	0			114		380		114		23		0		0		0		0		0		0		0		0	3	0	0 
102		0		66		1	4	1		1		0		"Trượng Thánh Thần"			180		250		280		40			100	0			124		380		105		22		0		0		0		0		0		0		0		0	3	0	0 
103		0		66		1	4	1		1		0		"Trượng Thức Tỉnh"			190		260		290		40			100	0			134		380		98		21		0		0		0		0		0		0		0		0	3	0	0 
104		0		66		1	4	1		1		0		"Trượng Mắt Xanh"			200		270		300		40			100	0			144		380		57		11		0		0		0		0		0		0		0		0	3	0	0 
105		0		66		1	4	1		1		0		"Trượng Tim Bạc"			210		280		310		45			100	0			154		380		57		11		0		0		0		0		0		0		0		0	3	0	0 
106		0		66		1	4	1		1		0		"Trượng Mãnh Sư"			220		290		320		45			100	0			164		380		57		11		0		0		0		0		0		0		0		0	3	0	0 
107		0		66		1	4	1		1		0		"Trượng Tinh Vân"			230		300		330		45			100	0			174		380		57		11		0		0		0		0		0		0		0		0	3	0	0 
108		0		66		1	4	1		1		0		"Trượng Tận Thế"			240		310		340		45			100	0			184		380		57		11		0		0		0		0		0		0		0		0	3	0	0 
109		0		66		1	4	1		1		0		"Trượng Sấm Sét"			250		320		350		45			100	0			194		380		57		11		0		0		0		0		0		0		0		0	3	0	0 
110		0		66		1	4	1		1		0		"Trượng Huyền Thoại"		260		330		360		45			100	0			194		380		57		11		0		0		0		0		0		0		0		0	3	0	0 
111		0		66		1	4	1		1		0		"Trượng Thanh Long"			270		340		370		45			100	0			194		380		57		11		0		0		0		0		0		0		0		0	3	0	0 
112		0		66		1	4	1		1		0		"Trượng Thông Thiên"		280		350		380		45			100	0			194		380		57		11		0		0		0		0		0		0		0		0	3	0	0 

end

//Index	Slot	Skill	X	Y	Serial	Option	Drop	Name						level	DameMin	DameMax	AttSpeed	Dur	MagicDur	MagicPW	ReqLvl	ReqStr	ReqDex	ReqEne	ReqVit	ReqLead	SetAttr	DW/SM	DK/BK	ELF/ME	MG	DL	SUM	RF
3
0		0		22		2	4	1		1		1		"Giáo Ánh Sáng"				42		50		63		25			56	0			0		0		60		70		0		0		0		1		0		1		1		1	0	0	0
1		0		0		2	4	1		1		1		"Giáo"						23		30		41		30			42	0			0		0		70		50		0		0		0		1		0		1		1		1	0	0	0
2		0		0		2	4	1		1		1		"Thương"					15		21		33		30			34	0			0		0		70		50		0		0		0		1		0		1		1		1	0	0	0
3		0		0		2	4	1		1		1		"Đinh Ba"					29		35		43		25			44	0			0		0		90		30		0		0		0		1		0		1		1		1	0	0	0
4		0		20		2	4	1		1		1		"Xà Giáo"					46		58		80		20			58	0			0		0		90		30		0		0		0		1		0		1		1		1	0	0	0
5		0		0		2	4	1		1		1		"Giáo Hai Lưỡi"				13		19		31		30			38	0			0		0		70		50		0		0		0		1		0		1		1		1	0	0	0
6		0		0		2	4	1		1		1		"Kích"						19		25		35		30			40	0			0		0		70		50		0		0		0		1		0		1		1		1	0	0	0
7		0		22		2	4	1		1		1		"Kích Hai Đầu"				37		42		54		30			54	0			0		0		80		50		0		0		0		1		0		1		1		1	0	0	0
8		0		22		2	4	1		1		1		"Lưỡi Hái"					54		71		92		25			68	0			0		0		90		50		0		0		0		1		0		1		1		1	0	0	0
9		0		22		2	4	1		1		1		"Lưỡi Hái Tử Thần"			63		76		102		25			74	0			0		0		80		50		0		0		0		1		0		1		1		1	0	0	0
10		0		22		2	4	1		1		0		"Đại Long Đao"				92		112		140		35			85	0			0		0		170		60		0		0		0		1		0		2		0		0	0	0	0
11		0		22		2	4	1		1		0		"Vuốt Quỷ"					147		190		226		40			90	0			0		0		152		25		0		0		0		1		0		2		0		1	0	0	0
end

//Index	Slot	Skill	X	Y	Serial	Option	Drop	Name						level	DameMin	DameMax	AttSpeed	Dur	MagicDur	MagicPW	ReqLvl	ReqStr	ReqDex	ReqEne	ReqVit	ReqLead	SetAttr	DW/SM	DK/BK	ELF/ME	MG	DL	SUM	RF
4
0		1		24		2	3	1		1		1		"Cung Nhỏ"					2		3		5		30			20	0			0		0		20		80		0		0		0		2		0		0		1		0	0	0	0
1		1		24		2	3	1		1		1		"Cung"						8		9		13		30			24	0			0		0		30		90		0		0		0		2		0		0		1		0	0	0	0
2		1		24		2	3	1		1		1		"Cung Hoa"					16		17		24		30			28	0			0		0		30		90		0		0		0		2		0		0		1		0	0	0	0
3		1		24		2	3	1		1		1		"Cung Chiến"				26		28		37		30			36	0			0		0		30		90		0		0		0		2		0		0		1		0	0	0	0
4		1		24		2	4	1		1		1		"Cung Hổ"					40		42		52		30			43	0			0		0		30		100		0		0		0		2		0		0		1		0	0	0	0
5		1		24		2	4	1		1		1		"Cung Bạc"					56		59		71		40			48	0			0		0		30		100		0		0		0		2		0		0		1		0	0	0	0
6		1		24		2	4	1		1		0		"Mai Hoa Cung"				75		88		106		35			68	0			0		0		40		150		0		0		0		0		0		0		1		0	0	0	0
7		1		0		1	1	1		1		1		"Tên Nỏ"					0		0		0		0			255	0			0		0		0		0		0		0		0		0		0		0		1		0	0	0	0
8		0		24		2	2	1		1		1		"Nỏ"						4		5		8		40			22	0			0		0		20		90		0		0		0		2		0		0		1		0	0	0	0
9		0		24		2	2	1		1		1		"Nỏ Vàng"					12		13		19		40			26	0			0		0		30		90		0		0		0		2		0		0		1		0	0	0	0
10		0		24		2	2	1		1		1		"Nỏ Thép"					20		22		30		40			31	0			0		0		30		90		0		0		0		2		0		0		1		0	0	0	0
11		0		24		2	3	1		1		1		"Nỏ Ánh Sáng"				32		35		44		40			40	0			0		0		30		90		0		0		0		2		0		0		1		0	0	0	0
12		0		24		2	3	1		1		1		"Nỏ Rắn"					48		50		61		40			45	0			0		0		30		100		0		0		0		2		0		0		1		0	0	0	0
13		0		24		2	3	1		1		1		"Nỏ Thiên Thanh"			68		68		82		40			56	0			0		0		40		110		0		0		0		2		0		0		1		0	0	0	0
14		0		24		2	3	1		1		1		"Nỏ Kim Ngân"				72		78		92		30			60	0			0		0		50		130		0		0		0		2		0		0		1		0	0	0	0
15		0		0		1	1	1		1		1		"Tên Cung"					0		0		0		0			255	0			0		0		0		0		0		0		0		0		0		0		1		0	0	0	0
16		0		24		2	4	1		1		1		"Nỏ Thánh"					84		102		127		35			72	0			0		0		50		160		0		0		0		2		0		0		1		0	0	0	0
17		1		24		2	4	1		1		0		"Cung Thiên Mệnh"			92		127		155		35			76	0			0		0		54		198		0		0		0		2		0		0		2		0	0	0	0
18		0		24		2	3	1		1		0		"Nỏ Hỏa Long"				100		224		246		45			200	0			0		0		40		110		0		0		0		0		0		0		1		0	0	0	0
19		0		24		2	3	1		1		0		"Nỏ Thánh Nữ"				100		150		172		40			80	0			0		0		61		285		0		0		0		2		0		0		2		0	0	0	0
20		1		24		2	4	1		1		0		"Mỹ Nhân Cung"				135		166		190		45			86	0			0		0		52		245		0		0		0		2		0		0		2		0	0	0	0
21		1		24		2	4	1		1		0		"Cung Thái Bình"			147		177		200		45			93	0			0		380		46		210		0		0		0		0		0		0		2		0	0	0	0
22		1		24		2	4	1		1		0		"Cung Thiên Thần"			110		155		177		45			70	0			0		0		60		265		0		0		0		0		0		0		2		0	0	0	0
23		1		24		2	4	1		1		0		"Cung Thiên Vũ"				134		162		184		45			80	0			0		380		32		209		0		0		0		2		0		0		2		0	0	0	0
24		1		24		2	4	1		1		0		"Cung Thần Ưng"				147		170		194		45			88	0			0		0		49		226		0		0		0		0		0		0		2		0	0	0	0
30		0		24		2	3	1		1		0		"Nỏ Thiên Tử"				145		240		260		45			200	0			0		0		40		70		0		0		0		0		0		0		3		0	0	0	0 
100		1		24		2	4	1		1		0		"Cung Huyết Thần"			160		250		270		45			100	0			0		380		31		198		0		0		0		0		0		0		3		0	0	0	0 
101		1		24		2	4	1		1		0		"Cung Hắc Thần"				180		260		280		45			100	0			0		250		31		198		0		0		0		0		0		0		3		0	0	0	0 
102		1		24		2	4	1		1		0		"Cung Thánh Thần"			190		270		290		45			100	0			0		300		29		183		0		0		0		0		0		0		3		0	0	0	0 
103		1		24		2	4	1		1		0		"Cung Thức Tỉnh"			200		280		300		45			100	0			0		380		27		170		0		0		0		0		0		0		3		0	0	0	0 
104		1		24		2	4	1		1		0		"Cung Mắt Xanh"				210		290		310		45			100	0			0		380		14		100		0		0		0		0		0		0		3		0	0	0	0 
105		1		24		2	4	1		1		0		"Cung Tim Bạc"				220		300		320		55			100	0			0		380		14		99		0		0		0		0		0		0		3		0	0	0	0 
106		1		24		2	4	1		1		0		"Cung Mãnh Sư"				230		310		330		55			100	0			0		380		14		99		0		0		0		0		0		0		3		0	0	0	0 
107		1		24		2	4	1		1		0		"Cung Tinh Vân"				240		320		340		55			100	0			0		380		14		99		0		0		0		0		0		0		3		0	0	0	0 
108		1		24		2	4	1		1		0		"Cung Tận Thế"				250		330		350		55			100	0			0		380		14		99		0		0		0		0		0		0		3		0	0	0	0 
109		1		24		2	4	1		1		0		"Cung Sấm Sét"				260		340		360		55			100	0			0		380		14		99		0		0		0		0		0		0		3		0	0	0	0 
110		1		24		2	4	1		1		0		"Cung Huyền Thoại"			270		350		370		55			100	0			0		380		14		99		0		0		0		0		0		0		3		0	0	0	0 
111		1		24		2	4	1		1		0		"Cung Thanh Long"			280		360		380		55			100	0			0		380		14		99		0		0		0		0		0		0		3		0	0	0	0 
112		1		24		2	4	1		1		0		"Cung Thông Thiên"			290		370		390		55			100	0			0		380		14		99		0		0		0		0		0		0		3		0	0	0	0 

end

//Index	Slot	Skill	X	Y	Serial	Option	Drop	Name						level	DamageMin	DamageMax	AttackSpeed	Dur	MagicDur	MagicPW	ReqLvl	ReqStr	ReqDex	ReqEne	ReqVit	ReqLead	SetAttr	DW/SM	DK/BK	ELF/ME	MG	DL SUM	RF
5		
0		0		0		1	3	1		1		1	"Gậy Xương"						6		3		4		20			0	20			6		0		40		0		0		0		0		3		1		0		0		1	0	1	0
1		0		0		2	3	1		1		1	"Gậy Tiên"						18		10		12		25			0	38			20		0		50		0		0		0		0		3		1		0		0		1	0	0	0
2		0		0		2	3	1		1		1	"Gậy Rắn"						30		17		18		25			0	50			34		0		50		0		0		0		0		3		1		0		0		1	0	0	0
3		0		0		2	4	1		1		1	"Gậy Sét"						42		23		25		25			0	60			46		0		40		10		0		0		0		3		1		0		0		1	0	0	0
4		0		0		2	4	1		1		1	"Gậy Đầu Lâu"					52		29		32		25			0	65			58		0		50		0		0		0		0		3		1		0		0		1	0	0	0
5		0		0		1	4	1		1		1	"Gậy Ma Thuật"					59		29		31		25			0	66			59		0		50		0		0		0		0		3		1		0		0		1	0	0	0
6		0		0		1	4	1		1		1	"Gậy Phục Sinh"					70		35		39		25			0	70			70		0		60		10		0		0		0		3		1		0		0		1	0	0	0
7		0		0		2	4	1		1		1	"Gậy Lôi Phong"					75		47		48		30			0	70			94		0		60		10		0		0		0		0		1		0		0		1	0	0	0
8		0		0		2	4	1		1		1	"Gậy Hủy Diệt"					90		50		54		30			0	85			101		0		60		10		0		0		0		3		1		0		0		1	0	0	0
9		0		0		1	4	1		1		0	"Gậy Triệu Hồn"					100		46		48		30			0	91			92		0		52		16		0		0		0		3		2		0		0		0	0	0	0
10		0		0		1	4	1		1		0	"Gậy Hỏa Long"					104		153		165		30			0	182			156		0		36		4		0		0		0		0		1		0		0		1	0	0	0
11		0		0		1	4	1		1		0	"Gậy KunDun"					140		55		61		30			0	95			110		0		45		16		0		0		0		0		2		0		0		1	0	0	0
12		0		0		1	4	1		1		0	"Gậy Thần Ma"					147		66		74		30			0	100			130		380		39		13		0		0		0		0		2		0		0		0	0	0	0
13		0		0		1	4	1		1		0	"Gậy Thiên Sứ"					110		51		53		30			0	78			120		0		50		16		0		0		0		0		2		0		0		0	0	0	0
14		0		0		1	4	1		1		1	"Gậy Phép Thuật"				28		17		18		25			0	50			34		0		34		14		0		0		0		0		0		0		0		0	0	1	0
15		0		0		1	4	1		1		1	"Gậy Gió"						42		23		25		25			0	60			46		0		33		17		0		0		0		0		0		0		0		0	0	1	0
16		0		0		1	4	1		1		0	"Gậy Triệu Hồi"					59		29		31		25			0	65			59		0		36		14		0		0		0		0		0		0		0		0	0	1	0
17		0		0		1	4	1		1		0	"Gậy Ánh Bạc"					78		38		40		25			0	81			76		0		50		19		0		0		0		0		0		0		0		0	0	1	0
18		0		0		1	4	1		1		0	"Kh. Xích Quỷ"					100		46		48		30			0	91			92		0		54		15		0		0		0		0		0		0		0		0	0	2	0
19		0		0		1	4	1		1		0	"Kh. Bão Điện"					110		51		53		30			0	95			110		380		64		15		0		0		0		0		0		0		0		0	0	2	0
21		1		223		1	2	1		1		1	"S. Hỏa Kỳ Lân"					52		0		0		25			0	60			46		0		0		20		135		0		0		0		0		0		0		0	0	1	0
22		1		224		1	2	1		1		1	"S. Quỷ Kiếm"					59		0		0		25			0	65			59		0		0		25		168		0		0		0		0		0		0		0	0	1	0
23		1		225		1	2	1		1		0	"S. Ma Công"					65		0		0		25			0	50			72		0		0		30		201		0		0		0		0		0		0		0	0	1	0
30		0		0		1	4	1		1		0	"Gậy Giác Đấu"					138		57		59		30			0	91			126		380		47		18		0		0		0		3		0		0		0		1	0	0	0
31		0		0		1	4	1		1		0	"Gậy Quỷ Vương"					137		57		61		30			0	182			124		380		48		14		0		0		0		0		2		0		0		0	0	0	0
32		0		0		1	4	1		1		0	"Gậy Chiêm Tinh"				149		59		61		30			0	130			120		380		56		14		0		0		0		0		0		0		0		0	0	2	0 
33		0		0		1	4	1		1		0	"Gậy Mãng Xà"					147		55		57		30			0	78			124		0		50		12		0		0		0		0		2		0		0		1	0	0	0
34		0		0		1	4	1		1		0	"Gậy Hồng Ngọc"					147		70		78		30			0	98			130		0		50		14		0		0		0		0		0		0		0		0	0	2	0
35		0		0		1	4	1		1		0	"Gậy Triệu Hồi"					149		67		69		30			0	80			130		380		46		13		0		0		0		0		3		0		0		3	0	0	0 
36		0		0		1	4	1		1		0	"Gậy Thiên Nữ"					104		153		165		30			0	182			146		0		55		13		0		0		0		0		0		0		0		0	0	1	0
49		0		0		1	4	1		1		0	"Gậy Hỏa Long"					104		80		90		30			0	182			150		0		36		4		0		0		0		0		1		0		0		1	0	0	0 
50		0		0		1	4	1		1		0	"Khuyển Thiên Nữ"				200		80		90		30			0	182			150		0		30		13		0		0		0		0		0		0		0		0	0	3	0 
100		0		0		1	4	1		1		0	"Gậy Huyết Thần"				150		90		100		30			0	100			155		0		47		14		0		0		0		0		3		0		0		3	0	0	0 
101		0		0		1	4	1		1		0	"Khuyển Huyết Thần"				150		90		100		30			0	150			155		0		42		15		0		0		0		0		0		0		0		0	0	3	0 
102		0		0		1	4	1		1		0	"Gậy Hắc Thần"					160		100		110		30			0	100			160		250		47		14		0		0		0		0		3		0		0		3	0	0	0 
103		0		0		1	4	1		1		0	"Khuyển Hắc Thần"				160		100		110		30			0	100			160		250		42		15		0		0		0		0		0		0		0		0	0	3	0 
104		0		0		1	4	1		1		0	"Gậy Thánh Thần"				180		110		120		30			0	100			165		300		44		13		0		0		0		0		3		0		0		3	0	0	0 
105		0		0		1	4	1		1		0	"Khuyển Thánh Thần"				180		110		120		30			0	100			165		300		39		14		0		0		0		0		0		0		0		0	0	3	0 
106		0		0		1	4	1		1		0	"Gậy Thức Tỉnh"					200		120		130		30			0	100			170		350		41		12		0		0		0		0		3		0		0		3	0	0	0 
107		0		0		1	4	1		1		0	"Khuyển Thức Tỉnh"				200		120		130		30			0	100			170		350		37		13		0		0		0		0		0		0		0		0	0	3	0 
108		0		0		1	4	1		1		0	"Gậy Mắt Xanh"					220		130		140		30			0	100			175		380		20		6		0		0		0		0		3		0		0		3	0	0	0 
109		0		0		1	4	1		1		0	"Khuyển Mắt Xanh"				220		130		140		30			0	100			175		380		20		6		0		0		0		0		0		0		0		0	0	3	0 
110		0		0		1	4	1		1		0	"Gậy Tim Bạc"					220		140		150		30			0	100			180		380		20		6		0		0		0		0		3		0		0		3	0	0	0 
111		0		0		1	4	1		1		0	"Khuyển Tim Bạc"				220		140		150		30			0	100			180		380		20		6		0		0		0		0		0		0		0		0	0	3	0 
112		0		0		1	4	1		1		0	"Gậy Mãnh Sư"					220		150		160		30			0	245			185		380		20		6		0		0		0		0		3		0		0		3	0	0	0 
113		0		0		1	4	1		1		0	"Khuyển Mãnh Sư"				220		150		160		30			0	100			185		380		20		6		0		0		0		0		0		0		0		0	0	3	0 
114		0		0		1	4	1		1		0	"Gậy Tinh Vân"					220		160		170		30			0	245			190		380		20		6		0		0		0		0		3		0		0		3	0	0	0 
115		0		0		1	4	1		1		0	"Khuyển Tinh Vân"				220		160		170		30			0	100			190		380		20		6		0		0		0		0		0		0		0		0	0	3	0 
116		0		0		1	4	1		1		0	"Gậy Tận Thế"					220		170		180		30			0	245			195		380		20		6		0		0		0		0		3		0		0		3	0	0	0 
117		0		0		1	4	1		1		0	"Khuyển Tận Thế"				220		170		180		30			0	100			195		380		20		6		0		0		0		0		0		0		0		0	0	3	0 
118		0		0		1	4	1		1		0	"Gậy Sấm Sét"					220		180		190		30			0	245			200		380		20		6		0		0		0		0		3		0		0		3	0	0	0 
119		0		0		1	4	1		1		0	"Khuyển Sấm Sét"				220		180		190		30			0	100			200		380		20		6		0		0		0		0		0		0		0		0	0	3	0 
120		0		0		1	4	1		1		0	"Gậy Huyền Thoại"				220		190		200		30			0	245			205		380		20		6		0		0		0		0		3		0		0		3	0	0	0 
121		0		0		1	4	1		1		0	"Khuyển Huyền Thoại"			220		190		200		30			0	100			205		380		20		6		0		0		0		0		0		0		0		0	0	3	0 
122		0		0		1	4	1		1		0	"Gậy Thanh Long"				220		200		210		30			0	245			210		380		20		6		0		0		0		0		3		0		0		3	0	0	0 
123		0		0		1	4	1		1		0	"Khuyển Thanh Long"				220		200		210		30			0	100			210		380		20		6		0		0		0		0		0		0		0		0	0	3	0 
124		0		0		1	4	1		1		0	"Gậy Thông Thiên"				220		210		220		30			0	245			215		380		20		6		0		0		0		0		3		0		0		3	0	0	0 
125		0		0		1	4	1		1		0	"Khuyển Thông Thiên"			220		210		220		30			0	100			215		380		20		6		0		0		0		0		0		0		0		0	0	3	0 

end

//Index	Slot	Skill	X	Y	Serial	Option	Drop	Name					level	Defense	SuccessfulBlocking	Dur	ReqLvl	ReqStr	ReqDex	ReqEne	ReqVit	ReqLead	SetAttr	DW/SM	DK/BK	ELF/ME	MG	DL SUM	RF
6
0		1		0		2	2	1		1		1	"Khiên Tròn"				3		1		3		22			0	70			0		0		0		0		4		1		1		1		1		1		0		0
1		1		0		2	2	1		1		1	"Khiên Sừng"				9		3		9		28			0	100			0		0		0		0		4		0		1		0		1		1		0		0
2		1		0		2	2	1		1		1	"Khiên Diều"				12		4		12		32			0	110			0		0		0		0		4		0		1		0		1		1		0		0
3		1		0		2	2	1		1		1	"Khiên Tiên Nữ"				21		8		21		36			0	30			100		0		0		0		4		0		0		1		0		0		0		0
4		1		18		2	2	1		1		1	"Khiên Sắt"					6		2		6		24			0	80			0		0		0		0		4		1		1		1		1		1		0		0
5		1		18		2	2	1		1		1	"Khiên Kim Long"			35		10		36		44			0	100			40		0		0		0		4		0		1		0		1		1		0		0
6		1		18		2	2	1		1		1	"Khiên Xương"				15		5		15		34			0	110			0		0		0		0		4		1		1		1		1		1		0		0
7		1		18		2	2	1		1		1	"Khiên Chông"				30		9		30		40			0	130			0		0		0		0		4		0		1		0		1		1		0		0
8		1		18		2	2	1		1		1	"Khiên Trụ"					40		11		40		46			0	130			0		0		0		0		4		0		1		1		1		1		0		0
9		1		18		2	2	1		1		1	"Khiên Gia Huy"				25		8		25		38			0	120			0		0		0		0		4		0		1		0		1		1		0		0
10		1		18		2	2	1		1		1	"Khiên Bạc"					18		6		18		35			0	120			0		0		0		0		4		0		1		0		1		1		0		0
11		1		18		2	2	1		1		1	"Khiên Xà"					45		12		45		48			0	130			0		0		0		0		4		0		1		1		1		1		0		0
12		1		18		2	2	1		1		1	"Khiên Ngưu Vương"			54		13		54		52			0	140			0		0		0		0		4		0		1		0		1		0		0		0
13		1		18		2	2	1		1		0	"Khiên Hỏa Long"			60		14		60		60			0	120			40		0		0		0		4		0		1		0		1		0		0		0
14		1		0		2	3	1		1		1	"Khiên Ma Thuật"			48		7		48		50			0	90			25		0		0		0		4		1		0		1		1		0		0		0
15		1		0		2	3	1		1		0	"Khiên Triệu Hồn"			74		12		55		55			0	70			23		0		0		0		4		2		0		0		0		0		0		0
16		1		0		2	2	1		1		0	"Khiên Thánh Nữ"			66		11		28		51			0	30			60		30		0		0		4		0		0		2		0		0		0		0
17		1		18		2	2	1		1		0	"Khiên Vinh Quang"			104		19		90		51			380	95			48		0		0		0		4		0		2		0		0		0		0		0
18		1		18		2	2	1		1		0	"Khiên Giác Đấu"			102		20		96		51			380	80			61		0		0		0		4		0		0		0		1		0		0		0
19		1		0		2	2	1		1		0	"Khiên Băng Tinh"			99		14		58		51			380	26			53		26		0		0		4		0		0		2		0		0		0		0
20		1		18		2	2	1		1		0	"Khiên Bạch Dương"			106		12		30		51			380	54			18		0		0		0		4		2		0		0		0		0		0		0
21		1		18		2	2	1		1		0	"Khiên Thập Tự"				70		16		75		65			0	140			55		0		0		0		4		0		0		0		0		1		0		0

100		1		18		2	2	1		1		0	"Khiên Huyết Thân"				160		50		100		100			380	50			55		0		0		0		0		3		3		0		3		3		3		0 
101		1		18		2	2	1		1		0	"Khiên Hắc Thần"				180		50		120		100			380	50			55		0		0		0		0		3		3		0		3		3		3		0 
102		1		18		2	2	1		1		0	"Khiên Thánh Thần"				200		50		140		100			380	50			55		0		0		0		0		3		3		0		3		3		3		0 
103		1		18		2	2	1		1		0	"Khiên Thức Tỉnh"				220		50		160		100			380	50			55		0		0		0		0		3		3		0		3		3		3		0 
104		1		18		2	2	1		1		0	"Khiên Mắt Xanh"				240		50		180		100			380	50			55		0		0		0		0		3		3		0		3		3		3		0 
105		1		18		2	2	1		1		0	"Khiên Tim Bạc"					260		50		200		100			380	50			55		0		0		0		0		3		3		0		3		3		3		0 
106		1		18		2	2	1		1		0	"Khiên Mãnh Sư"					280		50		220		100			380	50			55		0		0		0		0		3		3		0		3		3		3		0 
107		1		18		2	2	1		1		0	"Khiên Tinh Vân"				280		50		240		100			380	50			55		0		0		0		0		3		3		0		3		3		3		0 
108		1		18		2	2	1		1		0	"Khiên Tận Thế"					280		50		4		100			380	50			55		0		0		0		0		3		3		0		3		3		3		0 
109		1		18		2	2	1		1		0	"Khiên Sấm Sét"					280		50		24		100			380	50			55		0		0		0		0		3		3		0		3		3		3		0 
110		1		18		2	2	1		1		0	"Khiên Huyền Thoại"				280		50		24		100			380	50			55		0		0		0		0		3		3		0		3		3		3		0 
111		1		18		2	2	1		1		0	"Khiên Thanh Long"				280		50		24		100			380	50			55		0		0		0		0		3		3		0		3		3		3		0 
112		1		18		2	2	1		1		0	"Khiên Thông Thiên"				280		50		24		100			380	50			55		0		0		0		0		3		3		0		3		3		3		0 

end

//Index	Slot	Skill	X	Y	Serial	Option	Drop	Name			level	Defense	MagicDefense	Dur	ReqLvl	ReqStr	ReqDex	ReqEne	ReqVit	ReqLead	SetAttr	DW/SM	DK/BK	ELF/ME	MG	DL SUM	RF
7
0		2	0	2	2	1	1	1		"Mũ Đồng"					16		9		0		34		0		80		20		0		0		0		4		0		1		0		0		1		0		0
1		2	0	2	2	1	1	1		"Mũ Hỏa Long"				57		24		0		68		0		120		30		0		0		0		4		0		1		0		0		0		0		0
2		2	0	2	2	1	1	1		"Mũ Vải Thô"				5		4		0		28		0		20		0		0		0		0		4		1		0		0		0		0		0		0
3		2	0	2	2	1	1	1		"Mũ Ma Thuật"				50		18		0		42		0		30		0		0		0		0		4		1		0		0		0		0		0		0
4		2	0	2	2	1	1	1		"Mũ Xương"					18		9		0		30		0		30		0		0		0		0		4		1		0		0		0		0		0		0
5		2	0	2	2	1	1	1		"Mũ Da"						6		5		0		30		0		80		0		0		0		0		4		0		1		0		0		1		0		1
6		2	0	2	2	1	1	1		"Mũ Trâu Xanh"				26		12		0		40		0		110		0		0		0		0		4		0		1		0		0		1		0		1
7		2	0	2	2	1	1	1		"Mũ Nhân Sư"				32		13		0		36		0		30		0		0		0		0		4		1		0		0		0		0		0		0
8		2	0	2	2	1	1	1		"Mũ Thiên Kim"				36		17		0		44		0		100		30		0		0		0		4		0		1		0		0		0		0		1
9		2	0	2	2	1	1	1		"Mũ Thiết Phiến"			46		20		0		50		0		130		0		0		0		0		4		0		1		0		0		0		0		1
10		2	0	2	2	1	1	1		"Mũ Trinh Nữ"				6		4		0		22		0		30		60		0		0		0		4		0		0		1		0		0		0		0
11		2	0	2	2	1	1	1		"Mũ Lụa"					16		8		0		26		0		30		70		0		0		0		4		0		0		1		0		0		0		0
12		2	0	2	2	1	1	1		"Mũ Thiên Thanh"			28		12		0		32		0		30		80		0		0		0		4		0		0		1		0		0		0		0
13		2	0	2	2	1	1	1		"Mũ Ngọc Bích"				40		16		0		38		0		40		80		0		0		0		4		0		0		1		0		0		0		0
14		2	0	2	2	1	1	1		"Mũ Kim Ngân"				53		23		0		45		0		40		80		0		0		0		4		0		0		1		0		0		0		0
16		2	0	2	2	1	1	0		"Mũ Hắc Long"				82		30		0		74		0		170		60		0		0		0		4		0		1		0		0		0		0		0
17		2	0	2	2	1	1	0		"Mũ Phượng Hoàng"			92		43		0		80		0		205		62		0		0		0		4		0		2		0		0		0		0		0
18		2	0	2	2	1	1	0		"Mũ Triệu Hồn"				81		27		0		67		0		59		20		0		0		0		4		2		0		0		0		0		0		0
19		2	0	2	2	1	1	0		"Mũ Giai Nhân"				85		37		0		74		0		50		110		0		0		0		4		0		0		2		0		0		0		0
21		2	0	2	2	1	1	0		"Mũ Thần Long"				104		53		0		86		0		200		58		0		0		0		4		0		2		0		0		0		0		0
22		2	0	2	2	1	1	0		"Mũ Ma Vương"				110		36		0		75		0		55		18		0		0		0		4		2		0		0		0		0		0		0
24		2	0	2	2	1	1	0		"Mũ Thánh Nữ"				93		46		0		80		0		52		115		0		0		0		4		0		0		2		0		0		0		0
25		2	0	2	2	1	1	1		"Mũ Thiết Ma"				46		20		0		42		0		70		20		0		0		0		4		0		0		0		0		1		0		0
26		2	0	2	2	1	1	1		"Mũ Huyền Thiết"			66		24		0		56		0		77		21		0		0		0		4		0		0		0		0		1		0		0
27		2	0	2	2	1	1	0		"Mũ Hắc Vương"				86		26		0		70		0		84		22		0		0		0		4		0		0		0		0		1		0		0
28		2	0	2	2	1	1	0		"Mũ Chí Tôn"				106		34		0		78		0		80		21		0		0		0		4		0		0		0		0		1		0		0
29		2	0	2	2	1	1	0		"Mũ Quyền Năng"				130		66		0		90		380		170		60		0		0		0		0		0		2		0		0		0		0		0
30		2	0	2	2	1	1	0		"Mũ Thần Ma"				126		48		0		86		380		44		15		0		0		0		0		2		0		0		0		0		0		0
31		2	0	2	2	1	1	0		"Mũ Thái Bình"				126		57		0		86		380		38		80		0		0		0		0		0		0		2		0		0		0		0
33		2	0	2	2	1	1	0		"Mũ Thái Dương"				130		46		0		82		380		62		16		0		0		0		0		0		0		0		0		1		0		0
34		2	0	2	2	1	1	0		"Mũ Hắc Điểu"				67		27		0		72		0		160		50		0		0		0		0		0		1		0		0		0		0		0
35		2	0	2	2	1	1	0		"Mũ Ánh Trăng"				67		22		0		54		0		53		12		0		0		0		0		1		0		0		0		0		0		0
36		2	0	2	2	1	1	0		"Mũ Nữ Thần"				67		30		0		59		0		50		70		0		0		0		0		0		0		1		0		0		0		0
38		2	0	2	2	1	1	0		"Mũ Hoàng Kim"				97		30		0		74		0		80		21		0		0		0		0		0		0		0		0		1		0		0
39		2	0	2	2	1	1	1		"Mũ Thuật Sĩ"				28		13		0		36		0		31		0		0		0		0		4		0		0		0		0		0		1		0
40		2	0	2	2	1	1	0		"Mũ Hỏa Thiên"				50		18		0		42		0		26		4		0		0		0		4		0		0		0		0		0		1		0
41		2	0	2	2	1	1	0		"Mũ Ma Pháp"				68		24		0		54		0		52		16		0		0		0		4		0		0		0		0		0		1		0
42		2	0	2	2	1	1	0		"Mũ Phục Ma"				81		32		0		67		0		60		20		0		0		0		0		0		0		0		0		0		2		0
43		2	0	2	2	1	1	0		"Mũ Bão Điện"				110		43		0		75		380		56		20		0		0		0		0		0		0		0		0		0		2		0
44		2	0	2	2	1	1	0		"Mũ Nữ Vương"				116		35		0		86		380		62		20		170		0		0		0		0		0		0		0		0		2		0
45		2	0	2	2	1	1	0		"Mũ Thần Thoại"				111		63		0		86		380		222		32		0		0		0		0		0		1		0		0		0		0		0
46		2	0	2	2	1	1	0		"Mũ Hoàng Long"				107		51		0		86		380		74		162		0		0		0		0		0		1		0		0		0		0		0
49		2	0	2	2	1	1	0		"Mũ Thiên Vũ"				111		50		0		86		380		55		197		0		0		0		0		0		0		1		0		0		0		0
50		2	0	2	2	1	1	0		"Mũ Anh Vũ"					104		44		0		86		380		32		29		138		0		0		0		0		0		1		0		0		0		0
51		2	0	2	2	1	1	0		"Mũ Đế Vương"				111		44		0		86		380		105		38		0		0		0		0		0		0		0		0		1		0		0
52		2	0	2	2	1	1	0		"Mũ Quỷ Vương"				109		41		0		86		380		60		15		181		0		0		0		1		0		0		0		0		0		0
53		2	0	2	2	1	1	0		"Mũ Chiêm Tinh"				112		80		0		86		380		60		15		0		0		0		0		0		0		0		0		0		3		0 
59		2	0	2	2	1	1	0		"Mũ Địa Long"				54		24		0		52		0		85		0		0		75		0		2		0		0		0		0		0		0		1
60		2	0	2	2	1	1	0		"Mũ Bạch Hổ"				70		32		0		68		0		100		0		0		90		0		0		0		0		0		0		0		0		1
61		2	0	2	2	1	1	0		"Mũ Quyền Lực"				90		45		0		82		0		115		0		0		100		0		0		0		0		0		0		0		0		1
73		2	0	2	2	1	1	0		"Mũ Bạch Long"				128		60		0		88		380		97		0		0		85		0		0		0		0		0		0		0		0		1
77		2	0	2	2	1	1	0		"Mũ Huyết Long"				128		60		0		88		380		97		0		0		85		0		0		0		0		0		0		0		0		3 

100		2	0	2	2	1	1	0		"Mũ Huyết Thần DK"			130		68		0		90		380		170		60		0		0		0		0		0		3		0		0		0		0		0 
101		2	0	2	2	1	1	0		"Mũ Huyết Thần DW"			130		50		0		86		380		44		15		0		0		0		0		3		0		0		0		0		0		0 
102		2	0	2	2	1	1	0		"Mũ Huyết Thần ELF"			130		59		0		86		380		38		80		0		0		0		0		0		0		3		0		0		0		0 
103		2	0	2	2	1	1	0		"Mũ Huyết Thần SM"			130		46		0		86		380		62		20		170		0		0		0		0		0		0		0		0		3		0 
105		2	0	2	2	1	1	0		"Mũ Huyết Thần DL"			130		35		0		82		380		62		16		0		0		0		0		0		0		0		0		3		0		0 
106		2	0	2	2	1	1	0		"Mũ Huyết Thần RF"			130		62		0		88		380		97		0		0		85		0		0		0		0		0		0		0		0		3 
107		2	0	2	2	1	1	0		"Mũ Hắc Thần DK"			140		72		0		90		380		170		60		0		0		0		0		0		3		0		0		0		0		0 
108		2	0	2	2	1	1	0		"Mũ Hắc Thần DW"			140		54		0		86		380		44		15		0		0		0		0		3		0		0		0		0		0		0 
109		2	0	2	2	1	1	0		"Mũ Hắc Thần Elf"			140		63		0		86		380		38		80		0		0		0		0		0		0		3		0		0		0		0 
110		2	0	2	2	1	1	0		"Mũ Hắc Thần SM"			140		50		0		82		380		62		16		0		0		0		0		0		0		0		0		0		3		0 
112		2	0	2	2	1	1	0		"Mũ Hắc Thần DL"			140		39		0		86		380		62		20		170		0		0		0		0		0		0		0		3		0		0 
113		2	0	2	2	1	1	0		"Mũ Hắc Thần RF"			140		66		0		88		380		97		0		0		85		0		0		0		0		0		0		0		0		3 
114		2	0	2	2	1	1	0		"Mũ Thánh Thần DK"			150		74		0		90		380		170		60		0		0		0		0		0		3		0		0		0		0		0 
115		2	0	2	2	1	1	0		"Mũ Thánh Thần DW"			150		56		0		86		380		44		15		0		0		0		0		3		0		0		0		0		0		0 
116		2	0	2	2	1	1	0		"Mũ Thánh Thần Elf"			150		65		0		86		380		38		80		0		0		0		0		0		0		3		0		0		0		0 
117		2	0	2	2	1	1	0		"Mũ Thánh Thần SM"			150		52		0		82		380		62		16		0		0		0		0		0		0		0		0		0		3		0 
119		2	0	2	2	1	1	0		"Mũ Thánh Thần DL"			150		41		0		86		380		62		20		170		0		0		0		0		0		0		0		3		0		0 
120		2	0	2	2	1	1	0		"Mũ Thánh Thần RF"			150		68		0		88		380		97		0		0		85		0		0		0		0		0		0		0		0		3 
121		2	0	2	2	1	1	0		"Mũ Thức Tỉnh DK"			160		70		0		90		380		170		60		0		0		0		0		0		3		0		0		0		0		0 
122		2	0	2	2	1	1	0		"Mũ Thức Tỉnh DW"			160		52		0		86		380		44		15		0		0		0		0		3		0		0		0		0		0		0 
123		2	0	2	2	1	1	0		"Mũ Thức Tỉnh Elf"			160		61		0		86		380		38		80		0		0		0		0		0		0		3		0		0		0		0 
124		2	0	2	2	1	1	0		"Mũ Thức Tỉnh SM"			160		48		0		82		380		62		16		0		0		0		0		0		0		0		0		0		3		0 
126		2	0	2	2	1	1	0		"Mũ Thức Tỉnh DL"			160		37		0		86		380		62		20		170		0		0		0		0		0		0		0		3		0		0 
127		2	0	2	2	1	1	0		"Mũ Thức Tỉnh RF"			160		64		0		88		380		97		0		0		85		0		0		0		0		0		0		0		0		3 
128		2	0	2	2	1	1	0		"Mũ Mắt Xanh DK"			170		76		0		90		380		170		60		0		0		0		0		0		3		0		0		0		0		0 
129		2	0	2	2	1	1	0		"Mũ Mắt Xanh DW"			170		58		0		86		380		44		15		0		0		0		0		3		0		0		0		0		0		0 
130		2	0	2	2	1	1	0		"Mũ Mắt Xanh Elf"			170		67		0		86		380		38		80		0		0		0		0		0		0		3		0		0		0		0 
131		2	0	2	2	1	1	0		"Mũ Mắt Xanh SM"			170		54		0		82		380		62		16		0		0		0		0		0		0		0		0		0		3		0 
133		2	0	2	2	1	1	0		"Mũ Mắt Xanh DL"			170		43		0		86		380		62		20		170		0		0		0		0		0		0		0		3		0		0 
134		2	0	2	2	1	1	0		"Mũ Mắt Xanh RF"			170		70		0		88		380		97		0		0		85		0		0		0		0		0		0		0		0		3 
135		2	0	2	2	1	1	0		"Mũ Tim Bạc DK"				180		78		0		90		380		170		60		0		0		0		0		0		3		0		0		0		0		0 
136		2	0	2	2	1	1	0		"Mũ Tim Bạc DW"				180		60		0		86		380		44		15		0		0		0		0		3		0		0		0		0		0		0 
137		2	0	2	2	1	1	0		"Mũ Tim Bạc Elf"			180		69		0		86		380		38		80		0		0		0		0		0		0		3		0		0		0		0 
138		2	0	2	2	1	1	0		"Mũ Tim Bạc SM"				180		56		0		75		380		57		19		0		0		0		0		0		0		0		0		0		3		0 
140		2	0	2	2	1	1	0		"Mũ Tim Bạc DL"				180		45		0		82		380		62		16		170		0		0		0		0		0		0		0		3		0		0 
141		2	0	2	2	1	1	0		"Mũ Tim Bạc RF"				180		72		0		88		380		97		0		0		85		0		0		0		0		0		0		0		0		3 
142		2	0	2	2	1	1	0		"Mũ Mãnh Sư DK"				190		80		0		90		380		170		60		0		0		0		0		0		3		0		0		0		0		0 
143		2	0	2	2	1	1	0		"Mũ Mãnh Sư DW"				190		62		0		86		380		44		15		0		0		0		0		3		0		0		0		0		0		0 
144		2	0	2	2	1	1	0		"Mũ Mãnh Sư Elf"			190		71		0		86		380		38		80		0		0		0		0		0		0		3		0		0		0		0 
145		2	0	2	2	1	1	0		"Mũ Mãnh Sư SM"				190		58		0		75		380		57		19		0		0		0		0		0		0		0		0		0		3		0 
147		2	0	2	2	1	1	0		"Mũ Mãnh Sư DL"				190		47		0		82		380		62		16		170		0		0		0		0		0		0		0		3		0		0 
148		2	0	2	2	1	1	0		"Mũ Mãnh Sư RF"				190		74		0		88		380		97		0		0		85		0		0		0		0		0		0		0		0		3 
149		2	0	2	2	1	1	0		"Mũ Tinh Vân DK"			200		82		0		90		380		170		60		0		0		0		0		0		3		0		0		0		0		0 
150		2	0	2	2	1	1	0		"Mũ Tinh Vân DW"			200		64		0		86		380		44		15		0		0		0		0		3		0		0		0		0		0		0 
151		2	0	2	2	1	1	0		"Mũ Tinh Vân Elf"			200		73		0		86		380		38		80		0		0		0		0		0		0		3		0		0		0		0 
152		2	0	2	2	1	1	0		"Mũ Tinh Vân SM"			200		60		0		75		380		57		19		0		0		0		0		0		0		0		0		0		3		0 
154		2	0	2	2	1	1	0		"Mũ Tinh Vân DL"			200		49		0		82		380		62		16		170		0		0		0		0		0		0		0		3		0		0 
155		2	0	2	2	1	1	0		"Mũ Tinh Vân RF"			200		76		0		88		380		97		0		0		85		0		0		0		0		0		0		0		0		3 
156		2	0	2	2	1	1	0		"Mũ Tận Thế DK"				210		82		0		90		380		170		60		0		0		0		0		0		3		0		0		0		0		0 
157		2	0	2	2	1	1	0		"Mũ Tận Thế DW"				210		64		0		86		380		44		15		0		0		0		0		3		0		0		0		0		0		0 
158		2	0	2	2	1	1	0		"Mũ Tận Thế Elf"			210		73		0		86		380		38		80		0		0		0		0		0		0		3		0		0		0		0 
159		2	0	2	2	1	1	0		"Mũ Tận Thế SM"				210		60		0		75		380		57		19		0		0		0		0		0		0		0		0		0		3		0 
161		2	0	2	2	1	1	0		"Mũ Tận Thế DL"				210		49		0		82		380		62		16		170		0		0		0		0		0		0		0		3		0		0 
162		2	0	2	2	1	1	0		"Mũ Tận Thế RF"				210		76		0		88		380		97		0		0		85		0		0		0		0		0		0		0		0		3 
163		2	0	2	2	1	1	0		"Mũ Sấm Sét DK"				220		82		0		90		380		170		60		0		0		0		0		0		3		0		0		0		0		0 
164		2	0	2	2	1	1	0		"Mũ Sấm Sét DW"				220		64		0		86		380		44		15		0		0		0		0		3		0		0		0		0		0		0 
165		2	0	2	2	1	1	0		"Mũ Sấm Sét Elf"			220		73		0		86		380		38		80		0		0		0		0		0		0		3		0		0		0		0 
166		2	0	2	2	1	1	0		"Mũ Sấm Sét SM"				220		60		0		75		380		57		19		0		0		0		0		0		0		0		0		0		3		0 
168		2	0	2	2	1	1	0		"Mũ Sấm Sét DL"				220		49		0		82		380		62		16		170		0		0		0		0		0		0		0		3		0		0 
169		2	0	2	2	1	1	0		"Mũ Sấm Sét RF"				220		76		0		88		380		97		0		0		85		0		0		0		0		0		0		0		0		3 
170		2	0	2	2	1	1	0		"Mũ Huyền Thoại DK"			220		82		0		90		380		170		60		0		0		0		0		0		3		0		0		0		0		0 
171		2	0	2	2	1	1	0		"Mũ Huyền Thoại DW"			220		64		0		86		380		44		15		0		0		0		0		3		0		0		0		0		0		0 
172		2	0	2	2	1	1	0		"Mũ Huyền Thoại Elf"		220		73		0		86		380		38		80		0		0		0		0		0		0		3		0		0		0		0 
173		2	0	2	2	1	1	0		"Mũ Huyền Thoại SM"			220		60		0		75		380		57		19		0		0		0		0		0		0		0		0		0		3		0 
175		2	0	2	2	1	1	0		"Mũ Huyền Thoại DL"			220		49		0		82		380		62		16		170		0		0		0		0		0		0		0		3		0		0 
176		2	0	2	2	1	1	0		"Mũ Huyền Thoại RF"			220		76		0		88		380		97		0		0		85		0		0		0		0		0		0		0		0		3 
177		2	0	2	2	1	1	0		"Mũ Thanh Long DK"			220		82		0		90		380		170		60		0		0		0		0		0		3		0		0		0		0		0 
178		2	0	2	2	1	1	0		"Mũ Thanh Long DW"			220		64		0		86		380		44		15		0		0		0		0		3		0		0		0		0		0		0 
179		2	0	2	2	1	1	0		"Mũ Thanh Long Elf"			220		73		0		86		380		38		80		0		0		0		0		0		0		3		0		0		0		0 
180		2	0	2	2	1	1	0		"Mũ Thanh Long SM"			220		60		0		75		380		57		19		0		0		0		0		0		0		0		0		0		3		0 
182		2	0	2	2	1	1	0		"Mũ Thanh Long DL"			220		49		0		82		380		62		16		170		0		0		0		0		0		0		0		3		0		0 
183		2	0	2	2	1	1	0		"Mũ Thanh Long RF"			220		76		0		88		380		97		0		0		85		0		0		0		0		0		0		0		0		3 
184		2	0	2	2	1	1	0		"Mũ Thông Thiên DK"			220		82		0		90		380		170		60		0		0		0		0		0		3		0		0		0		0		0 
185		2	0	2	2	1	1	0		"Mũ Thông Thiên DW"			220		64		0		86		380		44		15		0		0		0		0		3		0		0		0		0		0		0 
186		2	0	2	2	1	1	0		"Mũ Thông Thiên Elf"		220		73		0		86		380		38		80		0		0		0		0		0		0		3		0		0		0		0 
187		2	0	2	2	1	1	0		"Mũ Thông Thiên SM"			220		60		0		75		380		57		19		0		0		0		0		0		0		0		0		0		3		0 
189		2	0	2	2	1	1	0		"Mũ Thông Thiên DL"			220		49		0		82		380		62		16		170		0		0		0		0		0		0		0		3		0		0 
190		2	0	2	2	1	1	0		"Mũ Thông Thiên RF"			220		76		0		88		380		97		0		0		85		0		0		0		0		0		0		0		0		3 
end

//Index	Slot	Skill	X	Y	Serial	Option	Drop	Name			level	Defense	MagicDefense	Dur	ReqLvl	ReqStr	ReqDex	ReqEne	ReqVit	ReqLead	SetAttr	DW/SM	DK/BK	ELF/ME	MG	DL SUM	RF
8
0		3		0		2		2		1		1		1		"Áo Đồng"					18		14		0		34		0		80		20		0		0		0		4		0		1		0		1		1		0		0 
1		3		0		2		3		1		1		1		"Áo Hỏa Long"				59		37		0		68		0		120		30		0		0		0		4		0		1		0		1		0		0		0 
2		3		0		2		2		1		1		1		"Áo Vải Thô"				10		7		0		28		0		30		0		0		0		0		4		1		0		0		1		0		0		0 
3		3		0		2		2		1		1		1		"Áo Ma Thuật"				56		22		0		42		0		40		0		0		0		0		4		1		0		0		1		0		0		0 
4		3		0		2		2		1		1		1		"Áo Xương"					22		13		0		30		0		40		0		0		0		0		4		1		0		0		1		0		0		0 
5		3		0		2		3		1		1		1		"Áo Da"						10		10		0		30		0		80		0		0		0		0		4		0		1		0		1		1		0		1 
6		3		0		2		2		1		1		1		"Áo Trâu Xanh"				28		18		0		40		0		110		0		0		0		0		4		0		1		0		1		1		0		1 
7		3		0		2		3		1		1		1		"Áo Nhân Sư"				38		17		0		36		0		40		0		0		0		0		4		1		0		0		1		0		0		0 
8		3		0		2		2		1		1		1		"Áo Thiên Kim"				38		22		0		44		0		100		30		0		0		0		4		0		1		0		1		0		0		1 
9		3		0		2		2		1		1		1		"Áo Thiết Phiến"			48		30		0		50		0		130		0		0		0		0		4		0		1		0		1		0		0		1 
10		3		0		2		2		1		1		1		"Áo Trinh Nữ"				10		8		0		22		0		30		60		0		0		0		4		0		0		1		0		0		0		0 
11		3		0		2		2		1		1		1		"Áo Lụa"					20		12		0		26		0		30		70		0		0		0		4		0		0		1		0		0		0		0 
12		3		0		2		2		1		1		1		"Áo Thiên Thanh"			32		16		0		32		0		30		80		0		0		0		4		0		0		1		0		0		0		0 
13		3		0		2		2		1		1		1		"Áo Ngọc Bích"				44		21		0		38		0		40		80		0		0		0		4		0		0		1		0		0		0		0 
14		3		0		2		2		1		1		1		"Áo Kim Ngân"				57		29		0		45		0		40		80		0		0		0		4		0		0		1		0		0		0		0 
15		3		0		2		3		1		1		0		"Áo Phong Vũ"				80		44		0		80		0		150		70		0		0		0		4		0		0		0		1		0		0		0 
16		3		0		2		3		1		1		0		"Áo Hắc Long"				90		48		0		74		0		170		60		0		0		0		4		0		1		0		0		0		0		0 
17		3		0		2		3		1		1		0		"Áo Phượng Hoàng"			100		63		0		80		0		214		65		0		0		0		4		0		2		0		0		0		0		0 
18		3		0		2		3		1		1		0		"Áo Triệu Hồn"				91		33		0		67		0		59		20		0		0		0		4		2		0		0		0		0		0		0 
19		3		0		2		2		1		1		0		"Áo Giai Nhân"				92		44		0		74		0		50		110		0		0		0		4		0		0		2		0		0		0		0 
20		3		0		2		3		1		1		0		"Áo Lôi Phong"				107		60		0		82		0		170		70		0		0		0		4		0		0		0		1		0		0		0 
21		3		0		2		3		1		1		0		"Áo Thần Long"				126		75		0		86		0		200		58		0		0		0		4		0		2		0		0		0		0		0 
22		3		0		2		3		1		1		0		"Áo Ma Vương"				122		43		0		75		0		55		18		0		0		0		4		2		0		0		0		0		0		0 
23		3		0		2		3		1		1		0		"Áo Cuồng Phong"			128		73		0		90		0		162		66		0		0		0		4		0		0		0		1		0		0		0 
24		3		0		2		2		1		1		0		"Áo Thánh Nữ"				109		55		0		80		0		52		115		0		0		0		4		0		0		2		0		0		0		0 
25		3		0		2		3		1		1		1		"Áo Thiết Ma"				62		25		0		42		0		70		20		0		0		0		4		0		0		0		0		1		0		0 
26		3		0		2		3		1		1		1		"Áo Huyền Thiết"			78		36		0		56		0		77		21		0		0		0		4		0		0		0		0		1		0		0 
27		3		0		2		3		1		1		0		"Áo Hắc Vương"				96		43		0		70		0		84		22		0		0		0		4		0		0		0		0		1		0		0 
28		3		0		2		3		1		1		0		"Áo Chí Tôn"				117		51		0		78		0		80		21		0		0		0		4		0		0		0		0		1		0		0 
29		3		0		2		3		1		1		0		"Áo Quyền Năng"				140		88		0		90		380		170		60		0		0		0		0		0		2		0		0		0		0		0 
30		3		0		2		3		1		1		0		"Áo Thần Ma"				146		57		0		86		380		44		15		0		0		0		0		2		0		0		0		0		0		0 
31		3		0		2		3		1		1		0		"Áo Thái Bình"				146		68		0		86		380		38		80		0		0		0		0		0		0		2		0		0		0		0 
32		3		0		2		3		1		1		0		"Áo Hồng Long"				147		86		0		95		380		145		60		0		0		0		0		0		0		0		1		0		0		0 
33		3		0		2		3		1		1		0		"Áo Thái Dương"				147		64		0		82		380		62		16		0		0		0		0		0		0		0		0		1		0		0 
34		3		0		2		3		1		1		0		"Áo Hắc Điểu"				75		42		0		72		0		160		50		0		0		0		0		0		1		0		0		0		0		0 
35		3		0		2		3		1		1		0		"Áo Ánh Trăng"				75		27		0		54		0		53		12		0		0		0		0		1		0		0		0		0		0		0 
36		3		0		2		3		1		1		0		"Áo Nữ Thần"				75		36		0		59		0		50		70		0		0		0		0		0		0		1		0		0		0		0 
37		3		0		2		3		1		1		0		"Áo Hỏa Thần"				105		52		0		81		0		155		50		0		0		0		0		0		0		0		1		0		0		0 
38		3		0		2		3		1		1		0		"Áo Hoàng Kim"				105		47		0		74		0		80		21		0		0		0		0		0		0		0		0		1		0		0 
39		3		0		2		2		1		1		1		"Áo Thuật Sĩ"				34		22		0		36		0		39		0		0		0		0		4		0		0		0		0		0		1		0 
40		3		0		2		2		1		1		0		"Áo Hỏa Thiên"				56		28		0		42		0		35		8		0		0		0		4		0		0		0		0		0		1		0 
41		3		0		2		2		1		1		0		"Áo Ma Pháp"				75		35		0		54		0		52		16		0		0		0		4		0		0		0		0		0		1		0 
42		3		0		2		2		1		1		0		"Áo Phục Ma"				91		45		0		67		0		60		20		0		0		0		0		0		0		0		0		0		2		0 
43		3		0		2		2		1		1		0		"Áo Bão Điện"				122		56		0		75		380		57		19		0		0		0		0		0		0		0		0		0		2		0 
44		3		0		2		2		1		1		0		"Áo Nữ Vương"				131		49		0		86		380		62		20		170		0		0		0		0		0		0		0		0		2		0 
45		3		0		2		3		1		1		0		"Áo Thần Thoại"				132		81		0		86		380		222		32		0		0		0		0		0		1		0		0		0		0		0 
46		3		0		2		3		1		1		0		"Áo Hoàng Long"				128		62		0		86		380		74		162		0		0		0		0		0		1		0		0		0		0		0 
47		3		0		2		3		1		1		0		"Áo Bóng Ma"				131		80		0		86		380		212		57		0		0		0		0		0		0		0		1		0		0		0 
48		3		0		2		3		1		1		0		"Áo Hủy Diệt"				125		66		0		86		380		62		19		165		0		0		0		0		0		0		1		0		0		0 
49		3		0		2		2		1		1		0		"Áo Thiên Vũ"				129		60		0		86		380		55		197		0		0		0		0		0		0		1		0		0		0		0 
50		3		0		2		2		1		1		0		"Áo Anh Vũ"					122		52		0		86		380		32		29		138		0		0		0		0		0		1		0		0		0		0 
51		3		0		2		3		1		1		0		"Áo Đế Vương"				132		58		0		86		380		105		38		0		0		0		0		0		0		0		0		1		0		0 
52		3		0		2		3		1		1		0		"Áo Quỷ Vương"				129		50		0		86		380		60		15		181		0		0		0		1		0		0		0		0		0		0 
53		3		0		2		2		1		1		0		"Áo Chiêm Tinh"				131		80		0		86		380		60		15		0		0		0		0		0		0		0		0		0		3		0 
59		3		0		2		3		1		1		0		"Áo Địa Long"				66		43		0		52		0		85		0		0		75		0		0		0		0		0		0		0		0		1 
60		3		0		2		3		1		1		0		"Áo Bạch Hổ"				82		51		0		68		0		100		0		0		90		0		0		0		0		0		0		0		0		1 
61		3		0		2		3		1		1		0		"Áo Quyền Lực"				101		59		0		82		0		115		0		0		100		0		0		0		0		0		0		0		0		1 
73		3		0		2		3		1		1		0		"Áo Bạch Long"				143		78		0		88		380		97		0		0		85		0		0		0		0		0		0		0		0		1 
77		3		0		2		3		1		1		0		"Áo Huyết Long"				143		78		0		88		380		97		0		0		85		0		0		0		0		0		0		0		0		3 

100		3		0		2		3		1		1		0		"Áo Huyết Thần DK"			140		90		0		90		380		170		60		0		0		0		0		0		3		0		0		0		0		0 
101		3		0		2		3		1		1		0		"Áo Huyết Thần DW"			146		59		0		86		380		44		15		0		0		0		0		3		0		0		0		0		0		0 
102		3		0		2		3		1		1		0		"Áo Huyết Thần Elf"			146		70		0		86		380		38		80		0		0		0		0		0		0		3		0		0		0		0 
103		3		0		2		2		1		1		0		"Áo Huyết Thần SM"			122		58		0		75		380		57		19		0		0		0		0		0		0		0		0		0		3		0 
104		3		0		2		3		1		1		0		"Áo Huyết Thần MG"			147		88		0		95		380		145		60		0		0		0		0		0		0		0		3		0		0		0 
105		3		0		2		3		1		1		0		"Áo Huyết Thần DL"			147		66		0		82		380		62		16		0		0		0		0		0		0		0		0		3		0		0 
106		3		0		2		3		1		1		0		"Áo Huyết Thần RF"			143		80		0		88		380		97		0		0		85		0		0		0		0		0		0		0		0		3 
107		3		0		2		3		1		1		0		"Áo Hắc Thần DK"			140		94		0		90		380		170		60		0		0		0		0		0		3		0		0		0		0		0 
108		3		0		2		3		1		1		0		"Áo Hắc Thần DW"			146		63		0		86		380		44		15		0		0		0		0		3		0		0		0		0		0		0 
109		3		0		2		3		1		1		0		"Áo Hắc Thần Elf"			146		75		0		86		380		38		80		0		0		0		0		0		0		3		0		0		0		0 
110		3		0		2		2		1		1		0		"Áo Hắc Thần SM"			122		62		0		75		380		57		19		0		0		0		0		0		0		0		0		0		3		0 
111		3		0		2		3		1		1		0		"Áo Hắc Thần MG"			147		92		0		95		380		145		60		0		0		0		0		0		0		0		3		0		0		0 
112		3		0		2		3		1		1		0		"Áo Hắc Thần DL"			147		70		0		82		380		62		16		0		0		0		0		0		0		0		0		3		0		0 
113		3		0		2		3		1		1		0		"Áo Hắc Thần RF"			143		84		0		88		380		97		0		0		85		0		0		0		0		0		0		0		0		3 
114		3		0		2		3		1		1		0		"Áo Thánh Thần DK"			140		96		0		90		380		170		60		0		0		0		0		0		3		0		0		0		0		0 
115		3		0		2		3		1		1		0		"Áo Thánh Thần DW"			146		65		0		86		380		44		15		0		0		0		0		3		0		0		0		0		0		0 
116		3		0		2		3		1		1		0		"Áo Thánh Thần Elf"			146		77		0		86		380		38		80		0		0		0		0		0		0		3		0		0		0		0 
117		3		0		2		2		1		1		0		"Áo Thánh Thần SM"			122		64		0		75		380		57		19		0		0		0		0		0		0		0		0		0		3		0 
118		3		0		2		3		1		1		0		"Áo Thánh Thần MG"			147		94		0		95		380		145		60		0		0		0		0		0		0		0		3		0		0		0 
119		3		0		2		3		1		1		0		"Áo Thánh Thần DL"			147		72		0		82		380		62		16		0		0		0		0		0		0		0		0		3		0		0 
120		3		0		2		3		1		1		0		"Áo Thánh Thần RF"			143		86		0		88		380		97		0		0		85		0		0		0		0		0		0		0		0		3 
121		3		0		2		3		1		1		0		"Áo Thức Tỉnh DK"			140		92		0		90		380		170		60		0		0		0		0		0		3		0		0		0		0		0 
122		3		0		2		3		1		1		0		"Áo Thức Tỉnh DW"			146		61		0		86		380		44		15		0		0		0		0		3		0		0		0		0		0		0 
123		3		0		2		3		1		1		0		"Áo Thức Tỉnh Elf"			146		73		0		86		380		38		80		0		0		0		0		0		0		3		0		0		0		0 
124		3		0		2		2		1		1		0		"Áo Thức Tỉnh SM"			122		60		0		75		380		57		19		0		0		0		0		0		0		0		0		0		3		0 
125		3		0		2		3		1		1		0		"Áo Thức Tỉnh MG"			147		90		0		95		380		145		60		0		0		0		0		0		0		0		3		0		0		0 
126		3		0		2		3		1		1		0		"Áo Thức Tỉnh DL"			147		68		0		82		380		62		16		0		0		0		0		0		0		0		0		3		0		0 
127		3		0		2		3		1		1		0		"Áo Thức Tỉnh RF"			143		82		0		88		380		97		0		0		85		0		0		0		0		0		0		0		0		3 
128		3		0		2		3		1		1		0		"Áo Mắt Xanh DK"			140		98		0		90		380		170		60		0		0		0		0		0		3		0		0		0		0		0 
129		3		0		2		3		1		1		0		"Áo Mắt Xanh DW"			146		67		0		86		380		44		15		0		0		0		0		3		0		0		0		0		0		0 
130		3		0		2		3		1		1		0		"Áo Mắt Xanh Elf"			146		79		0		86		380		38		80		0		0		0		0		0		0		3		0		0		0		0 
131		3		0		2		2		1		1		0		"Áo Mắt Xanh SM"			122		66		0		75		380		57		19		0		0		0		0		0		0		0		0		0		3		0 
132		3		0		2		3		1		1		0		"Áo Mắt Xanh MG"			147		96		0		95		380		145		60		0		0		0		0		0		0		0		3		0		0		0 
133		3		0		2		3		1		1		0		"Áo Mắt Xanh DL"			147		74		0		82		380		62		16		0		0		0		0		0		0		0		0		3		0		0 
134		3		0		2		3		1		1		0		"Áo Mắt Xanh RF"			143		88		0		88		380		97		0		0		85		0		0		0		0		0		0		0		0		3 
135		3		0		2		3		1		1		0		"Áo Tim Bạc DK"				140		100		0		90		380		170		60		0		0		0		0		0		3		0		0		0		0		0 
136		3		0		2		3		1		1		0		"Áo Tim Bạc DW"				146		69		0		86		380		44		15		0		0		0		0		3		0		0		0		0		0		0 
137		3		0		2		3		1		1		0		"Áo Tim Bạc Elf"			146		81		0		86		380		38		80		0		0		0		0		0		0		3		0		0		0		0 
138		3		0		2		2		1		1		0		"Áo Tim Bạc SM"				122		68		0		75		380		57		19		0		0		0		0		0		0		0		0		0		3		0 
139		3		0		2		3		1		1		0		"Áo Tim Bạc MG"				147		98		0		95		380		145		60		0		0		0		0		0		0		0		3		0		0		0 
140		3		0		2		3		1		1		0		"Áo Tim Bạc DL"				147		76		0		82		380		62		16		0		0		0		0		0		0		0		0		3		0		0 
141		3		0		2		3		1		1		0		"Áo Tim Bạc RF"				143		90		0		88		380		97		0		0		85		0		0		0		0		0		0		0		0		3 
142		3		0		2		3		1		1		0		"Áo Mãnh Sư DK"				140		102		0		90		380		170		60		0		0		0		0		0		3		0		0		0		0		0 
143		3		0		2		3		1		1		0		"Áo Mãnh Sư DW"				146		71		0		86		380		44		15		0		0		0		0		3		0		0		0		0		0		0 
144		3		0		2		3		1		1		0		"Áo Mãnh Sư Elf"			146		83		0		86		380		38		80		0		0		0		0		0		0		3		0		0		0		0 
145		3		0		2		2		1		1		0		"Áo Mãnh Sư SM"				122		70		0		75		380		57		19		0		0		0		0		0		0		0		0		0		3		0 
146		3		0		2		3		1		1		0		"Áo Mãnh Sư MG"				147		100		0		95		380		145		60		0		0		0		0		0		0		0		3		0		0		0 
147		3		0		2		3		1		1		0		"Áo Mãnh Sư DL"				147		78		0		82		380		62		16		0		0		0		0		0		0		0		0		3		0		0 
148		3		0		2		3		1		1		0		"Áo Mãnh Sư RF"				143		92		0		88		380		97		0		0		85		0		0		0		0		0		0		0		0		3 
149		3		0		2		3		1		1		0		"Áo Tinh Vân DK"			140		104		0		90		380		170		60		0		0		0		0		0		3		0		0		0		0		0 
150		3		0		2		3		1		1		0		"Áo Tinh Vân DW"			146		73		0		86		380		44		15		0		0		0		0		3		0		0		0		0		0		0 
151		3		0		2		3		1		1		0		"Áo Tinh Vân Elf"			146		85		0		86		380		38		80		0		0		0		0		0		0		3		0		0		0		0 
152		3		0		2		2		1		1		0		"Áo Tinh Vân SM"			122		72		0		75		380		57		19		0		0		0		0		0		0		0		0		0		3		0 
153		3		0		2		3		1		1		0		"Áo Tinh Vân MG"			147		102		0		95		380		145		60		0		0		0		0		0		0		0		3		0		0		0 
154		3		0		2		3		1		1		0		"Áo Tinh Vân DL"			147		80		0		82		380		62		16		0		0		0		0		0		0		0		0		3		0		0 
155		3		0		2		3		1		1		0		"Áo Tinh Vân RF"			143		94		0		88		380		97		0		0		85		0		0		0		0		0		0		0		0		3 
156		3		0		2		3		1		1		0		"Áo Tận Thế DK"				140		104		0		90		380		170		60		0		0		0		0		0		3		0		0		0		0		0 
157		3		0		2		3		1		1		0		"Áo Tận Thế DW"				146		73		0		86		380		44		15		0		0		0		0		3		0		0		0		0		0		0 
158		3		0		2		3		1		1		0		"Áo Tận Thế Elf"			146		85		0		86		380		38		80		0		0		0		0		0		0		3		0		0		0		0 
159		3		0		2		2		1		1		0		"Áo Tận Thế SM"				122		72		0		75		380		57		19		0		0		0		0		0		0		0		0		0		3		0 
160		3		0		2		3		1		1		0		"Áo Tận Thế MG"				147		102		0		95		380		145		60		0		0		0		0		0		0		0		3		0		0		0 
161		3		0		2		3		1		1		0		"Áo Tận Thế DL"				147		80		0		82		380		62		16		0		0		0		0		0		0		0		0		3		0		0 
162		3		0		2		3		1		1		0		"Áo Tận Thế RF"				143		94		0		88		380		97		0		0		85		0		0		0		0		0		0		0		0		3 
163		3		0		2		3		1		1		0		"Áo Sấm Sét DK"				140		104		0		90		380		170		60		0		0		0		0		0		3		0		0		0		0		0 
164		3		0		2		3		1		1		0		"Áo Sấm Sét DW"				146		73		0		86		380		44		15		0		0		0		0		3		0		0		0		0		0		0 
165		3		0		2		3		1		1		0		"Áo Sấm Sét Elf"			146		85		0		86		380		38		80		0		0		0		0		0		0		3		0		0		0		0 
166		3		0		2		2		1		1		0		"Áo Sấm Sét SM"				122		72		0		75		380		57		19		0		0		0		0		0		0		0		0		0		3		0 
167		3		0		2		3		1		1		0		"Áo Sấm Sét MG"				147		102		0		95		380		145		60		0		0		0		0		0		0		0		3		0		0		0 
168		3		0		2		3		1		1		0		"Áo Sấm Sét DL"				147		80		0		82		380		62		16		0		0		0		0		0		0		0		0		3		0		0 
169		3		0		2		3		1		1		0		"Áo Sấm Sét RF"				143		94		0		88		380		97		0		0		85		0		0		0		0		0		0		0		0		3 
170		3		0		2		3		1		1		0		"Áo Huyền Thoại DK"			140		104		0		90		380		170		60		0		0		0		0		0		3		0		0		0		0		0 
171		3		0		2		3		1		1		0		"Áo Huyền Thoại DW"			146		73		0		86		380		44		15		0		0		0		0		3		0		0		0		0		0		0 
172		3		0		2		3		1		1		0		"Áo Huyền Thoại Elf"		146		85		0		86		380		38		80		0		0		0		0		0		0		3		0		0		0		0 
173		3		0		2		2		1		1		0		"Áo Huyền Thoại SM"			122		72		0		75		380		57		19		0		0		0		0		0		0		0		0		0		3		0 
174		3		0		2		3		1		1		0		"Áo Huyền Thoại MG"			147		102		0		95		380		145		60		0		0		0		0		0		0		0		3		0		0		0 
175		3		0		2		3		1		1		0		"Áo Huyền Thoại DL"			147		80		0		82		380		62		16		0		0		0		0		0		0		0		0		3		0		0 
176		3		0		2		3		1		1		0		"Áo Huyền Thoại RF"			143		94		0		88		380		97		0		0		85		0		0		0		0		0		0		0		0		3 
177		3		0		2		3		1		1		0		"Áo Thanh Long DK"			140		104		0		90		380		170		60		0		0		0		0		0		3		0		0		0		0		0 
178		3		0		2		3		1		1		0		"Áo Thanh Long DW"			146		73		0		86		380		44		15		0		0		0		0		3		0		0		0		0		0		0 
179		3		0		2		3		1		1		0		"Áo Thanh Long Elf"			146		85		0		86		380		38		80		0		0		0		0		0		0		3		0		0		0		0 
180		3		0		2		2		1		1		0		"Áo Thanh Long SM"			122		72		0		75		380		57		19		0		0		0		0		0		0		0		0		0		3		0 
181		3		0		2		3		1		1		0		"Áo Thanh Long MG"			147		102		0		95		380		145		60		0		0		0		0		0		0		0		3		0		0		0 
182		3		0		2		3		1		1		0		"Áo Thanh Long DL"			147		80		0		82		380		62		16		0		0		0		0		0		0		0		0		3		0		0 
183		3		0		2		3		1		1		0		"Áo Thanh Long RF"			143		94		0		88		380		97		0		0		85		0		0		0		0		0		0		0		0		3 
184		3		0		2		3		1		1		0		"Áo Thông Thiên DK"			140		104		0		90		380		170		60		0		0		0		0		0		3		0		0		0		0		0 
185		3		0		2		3		1		1		0		"Áo Thông Thiên DW"			146		73		0		86		380		44		15		0		0		0		0		3		0		0		0		0		0		0 
186		3		0		2		3		1		1		0		"Áo Thông Thiên Elf"		146		85		0		86		380		38		80		0		0		0		0		0		0		3		0		0		0		0 
187		3		0		2		2		1		1		0		"Áo Thông Thiên SM"			122		72		0		75		380		57		19		0		0		0		0		0		0		0		0		0		3		0 
188		3		0		2		3		1		1		0		"Áo Thông Thiên MG"			147		102		0		95		380		145		60		0		0		0		0		0		0		0		3		0		0		0 
189		3		0		2		3		1		1		0		"Áo Thông Thiên DL"			147		80		0		82		380		62		16		0		0		0		0		0		0		0		0		3		0		0 
190		3		0		2		3		1		1		0		"Áo Thông Thiên RF"			143		94		0		88		380		97		0		0		85		0		0		0		0		0		0		0		0		3 
end

//Index	Slot	Skill	X	Y	Serial	Option	Drop	Name			level	Defense	MagicDefense	Dur	ReqLvl	ReqStr	ReqDex	ReqEne	ReqVit	ReqLead	SetAttr	DW/SM	DK/BK	ELF/ME	MG	DL SUM	RF
9
0		4		0		2		2		1		1		1		"Quần Đồng"						15		10		0		34		0		80		20		0		0		0		4		0		1		0		1		1		0		0 
1		4		0		2		2		1		1		1		"Quần Hỏa Long"					55		26		0		68		0		120		30		0		0		0		4		0		1		0		1		0		0		0 
2		4		0		2		2		1		1		1		"Quần Vải Thô"					8		5		0		28		0		30		0		0		0		0		4		1		0		0		1		0		0		0 
3		4		0		2		2		1		1		1		"Quần Ma Thuật"					53		20		0		42		0		40		0		0		0		0		4		1		0		0		1		0		0		0 
4		4		0		2		2		1		1		1		"Quần Xương"					20		10		0		30		0		40		0		0		0		0		4		1		0		0		1		0		0		0 
5		4		0		2		2		1		1		1		"Quần Da"						8		7		0		30		0		80		0		0		0		0		4		0		1		0		1		1		0		1 
6		4		0		2		2		1		1		1		"Quần Trâu Xanh"				25		14		0		40		0		110		0		0		0		0		4		0		1		0		1		1		0		1 
7		4		0		2		2		1		1		1		"Quần Nhân Sư"					34		15		0		36		0		40		0		0		0		0		4		1		0		0		1		0		0		0 
8		4		0		2		2		1		1		1		"Quần Thiên Kim"				35		18		0		44		0		100		30		0		0		0		4		0		1		0		1		0		0		1 
9		4		0		2		2		1		1		1		"Quần Thiết Phiến"				45		22		0		50		0		130		0		0		0		0		4		0		1		0		1		0		0		1 
10		4		0		2		2		1		1		1		"Quần Trinh Nữ"					8		6		0		22		0		30		60		0		0		0		4		0		0		1		0		0		0		0 
11		4		0		2		2		1		1		1		"Quần Lụa"						18		10		0		26		0		30		70		0		0		0		4		0		0		1		0		0		0		0 
12		4		0		2		2		1		1		1		"Quần Thiên Thanh"				30		14		0		32		0		30		80		0		0		0		4		0		0		1		0		0		0		0 
13		4		0		2		2		1		1		1		"Quần Ngọc Bích"				42		18		0		38		0		40		80		0		0		0		4		0		0		1		0		0		0		0 
14		4		0		2		2		1		1		1		"Quần Kim Ngân"					54		25		0		45		0		40		80		0		0		0		4		0		0		1		0		0		0		0 
15		4		0		2		2		1		1		0		"Quần Phong Vũ"					74		34		0		80		0		150		70		0		0		0		4		0		0		0		1		0		0		0 
16		4		0		2		2		1		1		0		"Quần Hắc Long"					84		40		0		74		0		170		60		0		0		0		4		0		1		0		0		0		0		0 
17		4		0		2		2		1		1		0		"Quần Phượng Hoàng"				96		54		0		80		0		207		63		0		0		0		4		0		2		0		0		0		0		0 
18		4		0		2		2		1		1		0		"Quần Triệu Hồn"				86		30		0		67		0		59		20		0		0		0		4		2		0		0		0		0		0		0 
19		4		0		2		2		1		1		0		"Quần Giai Nhân"				88		39		0		74		0		50		110		0		0		0		4		0		0		2		0		0		0		0 
20		4		0		2		2		1		1		0		"Quần Lôi Phong"				99		49		0		82		0		150		70		0		0		0		4		0		0		0		1		0		0		0 
21		4		0		2		2		1		1		0		"Quần Thần Long"				113		65		0		86		0		200		58		0		0		0		4		0		2		0		0		0		0		0 
22		4		0		2		2		1		1		0		"Quần Ma Vương"					117		39		0		75		0		55		18		0		0		0		4		2		0		0		0		0		0		0 
23		4		0		2		2		1		1		0		"Quần Cuồng Phong"				122		61		0		90		0		162		66		0		0		0		4		0		0		0		1		0		0		0 
24		4		0		2		2		1		1		0		"Quần Thánh Nữ"					100		48		0		80		0		52		115		0		0		0		4		0		0		2		0		0		0		0 
25		4		0		2		2		1		1		1		"Quần Thiết Ma"					50		21		0		42		0		70		20		0		0		0		4		0		0		0		0		1		0		0 
26		4		0		2		2		1		1		1		"Quần Huyền Thiết"				70		26		0		56		0		77		21		0		0		0		4		0		0		0		0		1		0		0 
27		4		0		2		2		1		1		0		"Quần Hắc Vương"				92		31		0		70		0		84		22		0		0		0		4		0		0		0		0		1		0		0 
28		4		0		2		2		1		1		0		"Quần Chí Tôn"					110		39		0		78		0		80		21		0		0		0		4		0		0		0		0		1		0		0 
29		4		0		2		2		1		1		0		"Quần Quyền Năng"				134		78		0		90		380		170		60		0		0		0		0		0		2		0		0		0		0		0 
30		4		0		2		2		1		1		0		"Quần Thần Ma"					135		55		0		86		380		44		15		0		0		0		0		2		0		0		0		0		0		0 
31		4		0		2		2		1		1		0		"Quần Thái Bình"				135		61		0		86		380		38		80		0		0		0		0		0		0		2		0		0		0		0 
32		4		0		2		2		1		1		0		"Quần Hồng Long"				135		74		0		95		380		145		60		0		0		0		0		0		0		0		1		0		0		0 
33		4		0		2		2		1		1		0		"Quần Thái Dương"				140		52		0		82		380		62		16		0		0		0		0		0		0		0		0		1		0		0 
34		4		0		2		2		1		1		0		"Quần Hắc Điểu"					69		33		0		72		0		160		50		0		0		0		0		0		1		0		0		0		0		0 
35		4		0		2		2		1		1		0		"Quần Ánh Trăng"				69		25		0		54		0		53		12		0		0		0		0		1		0		0		0		0		0		0 
36		4		0		2		2		1		1		0		"Quần Nữ Thần"					69		32		0		59		0		50		70		0		0		0		0		0		0		1		0		0		0		0 
37		4		0		2		2		1		1		0		"Quần Hỏa Thần"					101		41		0		81		0		155		50		0		0		0		0		0		0		0		1		0		0		0 
38		4		0		2		2		1		1		0		"Quần Hoàng Kim"				101		35		0		74		0		80		21		0		0		0		0		0		0		0		0		1		0		0 
39		4		0		2		2		1		1		1		"Quần Thuật Sĩ"					30		16		0		36		0		36		0		0		0		0		4		0		0		0		0		0		1		0 
40		4		0		2		2		1		1		0		"Quần Hỏa Thiên"				53		22		0		42		0		35		7		0		0		0		4		0		0		0		0		0		1		0 
41		4		0		2		2		1		1		0		"Quần Ma Pháp"					72		28		0		54		0		49		16		0		0		0		4		0		0		0		0		0		1		0 
42		4		0		2		2		1		1		0		"Quần Phục Ma"					86		37		0		67		0		60		20		0		0		0		0		0		0		0		0		0		2		0 
43		4		0		2		2		1		1		0		"Quần Bão Điện"					117		49		0		75		380		57		19		0		0		0		0		0		0		0		0		0		2		0 
44		4		0		2		2		1		1		0		"Quần Nữ Vương"					122		41		0		86		380		62		20		170		0		0		0		0		0		0		0		0		2		0 
45		4		0		2		2		1		1		0		"Quần Thần Thoại"				116		74		0		86		380		222		32		0		0		0		0		0		1		0		0		0		0		0 
46		4		0		2		2		1		1		0		"Quần Hoàng Long"				112		58		0		86		380		74		162		0		0		0		0		0		1		0		0		0		0		0 
47		4		0		2		2		1		1		0		"Quần Bóng Ma"					115		66		0		86		380		212		57		0		0		0		0		0		0		0		1		0		0		0 
48		4		0		2		2		1		1		0		"Quần Hủy Diệt"					113		51		0		86		380		62		19		165		0		0		0		0		0		0		1		0		0		0 
49		4		0		2		2		1		1		0		"Quần Thiên Vũ"					116		53		0		86		380		55		197		0		0		0		0		0		0		1		0		0		0		0 
50		4		0		2		2		1		1		0		"Quần Anh Vũ"					109		46		0		86		380		32		29		138		0		0		0		0		0		1		0		0		0		0 
51		4		0		2		2		1		1		0		"Quần Đế Vương"					116		46		0		86		380		105		38		0		0		0		0		0		0		0		0		1		0		0 
52		4		0		2		2		1		1		0		"Quần Quỷ Vương"				114		44		0		86		380		60		15		181		0		0		0		1		0		0		0		0		0		0 
53		4		0		2		2		1		1		0		"Quần Chiêm Tinh"				115		80		0		86		380		60		15		0		0		0		0		0		0		0		0		0		3		0 
59		4		0		2		2		1		1		0		"Quần Địa Long"					62		33		0		52		0		85		0		0		75		0		0		0		0		0		0		0		0		1 
60		4		0		2		2		1		1		0		"Quần Bạch Hổ"					78		41		0		68		0		100		0		0		90		0		0		0		0		0		0		0		0		1 
61		4		0		2		2		1		1		0		"Quần Quyền Lực"				95		49		0		82		0		115		0		0		100		0		0		0		0		0		0		0		0		1 
73		4		0		2		2		1		1		0		"Quần Bạch Long"				134		68		0		88		380		97		0		0		85		0		0		0		0		0		0		0		0		1 
77		4		0		2		2		1		1		0		"Quần Huyết Long"				134		68		0		88		380		97		0		0		85		0		0		0		0		0		0		0		0		3 

100		4		0		2		2		1		1		0		"Quần Huyết Thần DK"			134		80		0		90		380		170		60		0		0		0		0		0		3		0		0		0		0		0 
101		4		0		2		2		1		1		0		"Quần Huyết Thần DW"			135		57		0		86		380		44		15		0		0		0		0		3		0		0		0		0		0		0 
102		4		0		2		2		1		1		0		"Quần Huyết Thần Elf"			135		63		0		86		380		38		80		0		0		0		0		0		0		3		0		0		0		0 
103		4		0		2		2		1		1		0		"Quần Huyết Thần SM"			117		51		0		75		380		57		19		0		0		0		0		0		0		0		0		0		3		0 
104		4		0		2		2		1		1		0		"Quần Huyết Thần MG"			135		76		0		95		380		145		60		0		0		0		0		0		0		0		3		0		0		0 
105		4		0		2		2		1		1		0		"Quần Huyết Thần DL"			140		54		0		82		380		62		16		0		0		0		0		0		0		0		0		3		0		0 
106		4		0		2		2		1		1		0		"Quần Huyết Thần RF"			134		70		0		88		380		97		0		0		85		0		0		0		0		0		0		0		0		3 
107		4		0		2		2		1		1		0		"Quần Hắc Thần DK"				134		82		0		90		380		170		60		0		0		0		0		0		3		0		0		0		0		0 
108		4		0		2		2		1		1		0		"Quần Hắc Thần DW"				135		59		0		86		380		44		15		0		0		0		0		3		0		0		0		0		0		0 
109		4		0		2		2		1		1		0		"Quần Hắc Thần Elf"				135		65		0		86		380		38		80		0		0		0		0		0		0		3		0		0		0		0 
110		4		0		2		2		1		1		0		"Quần Hắc Thần SM"				117		53		0		75		380		57		19		0		0		0		0		0		0		0		0		0		3		0 
111		4		0		2		2		1		1		0		"Quần Hắc Thần MG"				135		78		0		95		380		145		60		0		0		0		0		0		0		0		3		0		0		0 
112		4		0		2		2		1		1		0		"Quần Hắc Thần DL"				140		56		0		82		380		62		16		0		0		0		0		0		0		0		0		3		0		0 
113		4		0		2		2		1		1		0		"Quần Hắc Thần RF"				134		72		0		88		380		97		0		0		85		0		0		0		0		0		0		0		0		3 
114		4		0		2		2		1		1		0		"Quần Thánh Thần DK"			134		84		0		90		380		170		60		0		0		0		0		0		3		0		0		0		0		0 
115		4		0		2		2		1		1		0		"Quần Thánh Thần DW"			135		61		0		86		380		44		15		0		0		0		0		3		0		0		0		0		0		0 
116		4		0		2		2		1		1		0		"Quần Thánh Thần Elf"			135		67		0		86		380		38		80		0		0		0		0		0		0		3		0		0		0		0 
117		4		0		2		2		1		1		0		"Quần Thánh Thần SM"			117		55		0		75		380		57		19		0		0		0		0		0		0		0		0		0		3		0 
118		4		0		2		2		1		1		0		"Quần Thánh Thần MG"			135		80		0		95		380		145		60		0		0		0		0		0		0		0		3		0		0		0 
119		4		0		2		2		1		1		0		"Quần Thánh Thần DL"			140		58		0		82		380		62		16		0		0		0		0		0		0		0		0		3		0		0 
120		4		0		2		2		1		1		0		"Quần Thánh Thần RF"			134		74		0		88		380		97		0		0		85		0		0		0		0		0		0		0		0		3 
121		4		0		2		2		1		1		0		"Quần Thức Tỉnh DK"				134		86		0		90		380		170		60		0		0		0		0		0		3		0		0		0		0		0 
122		4		0		2		2		1		1		0		"Quần Thức Tỉnh DW"				135		63		0		86		380		44		15		0		0		0		0		3		0		0		0		0		0		0 
123		4		0		2		2		1		1		0		"Quần Thức Tỉnh Elf"			135		69		0		86		380		38		80		0		0		0		0		0		0		3		0		0		0		0 
124		4		0		2		2		1		1		0		"Quần Thức Tỉnh SM"				117		57		0		75		380		57		19		0		0		0		0		0		0		0		0		0		3		0 
125		4		0		2		2		1		1		0		"Quần Thức Tỉnh MG"				135		82		0		95		380		145		60		0		0		0		0		0		0		0		3		0		0		0 
126		4		0		2		2		1		1		0		"Quần Thức Tỉnh DL"				140		60		0		82		380		62		16		0		0		0		0		0		0		0		0		3		0		0 
127		4		0		2		2		1		1		0		"Quần Thức Tỉnh RF"				134		76		0		88		380		97		0		0		85		0		0		0		0		0		0		0		0		3 
128		4		0		2		2		1		1		0		"Quần Mắt Xanh DK"				134		88		0		90		380		170		60		0		0		0		0		0		3		0		0		0		0		0 
129		4		0		2		2		1		1		0		"Quần Mắt Xanh DW"				135		65		0		86		380		44		15		0		0		0		0		3		0		0		0		0		0		0 
130		4		0		2		2		1		1		0		"Quần Mắt Xanh Elf"				135		71		0		86		380		38		80		0		0		0		0		0		0		3		0		0		0		0 
131		4		0		2		2		1		1		0		"Quần Mắt Xanh SM"				117		59		0		75		380		57		19		0		0		0		0		0		0		0		0		0		3		0 
132		4		0		2		2		1		1		0		"Quần Mắt Xanh MG"				135		84		0		95		380		145		60		0		0		0		0		0		0		0		3		0		0		0 
133		4		0		2		2		1		1		0		"Quần Mắt Xanh DL"				140		62		0		82		380		62		16		0		0		0		0		0		0		0		0		3		0		0 
134		4		0		2		2		1		1		0		"Quần Mắt Xanh RF"				134		78		0		88		380		97		0		0		85		0		0		0		0		0		0		0		0		3 
135		4		0		2		2		1		1		0		"Quần Tim Bạc DK"				134		92		0		90		380		170		60		0		0		0		0		0		3		0		0		0		0		0 
136		4		0		2		2		1		1		0		"Quần Tim Bạc DW"				135		68		0		86		380		44		15		0		0		0		0		3		0		0		0		0		0		0 
137		4		0		2		2		1		1		0		"Quần Tim Bạc Elf"				135		75		0		86		380		38		80		0		0		0		0		0		0		3		0		0		0		0 
138		4		0		2		2		1		1		0		"Quần Tim Bạc SM"				117		63		0		75		380		57		19		0		0		0		0		0		0		0		0		0		3		0 
139		4		0		2		2		1		1		0		"Quần Tim Bạc MG"				135		88		0		95		380		145		60		0		0		0		0		0		0		0		3		0		0		0 
140		4		0		2		2		1		1		0		"Quần Tim Bạc DL"				140		66		0		82		380		62		16		0		0		0		0		0		0		0		0		3		0		0 
141		4		0		2		2		1		1		0		"Quần Tim Bạc RF"				134		82		0		88		380		97		0		0		85		0		0		0		0		0		0		0		0		3 
142		4		0		2		2		1		1		0		"Quần Mãnh Sư DK"				134		96		0		90		380		170		60		0		0		0		0		0		3		0		0		0		0		0 
143		4		0		2		2		1		1		0		"Quần Mãnh Sư DW"				135		72		0		86		380		44		15		0		0		0		0		3		0		0		0		0		0		0 
144		4		0		2		2		1		1		0		"Quần Mãnh Sư Elf"				135		77		0		86		380		38		80		0		0		0		0		0		0		3		0		0		0		0 
145		4		0		2		2		1		1		0		"Quần Mãnh Sư SM"				117		67		0		75		380		57		19		0		0		0		0		0		0		0		0		0		3		0 
146		4		0		2		2		1		1		0		"Quần Mãnh Sư MG"				135		92		0		95		380		145		60		0		0		0		0		0		0		0		3		0		0		0 
147		4		0		2		2		1		1		0		"Quần Mãnh Sư DL"				140		70		0		82		380		62		16		0		0		0		0		0		0		0		0		3		0		0 
148		4		0		2		2		1		1		0		"Quần Mãnh Sư RF"				134		86		0		88		380		97		0		0		85		0		0		0		0		0		0		0		0		3 
149		4		0		2		2		1		1		0		"Quần Tinh Vân DK"				134		100		0		90		380		170		60		0		0		0		0		0		3		0		0		0		0		0 
150		4		0		2		2		1		1		0		"Quần Tinh Vân DW"				135		76		0		86		380		44		15		0		0		0		0		3		0		0		0		0		0		0 
151		4		0		2		2		1		1		0		"Quần Tinh Vân Elf"				135		81		0		86		380		38		80		0		0		0		0		0		0		3		0		0		0		0 
152		4		0		2		2		1		1		0		"Quần Tinh Vân SM"				117		71		0		75		380		57		19		0		0		0		0		0		0		0		0		0		3		0 
153		4		0		2		2		1		1		0		"Quần Tinh Vân MG"				135		96		0		95		380		145		60		0		0		0		0		0		0		0		3		0		0		0 
154		4		0		2		2		1		1		0		"Quần Tinh Vân DL"				140		74		0		82		380		62		16		0		0		0		0		0		0		0		0		3		0		0 
155		4		0		2		2		1		1		0		"Quần Tinh Vân RF"				134		90		0		88		380		97		0		0		85		0		0		0		0		0		0		0		0		3 
156		4		0		2		2		1		1		0		"Quần Tận Thế DK"				134		100		0		90		380		170		60		0		0		0		0		0		3		0		0		0		0		0 
157		4		0		2		2		1		1		0		"Quần Tận Thế DW"				135		76		0		86		380		44		15		0		0		0		0		3		0		0		0		0		0		0 
158		4		0		2		2		1		1		0		"Quần Tận Thế Elf"				135		81		0		86		380		38		80		0		0		0		0		0		0		3		0		0		0		0 
159		4		0		2		2		1		1		0		"Quần Tận Thế SM"				117		71		0		75		380		57		19		0		0		0		0		0		0		0		0		0		3		0 
160		4		0		2		2		1		1		0		"Quần Tận Thế MG"				135		96		0		95		380		145		60		0		0		0		0		0		0		0		3		0		0		0 
161		4		0		2		2		1		1		0		"Quần Tận Thế DL"				140		74		0		82		380		62		16		0		0		0		0		0		0		0		0		3		0		0 
162		4		0		2		2		1		1		0		"Quần Tận Thế RF"				134		90		0		88		380		97		0		0		85		0		0		0		0		0		0		0		0		3 
163		4		0		2		2		1		1		0		"Quần Sấm Sét DK"				134		100		0		90		380		170		60		0		0		0		0		0		3		0		0		0		0		0 
164		4		0		2		2		1		1		0		"Quần Sấm Sét DW"				135		76		0		86		380		44		15		0		0		0		0		3		0		0		0		0		0		0 
165		4		0		2		2		1		1		0		"Quần Sấm Sét Elf"				135		81		0		86		380		38		80		0		0		0		0		0		0		3		0		0		0		0 
166		4		0		2		2		1		1		0		"Quần Sấm Sét SM"				117		71		0		75		380		57		19		0		0		0		0		0		0		0		0		0		3		0 
167		4		0		2		2		1		1		0		"Quần Sấm Sét MG"				135		96		0		95		380		145		60		0		0		0		0		0		0		0		3		0		0		0 
168		4		0		2		2		1		1		0		"Quần Sấm Sét DL"				140		74		0		82		380		62		16		0		0		0		0		0		0		0		0		3		0		0 
169		4		0		2		2		1		1		0		"Quần Sấm Sét RF"				134		90		0		88		380		97		0		0		85		0		0		0		0		0		0		0		0		3 
170		4		0		2		2		1		1		0		"Quần Huyền Thoại DK"			134		100		0		90		380		170		60		0		0		0		0		0		3		0		0		0		0		0 
171		4		0		2		2		1		1		0		"Quần Huyền Thoại DW"			135		76		0		86		380		44		15		0		0		0		0		3		0		0		0		0		0		0 
172		4		0		2		2		1		1		0		"Quần Huyền Thoại Elf"			135		81		0		86		380		38		80		0		0		0		0		0		0		3		0		0		0		0 
173		4		0		2		2		1		1		0		"Quần Huyền Thoại SM"			117		71		0		75		380		57		19		0		0		0		0		0		0		0		0		0		3		0 
174		4		0		2		2		1		1		0		"Quần Huyền Thoại MG"			135		96		0		95		380		145		60		0		0		0		0		0		0		0		3		0		0		0 
175		4		0		2		2		1		1		0		"Quần Huyền Thoại DL"			140		74		0		82		380		62		16		0		0		0		0		0		0		0		0		3		0		0 
176		4		0		2		2		1		1		0		"Quần Huyền Thoại RF"			134		90		0		88		380		97		0		0		85		0		0		0		0		0		0		0		0		3 
177		4		0		2		2		1		1		0		"Quần Thanh Long DK"			134		100		0		90		380		170		60		0		0		0		0		0		3		0		0		0		0		0 
178		4		0		2		2		1		1		0		"Quần Thanh Long DW"			135		76		0		86		380		44		15		0		0		0		0		3		0		0		0		0		0		0 
179		4		0		2		2		1		1		0		"Quần Thanh Long Elf"			135		81		0		86		380		38		80		0		0		0		0		0		0		3		0		0		0		0 
180		4		0		2		2		1		1		0		"Quần Thanh Long SM"			117		71		0		75		380		57		19		0		0		0		0		0		0		0		0		0		3		0 
181		4		0		2		2		1		1		0		"Quần Thanh Long MG"			135		96		0		95		380		145		60		0		0		0		0		0		0		0		3		0		0		0 
182		4		0		2		2		1		1		0		"Quần Thanh Long DL"			140		74		0		82		380		62		16		0		0		0		0		0		0		0		0		3		0		0 
183		4		0		2		2		1		1		0		"Quần Thanh Long RF"			134		90		0		88		380		97		0		0		85		0		0		0		0		0		0		0		0		3 
184		4		0		2		2		1		1		0		"Quần Thông Thiên DK"			134		100		0		90		380		170		60		0		0		0		0		0		3		0		0		0		0		0 
185		4		0		2		2		1		1		0		"Quần Thông Thiên DW"			135		76		0		86		380		44		15		0		0		0		0		3		0		0		0		0		0		0 
186		4		0		2		2		1		1		0		"Quần Thông Thiên Elf"			135		81		0		86		380		38		80		0		0		0		0		0		0		3		0		0		0		0 
187		4		0		2		2		1		1		0		"Quần Thông Thiên SM"			117		71		0		75		380		57		19		0		0		0		0		0		0		0		0		0		3		0 
188		4		0		2		2		1		1		0		"Quần Thông Thiên MG"			135		96		0		95		380		145		60		0		0		0		0		0		0		0		3		0		0		0 
189		4		0		2		2		1		1		0		"Quần Thông Thiên DL"			140		74		0		82		380		62		16		0		0		0		0		0		0		0		0		3		0		0 
190		4		0		2		2		1		1		0		"Quần Thông Thiên RF"			134		90		0		88		380		97		0		0		85		0		0		0		0		0		0		0		0		3 
end

//Index	Slot	Skill	X	Y	Serial	Option	Drop	Name			level	Defense	AttackSpeed	Dur	ReqLvl	ReqStr	ReqDex	ReqEne	ReqVit	ReqLead	SetAttr	DW/SM	DK/BK	ELF/ME	MG	DL SUM	RF
10
0		5		0		2		2		1		1		1		"Găng Đồng"						13		4		4		34		0		80		20		0		0		0		4		0		1		0		1		1		0		0 
1		5		0		2		2		1		1		1		"Găng Hỏa Long"					52		14		6		68		0		120		30		0		0		0		4		0		1		0		1		0		0		0 
2		5		0		2		2		1		1		1		"Găng Vải Thô"					3		2		0		28		0		20		0		0		0		0		4		1		0		0		1		0		0		0 
3		5		0		2		2		1		1		1		"Găng Ma Thuật"					44		11		0		42		0		20		0		0		0		0		4		1		0		0		1		0		0		0 
4		5		0		2		2		1		1		1		"Găng Xương"					14		5		0		30		0		20		0		0		0		0		4		1		0		0		1		0		0		0 
5		5		0		2		2		1		1		1		"Găng Da"						4		2		8		30		0		80		0		0		0		0		4		0		1		0		1		1		0		0 
6		5		0		2		2		1		1		1		"Găng Trâu Xanh"				22		7		10		40		0		110		0		0		0		0		4		0		1		0		1		1		0		0 
7		5		0		2		2		1		1		1		"Găng Nhân Sư"					28		8		0		36		0		20		0		0		0		0		4		1		0		0		1		0		0		0 
8		5		0		2		2		1		1		1		"Găng Thiên Kim"				32		9		8		44		0		100		30		0		0		0		4		0		1		0		1		0		0		0 
9		5		0		2		2		1		1		1		"Găng Thiết Phiến"				42		12		4		50		0		130		0		0		0		0		4		0		1		0		1		0		0		0 
10		5		0		2		2		1		1		1		"Găng Trinh Nữ"					4		2		4		22		0		30		60		0		0		0		4		0		0		1		0		0		0		0 
11		5		0		2		2		1		1		1		"Găng Lụa"						14		4		8		26		0		30		70		0		0		0		4		0		0		1		0		0		0		0 
12		5		0		2		2		1		1		1		"Găng Thiên Thanh"				26		6		10		32		0		30		80		0		0		0		4		0		0		1		0		0		0		0 
13		5		0		2		2		1		1		1		"Găng Ngọc Bích"				38		9		4		38		0		40		80		0		0		0		4		0		0		1		0		0		0		0 
14		5		0		2		2		1		1		1		"Găng Kim Ngân"					50		15		6		45		0		40		80		0		0		0		4		0		0		1		0		0		0		0 
15		5		0		2		2		1		1		0		"Găng Phong Vũ"					70		20		6		80		0		150		70		0		0		0		4		0		0		0		1		0		0		0 
16		5		0		2		2		1		1		0		"Găng Hắc Long"					76		22		6		74		0		170		60		0		0		0		4		0		1		0		0		0		0		0 
17		5		0		2		2		1		1		0		"Găng Phượng Hoàng"				86		37		6		80		0		205		63		0		0		0		4		0		2		0		0		0		0		0 
18		5		0		2		2		1		1		0		"Găng Triệu Hồn"				70		20		5		67		0		49		10		0		0		0		4		2		0		0		0		0		0		0 
19		5		0		2		2		1		1		0		"Găng Giai Nhân"				72		29		6		74		0		50		110		0		0		0		4		0		0		2		0		0		0		0 
20		5		0		2		2		1		1		0		"Găng Lôi Phong"				88		34		7		82		0		150		70		0		0		0		4		0		0		0		1		0		0		0 
21		5		0		2		2		1		1		0		"Găng Thần Long"				94		48		6		86		0		200		58		0		0		0		4		0		2		0		0		0		0		0 
22		5		0		2		2		1		1		0		"Găng Ma Vương"					87		30		6		75		0		55		18		0		0		0		4		2		0		0		0		0		0		0 
23		5		0		2		2		1		1		0		"Găng Cuồng Phong"				102		45		7		90		0		162		66		0		0		0		4		0		0		0		1		0		0		0 
24		5		0		2		2		1		1		0		"Găng Thánh Nữ"					84		38		6		80		0		52		115		0		0		0		4		0		0		2		0		0		0		0 
25		5		0		2		2		1		1		1		"Găng Thiết Ma"					42		12		7		42		0		70		20		0		0		0		4		0		0		0		0		1		0		0 
26		5		0		2		2		1		1		1		"Găng Huyền Thiết"				57		18		6		56		0		77		21		0		0		0		4		0		0		0		0		1		0		0 
27		5		0		2		2		1		1		0		"Găng Hắc Vương"				75		21		5		70		0		84		22		0		0		0		4		0		0		0		0		1		0		0 
28		5		0		2		2		1		1		0		"Găng Chí Tôn"					89		29		4		78		0		80		21		0		0		0		4		0		0		0		0		1		0		0 
29		5		0		2		2		1		1		0		"Găng Quyền Năng"				114		60		7		90		380		170		60		0		0		0		0		0		2		0		0		0		0		0 
30		5		0		2		2		1		1		0		"Găng Thần Ma"					111		44		7		86		380		44		15		0		0		0		0		2		0		0		0		0		0		0 
31		5		0		2		2		1		1		0		"Găng Thái Bình"				111		50		7		86		380		38		80		0		0		0		0		0		0		2		0		0		0		0 
32		5		0		2		2		1		1		0		"Găng Hồng Long"				127		55		7		95		380		145		60		0		0		0		0		0		0		0		1		0		0		0 
33		5		0		2		2		1		1		0		"Găng Thái Dương"				110		40		5		82		380		62		16		0		0		0		0		0		0		0		0		1		0		0 
34		5		0		2		2		1		1		0		"Găng Hắc Điểu"					61		18		6		72		0		160		50		0		0		0		0		0		1		0		0		0		0		0 
35		5		0		2		2		1		1		0		"Găng Ánh Trăng"				61		15		6		54		0		53		12		0		0		0		0		1		0		0		0		0		0		0 
36		5		0		2		2		1		1		0		"Găng Nữ Thần"					61		22		6		59		0		50		70		0		0		0		0		0		0		1		0		0		0		0 
37		5		0		2		2		1		1		0		"Găng Hỏa Thần"					91		27		7		81		0		155		50		0		0		0		0		0		0		0		1		0		0		0 
38		5		0		2		2		1		1		0		"Găng Hoàng Kim"				91		25		5		74		0		80		21		0		0		0		0		0		0		0		0		1		0		0 
39		5		0		2		2		1		1		1		"Găng Thuật Sĩ"					24		9		6		36		0		22		0		0		0		0		4		0		0		0		0		0		1		0 
40		5		0		2		2		1		1		0		"Găng Hỏa Thiên"				44		13		8		42		0		18		4		0		0		0		4		0		0		0		0		0		1		0 
41		5		0		2		2		1		1		0		"Găng Ma Pháp"					61		19		7		54		0		52		16		0		0		0		4		0		0		0		0		0		1		0 
42		5		0		2		2		1		1		0		"Găng Phục Ma"					70		26		6		67		0		50		10		0		0		0		0		0		0		0		0		0		2		0 
43		5		0		2		2		1		1		0		"Găng Bão Điện"					87		34		6		75		380		56		20		0		0		0		0		0		0		0		0		0		2		0 
44		5		0		2		2		1		1		0		"Găng Nữ Vương"					102		29		0		86		380		62		20		170		0		0		0		0		0		0		0		0		2		0 
45		5		0		2		2		1		1		0		"Găng Thần Thoại"				100		56		7		86		380		222		32		0		0		0		0		0		1		0		0		0		0		0 
46		5		0		2		2		1		1		0		"Găng Hoàng Long"				97		42		7		86		380		74		162		0		0		0		0		0		1		0		0		0		0		0 
47		5		0		2		2		1		1		0		"Găng Bóng Ma"					101		49		7		86		380		212		57		0		0		0		0		0		0		0		1		0		0		0 
48		5		0		2		2		1		1		0		"Găng Hủy Diệt"					99		40		7		86		380		62		19		165		0		0		0		0		0		0		1		0		0		0 
49		5		0		2		2		1		1		0		"Găng Thiên Vũ"					100		43		7		86		380		55		197		0		0		0		0		0		0		1		0		0		0		0 
50		5		0		2		2		1		1		0		"Găng Anh Vũ"					95		36		7		86		380		32		29		138		0		0		0		0		0		1		0		0		0		0 
51		5		0		2		2		1		1		0		"Găng Đế Vương"					101		34		7		86		380		105		38		0		0		0		0		0		0		0		0		1		0		0 
52		5		0		2		2		1		1		0		"Găng Quỷ Vương"				100		31		7		86		380		60		15		181		0		0		0		1		0		0		0		0		0		0 
53		5		0		2		2		1		1		0		"Găng Chiêm Tinh"				98		80		7		86		380		60		15		0		0		0		0		0		0		0		0		0		3		0 

100		5		0		2		2		1		1		0		"Găng Huyết Thần DK"			114		62		7		90		380		170		60		0		0		0		0		0		3		0		0		0		0		0 
101		5		0		2		2		1		1		0		"Găng Huyết Thần DW"			111		46		7		86		380		44		15		0		0		0		0		3		0		0		0		0		0		0 
102		5		0		2		2		1		1		0		"Găng Huyết Thần Elf"			111		52		7		86		380		38		80		0		0		0		0		0		0		3		0		0		0		0 
103		5		0		2		2		1		1		0		"Găng Huyết Thần SM"			87		36		6		75		380		56		20		0		0		0		0		0		0		0		0		0		3		0 
104		5		0		2		2		1		1		0		"Găng Huyết Thần MG"			127		57		7		95		380		145		60		0		0		0		0		0		0		0		3		0		0		0 
105		5		0		2		2		1		1		0		"Găng Huyết Thần DL"			110		42		5		82		380		62		16		0		0		0		0		0		0		0		0		3		0		0 
107		5		0		2		2		1		1		0		"Găng Hắc Thần DK"				114		66		7		90		380		170		60		0		0		0		0		0		3		0		0		0		0		0 
108		5		0		2		2		1		1		0		"Găng Hắc Thần DW"				111		50		7		86		380		44		15		0		0		0		0		3		0		0		0		0		0		0 
109		5		0		2		2		1		1		0		"Găng Hắc Thần Elf"				111		56		7		86		380		38		80		0		0		0		0		0		0		3		0		0		0		0 
110		5		0		2		2		1		1		0		"Găng Hắc Thần SM"				87		40		6		75		380		56		20		0		0		0		0		0		0		0		0		0		3		0 
111		5		0		2		2		1		1		0		"Găng Hắc Thần MG"				127		61		7		95		380		145		60		0		0		0		0		0		0		0		3		0		0		0 
112		5		0		2		2		1		1		0		"Găng Hắc Thần DL"				110		46		5		82		380		62		16		0		0		0		0		0		0		0		0		3		0		0 
114		5		0		2		2		1		1		0		"Găng Thánh Thần DK"			114		68		7		90		380		170		60		0		0		0		0		0		3		0		0		0		0		0 
115		5		0		2		2		1		1		0		"Găng Thánh Thần DW"			111		52		7		86		380		44		15		0		0		0		0		3		0		0		0		0		0		0 
116		5		0		2		2		1		1		0		"Găng Thánh Thần Elf"			111		58		7		86		380		38		80		0		0		0		0		0		0		3		0		0		0		0 
117		5		0		2		2		1		1		0		"Găng Thánh Thần SM"			87		42		6		75		380		56		20		0		0		0		0		0		0		0		0		0		3		0 
118		5		0		2		2		1		1		0		"Găng Thánh Thần MG"			127		63		7		95		380		145		60		0		0		0		0		0		0		0		3		0		0		0 
119		5		0		2		2		1		1		0		"Găng Thánh Thần DL"			110		48		5		82		380		62		16		0		0		0		0		0		0		0		0		3		0		0 
121		5		0		2		2		1		1		0		"Găng Thức Tỉnh DK"				114		64		7		90		380		170		60		0		0		0		0		0		3		0		0		0		0		0 
122		5		0		2		2		1		1		0		"Găng Thức Tỉnh DW"				111		48		7		86		380		44		15		0		0		0		0		3		0		0		0		0		0		0 
123		5		0		2		2		1		1		0		"Găng Thức Tỉnh Elf"			111		54		7		86		380		38		80		0		0		0		0		0		0		3		0		0		0		0 
124		5		0		2		2		1		1		0		"Găng Thức Tỉnh SM"				87		38		6		75		380		56		20		0		0		0		0		0		0		0		0		0		3		0 
125		5		0		2		2		1		1		0		"Găng Thức Tỉnh MG"				127		59		7		95		380		145		60		0		0		0		0		0		0		0		3		0		0		0 
126		5		0		2		2		1		1		0		"Găng Thức Tỉnh DL"				110		44		5		82		380		62		16		0		0		0		0		0		0		0		0		3		0		0 
128		5		0		2		2		1		1		0		"Găng Mắt Xanh DK"				114		70		7		90		380		170		60		0		0		0		0		0		3		0		0		0		0		0 
129		5		0		2		2		1		1		0		"Găng Mắt Xanh DW"				111		54		7		86		380		44		15		0		0		0		0		3		0		0		0		0		0		0 
130		5		0		2		2		1		1		0		"Găng Mắt Xanh Elf"				111		60		7		86		380		38		80		0		0		0		0		0		0		3		0		0		0		0 
131		5		0		2		2		1		1		0		"Găng Mắt Xanh SM"				87		44		6		75		380		56		20		0		0		0		0		0		0		0		0		0		3		0 
132		5		0		2		2		1		1		0		"Găng Mắt Xanh MG"				127		65		7		95		380		145		60		0		0		0		0		0		0		0		3		0		0		0 
133		5		0		2		2		1		1		0		"Găng Mắt Xanh DL"				110		50		5		82		380		62		16		0		0		0		0		0		0		0		0		3		0		0 
135		5		0		2		2		1		1		0		"Găng Tim Bạc DK"				114		72		7		90		380		170		60		0		0		0		0		0		3		0		0		0		0		0 
136		5		0		2		2		1		1		0		"Găng Tim Bạc DW"				111		56		7		86		380		44		15		0		0		0		0		3		0		0		0		0		0		0 
137		5		0		2		2		1		1		0		"Găng Tim Bạc Elf"				111		62		7		86		380		38		80		0		0		0		0		0		0		3		0		0		0		0 
138		5		0		2		2		1		1		0		"Găng Tim Bạc SM"				87		46		6		75		380		56		20		0		0		0		0		0		0		0		0		0		3		0 
139		5		0		2		2		1		1		0		"Găng Tim Bạc MG"				127		67		7		95		380		145		60		0		0		0		0		0		0		0		3		0		0		0 
140		5		0		2		2		1		1		0		"Găng Tim Bạc DL"				110		52		5		82		380		62		16		0		0		0		0		0		0		0		0		3		0		0 
142		5		0		2		2		1		1		0		"Găng Mãnh Sư DK"				114		74		7		90		380		170		60		0		0		0		0		0		3		0		0		0		0		0 
143		5		0		2		2		1		1		0		"Găng Mãnh Sư DW"				111		58		7		86		380		44		15		0		0		0		0		3		0		0		0		0		0		0 
144		5		0		2		2		1		1		0		"Găng Mãnh Sư Elf"				111		64		7		86		380		38		80		0		0		0		0		0		0		3		0		0		0		0 
145		5		0		2		2		1		1		0		"Găng Mãnh Sư SM"				87		48		6		75		380		56		20		0		0		0		0		0		0		0		0		0		3		0 
146		5		0		2		2		1		1		0		"Găng Mãnh Sư MG"				127		69		7		95		380		145		60		0		0		0		0		0		0		0		3		0		0		0 
147		5		0		2		2		1		1		0		"Găng Mãnh Sư DL"				110		54		5		82		380		62		16		0		0		0		0		0		0		0		0		3		0		0 
149		5		0		2		2		1		1		0		"Găng Tinh Vân DK"				114		76		7		90		380		170		60		0		0		0		0		0		3		0		0		0		0		0 
150		5		0		2		2		1		1		0		"Găng Tinh Vân DW"				111		60		7		86		380		44		15		0		0		0		0		3		0		0		0		0		0		0 
151		5		0		2		2		1		1		0		"Găng Tinh Vân Elf"				111		66		7		86		380		38		80		0		0		0		0		0		0		3		0		0		0		0 
152		5		0		2		2		1		1		0		"Găng Tinh Vân SM"				87		50		6		75		380		56		20		0		0		0		0		0		0		0		0		0		3		0 
153		5		0		2		2		1		1		0		"Găng Tinh Vân MG"				127		71		7		95		380		145		60		0		0		0		0		0		0		0		3		0		0		0 
154		5		0		2		2		1		1		0		"Găng Tinh Vân DL"				110		56		5		82		380		62		16		0		0		0		0		0		0		0		0		3		0		0 
156		5		0		2		2		1		1		0		"Găng Tận Thế DK"				114		76		7		90		380		170		60		0		0		0		0		0		3		0		0		0		0		0 
157		5		0		2		2		1		1		0		"Găng Tận Thế DW"				111		60		7		86		380		44		15		0		0		0		0		3		0		0		0		0		0		0 
158		5		0		2		2		1		1		0		"Găng Tận Thế Elf"				111		66		7		86		380		38		80		0		0		0		0		0		0		3		0		0		0		0 
159		5		0		2		2		1		1		0		"Găng Tận Thế SM"				87		50		6		75		380		56		20		0		0		0		0		0		0		0		0		0		3		0 
160		5		0		2		2		1		1		0		"Găng Tận Thế MG"				127		71		7		95		380		145		60		0		0		0		0		0		0		0		3		0		0		0 
161		5		0		2		2		1		1		0		"Găng Tận Thế DL"				110		56		5		82		380		62		16		0		0		0		0		0		0		0		0		3		0		0 
163		5		0		2		2		1		1		0		"Găng Sấm Sét DK"				114		76		7		90		380		170		60		0		0		0		0		0		3		0		0		0		0		0 
164		5		0		2		2		1		1		0		"Găng Sấm Sét DW"				111		60		7		86		380		44		15		0		0		0		0		3		0		0		0		0		0		0 
165		5		0		2		2		1		1		0		"Găng Sấm Sét Elf"				111		66		7		86		380		38		80		0		0		0		0		0		0		3		0		0		0		0 
166		5		0		2		2		1		1		0		"Găng Sấm Sét SM"				87		50		6		75		380		56		20		0		0		0		0		0		0		0		0		0		3		0 
167		5		0		2		2		1		1		0		"Găng Sấm Sét MG"				127		71		7		95		380		145		60		0		0		0		0		0		0		0		3		0		0		0 
168		5		0		2		2		1		1		0		"Găng Sấm Sét DL"				110		56		5		82		380		62		16		0		0		0		0		0		0		0		0		3		0		0 
170		5		0		2		2		1		1		0		"Găng Huyền Thoại DK"			114		76		7		90		380		170		60		0		0		0		0		0		3		0		0		0		0		0 
171		5		0		2		2		1		1		0		"Găng Huyền Thoại DW"			111		60		7		86		380		44		15		0		0		0		0		3		0		0		0		0		0		0 
172		5		0		2		2		1		1		0		"Găng Huyền Thoại Elf"			111		66		7		86		380		38		80		0		0		0		0		0		0		3		0		0		0		0 
173		5		0		2		2		1		1		0		"Găng Huyền Thoại SM"			87		50		6		75		380		56		20		0		0		0		0		0		0		0		0		0		3		0 
174		5		0		2		2		1		1		0		"Găng Huyền Thoại MG"			127		71		7		95		380		145		60		0		0		0		0		0		0		0		3		0		0		0 
175		5		0		2		2		1		1		0		"Găng Huyền Thoại DL"			110		56		5		82		380		62		16		0		0		0		0		0		0		0		0		3		0		0 
177		5		0		2		2		1		1		0		"Găng Thanh Long DK"			114		76		7		90		380		170		60		0		0		0		0		0		3		0		0		0		0		0 
178		5		0		2		2		1		1		0		"Găng Thanh Long DW"			111		60		7		86		380		44		15		0		0		0		0		3		0		0		0		0		0		0 
179		5		0		2		2		1		1		0		"Găng Thanh Long Elf"			111		66		7		86		380		38		80		0		0		0		0		0		0		3		0		0		0		0 
180		5		0		2		2		1		1		0		"Găng Thanh Long SM"			87		50		6		75		380		56		20		0		0		0		0		0		0		0		0		0		3		0 
181		5		0		2		2		1		1		0		"Găng Thanh Long MG"			127		71		7		95		380		145		60		0		0		0		0		0		0		0		3		0		0		0 
182		5		0		2		2		1		1		0		"Găng Thanh Long DL"			110		56		5		82		380		62		16		0		0		0		0		0		0		0		0		3		0		0 
184		5		0		2		2		1		1		0		"Găng Thông Thiên DK"			114		76		7		90		380		170		60		0		0		0		0		0		3		0		0		0		0		0 
185		5		0		2		2		1		1		0		"Găng Thông Thiên DW"			111		60		7		86		380		44		15		0		0		0		0		3		0		0		0		0		0		0 
186		5		0		2		2		1		1		0		"Găng Thông Thiên Elf"			111		66		7		86		380		38		80		0		0		0		0		0		0		3		0		0		0		0 
187		5		0		2		2		1		1		0		"Găng Thông Thiên SM"			87		50		6		75		380		56		20		0		0		0		0		0		0		0		0		0		3		0 
188		5		0		2		2		1		1		0		"Găng Thông Thiên MG"			127		71		7		95		380		145		60		0		0		0		0		0		0		0		3		0		0		0 
189		5		0		2		2		1		1		0		"Găng Thông Thiên DL"			110		56		5		82		380		62		16		0		0		0		0		0		0		0		0		3		0		0 
end

//Index	Slot	Skill	X	Y	Serial	Option	Drop	Name			level	Defense	WalkSpeed	Dur	ReqLvl	ReqStr	ReqDex	ReqEne	ReqVit	ReqLead	SetAttr	DW/SM	DK/BK	ELF/ME	MG	DL SUM	RF
11
0		6		0		2		2		1		1		1		"Giày Đồng"						12		4		10		34		0		80		20		0		0		0		4		0		1		0		1		1		0		0 
1		6		0		2		2		1		1		1		"Giày Hỏa Long"					54		15		2		68		0		120		30		0		0		0		4		0		1		0		1		0		0		0 
2		6		0		2		2		1		1		1		"Giày Vải Thô"					4		3		10		28		0		20		0		0		0		0		4		1		0		0		1		0		0		0 
3		6		0		2		2		1		1		1		"Giày Ma Thuật"					46		12		0		42		0		30		0		0		0		0		4		1		0		0		1		0		0		0 
4		6		0		2		2		1		1		1		"Giày Xương"					16		6		6		30		0		30		0		0		0		0		4		1		0		0		1		0		0		0 
5		6		0		2		2		1		1		1		"Giày Da"						5		2		12		30		0		80		0		0		0		0		4		0		1		0		1		1		0		1 
6		6		0		2		2		1		1		1		"Giày Trâu Xanh"				22		8		8		40		0		110		0		0		0		0		4		0		1		0		1		1		0		1 
7		6		0		2		2		1		1		1		"Giày Nhân Sư"					30		9		8		36		0		30		0		0		0		0		4		1		0		0		1		0		0		0 
8		6		0		2		2		1		1		1		"Giày Thiên Kim"				32		10		6		44		0		100		30		0		0		0		4		0		1		0		1		0		0		1 
9		6		0		2		2		1		1		1		"Giày Thiết Phiến"				42		12		4		50		0		130		0		0		0		0		4		0		1		0		1		0		0		1 
10		6		0		2		2		1		1		1		"Giày Trinh Nữ"					5		2		0		22		0		30		60		0		0		0		4		0		0		1		0		0		0		0 
11		6		0		2		2		1		1		1		"Giày Lụa"						15		4		0		26		0		30		70		0		0		0		4		0		0		1		0		0		0		0 
12		6		0		2		2		1		1		1		"Giày Thiên Thanh"				27		7		0		32		0		30		80		0		0		0		4		0		0		1		0		0		0		0 
13		6		0		2		2		1		1		1		"Giày Ngọc Bích"				40		10		0		38		0		40		80		0		0		0		4		0		0		1		0		0		0		0 
14		6		0		2		2		1		1		1		"Giày Kim Ngân"					52		16		0		45		0		40		80		0		0		0		4		0		0		1		0		0		0		0 
15		6		0		2		2		1		1		0		"Giày Phong Vũ"					72		22		2		80		0		150		70		0		0		0		4		0		0		0		1		0		0		0 
16		6		0		2		2		1		1		0		"Giày Hắc Long"					78		24		2		74		0		170		60		0		0		0		4		0		1		0		0		0		0		0 
17		6		0		2		2		1		1		0		"Giày Phượng Hoàng"				93		40		2		80		0		198		60		0		0		0		4		0		2		0		0		0		0		0 
18		6		0		2		2		1		1		0		"Giày Triệu Hồn"				76		22		0		67		0		59		10		0		0		0		4		2		0		0		0		0		0		0 
19		6		0		2		2		1		1		0		"Giày Giai Nhân"				81		30		0		74		0		50		110		0		0		0		4		0		0		2		0		0		0		0 
20		6		0		2		2		1		1		0		"Giày Lôi Phong"				92		37		2		82		0		150		70		0		0		0		4		0		0		0		1		0		0		0 
21		6		0		2		2		1		1		0		"Giày Thần Long"				98		50		0		86		0		200		58		0		0		0		4		0		2		0		0		0		0		0 
22		6		0		2		2		1		1		0		"Giày Ma Vương"					95		31		0		75		0		55		18		0		0		0		4		2		0		0		0		0		0		0 
23		6		0		2		2		1		1		0		"Giày Cuồng Phong"				110		50		0		90		0		162		66		0		0		0		4		0		0		0		1		0		0		0 
24		6		0		2		2		1		1		0		"Giày Thánh Nữ"					87		40		0		80		0		52		115		0		0		0		4		0		0		2		0		0		0		0 
25		6		0		2		2		1		1		1		"Giày Thiết Ma"					45		13		0		42		0		70		20		0		0		0		4		0		0		0		0		1		0		0 
26		6		0		2		2		1		1		1		"Giày Huyền Thiết"				60		20		0		56		0		77		21		0		0		0		4		0		0		0		0		1		0		0 
27		6		0		2		2		1		1		0		"Giày Hắc Vương"				83		25		0		70		0		84		22		0		0		0		4		0		0		0		0		1		0		0 
28		6		0		2		2		1		1		0		"Giày Chí Tôn"					95		33		0		78		0		80		21		0		0		0		4		0		0		0		0		1		0		0 
29		6		0		2		2		1		1		0		"Giày Quyền Năng"				119		63		0		90		380		170		60		0		0		0		0		0		2		0		0		0		0		0 
30		6		0		2		2		1		1		0		"Giày Thần Ma"					119		47		0		86		380		44		15		0		0		0		0		2		0		0		0		0		0		0 
31		6		0		2		2		1		1		0		"Giày Thái Bình"				119		53		0		86		380		38		80		0		0		0		0		0		0		2		0		0		0		0 
32		6		0		2		2		1		1		0		"Giày Hồng Long"				131		61		0		95		380		145		60		0		0		0		0		0		0		0		1		0		0		0 
33		6		0		2		2		1		1		0		"Giày Thái Dương"				121		44		0		82		380		62		16		0		0		0		0		0		0		0		0		1		0		0 
34		6		0		2		2		1		1		0		"Giày Hắc Điểu"					68		19		0		72		0		160		50		0		0		0		0		0		1		0		0		0		0		0 
35		6		0		2		2		1		1		0		"Giày Ánh Trăng"				68		17		0		54		0		53		12		0		0		0		0		1		0		0		0		0		0		0 
36		6		0		2		2		1		1		0		"Giày Nữ Thần"					68		23		0		59		0		50		70		0		0		0		0		0		0		1		0		0		0		0 
37		6		0		2		2		1		1		0		"Giày Hỏa Thần"					98		29		0		81		0		155		50		0		0		0		0		0		0		0		1		0		0		0 
38		6		0		2		2		1		1		0		"Giày Hoàng Kim"				98		29		0		74		0		80		21		0		0		0		0		0		0		0		0		1		0		0 
39		6		0		2		2		1		1		1		"Giày Thuật Sĩ"					26		11		0		36		0		27		0		0		0		0		4		0		0		0		0		0		1		0 
40		6		0		2		2		1		1		0		"Giày Hỏa Thiên"				46		15		0		42		0		25		4		0		0		0		4		0		0		0		0		0		1		0 
41		6		0		2		2		1		1		0		"Giày Ma Pháp"					65		21		0		54		0		53		16		0		0		0		4		0		0		0		0		0		1		0 
42		6		0		2		2		1		1		0		"Giày Phục Ma"					76		28		0		67		0		60		10		0		0		0		0		0		0		0		0		0		2		0 
43		6		0		2		2		1		1		0		"Giày Bão Điện"					95		38		0		75		380		57		20		0		0		0		0		0		0		0		0		0		2		0 
44		6		0		2		2		1		1		0		"Giày Nữ Vương"					99		32		0		86		380		62		20		170		0		0		0		0		0		0		0		0		2		0 
45		6		0		2		2		1		1		0		"Giày Thần Thoại"				96		57		0		86		380		222		32		0		0		0		0		0		1		0		0		0		0		0 
46		6		0		2		2		1		1		0		"Giày Hoàng Long"				93		45		0		86		380		74		162		0		0		0		0		0		1		0		0		0		0		0 
47		6		0		2		2		1		1		0		"Giày Bóng Ma"					97		54		0		86		380		212		57		0		0		0		0		0		0		0		1		0		0		0 
48		6		0		2		2		1		1		0		"Giày Hủy Diệt"					94		44		0		86		380		62		19		165		0		0		0		0		0		0		1		0		0		0 
49		6		0		2		2		1		1		0		"Giày Thiên Vũ"					97		42		0		86		380		55		197		0		0		0		0		0		0		1		0		0		0		0 
50		6		0		2		2		1		1		0		"Giày Anh Vũ"					92		35		0		86		380		32		29		138		0		0		0		0		0		1		0		0		0		0 
51		6		0		2		2		1		1		0		"Giày Đế Vương"					98		38		0		86		380		105		38		0		0		0		0		0		0		0		0		1		0		0 
52		6		0		2		2		1		1		0		"Giày Quỷ Vương"				94		34		0		86		380		60		15		181		0		0		0		1		0		0		0		0		0		0 
53		6		0		2		2		1		1		0		"Giày Chiêm Tinh"				97		80		0		86		380		60		15		0		0		0		0		0		0		0		0		0		3		0 
59		6		0		2		2		1		1		0		"Giày Địa Long"					50		20		0		52		0		85		0		0		75		0		0		0		0		0		0		0		0		1 
60		6		0		2		2		1		1		0		"Giày Bạch Hổ"					62		28		0		68		0		100		0		0		90		0		0		0		0		0		0		0		0		1 
61		6		0		2		2		1		1		0		"Giày Quyền Lực"				82		36		0		82		0		115		0		0		100		0		0		0		0		0		0		0		0		1 
73		6		0		2		2		1		1		0		"Giày Bạch Long"				119		57		0		88		380		97		0		0		85		0		0		0		0		0		0		0		0		1 
77		6		0		2		2		1		1		0		"Giày Huyết Long"				119		57		0		88		380		97		0		0		85		0		0		0		0		0		0		0		0		3 

100		6		0		2		2		1		1		0		"Giày Huyết Thần DK"			119		65		0		90		380		170		60		0		0		0		0		0		3		0		0		0		0		0 
101		6		0		2		2		1		1		0		"Giày Huyết Thần DW"			119		49		0		86		380		44		15		0		0		0		0		3		0		0		0		0		0		0 
102		6		0		2		2		1		1		0		"Giày Huyết Thần Elf"			119		55		0		86		380		38		80		0		0		0		0		0		0		3		0		0		0		0 
103		6		0		2		2		1		1		0		"Giày Huyết Thần SM"			95		40		0		75		380		57		20		0		0		0		0		0		0		0		0		0		3		0 
104		6		0		2		2		1		1		0		"Giày Huyết Thần MG"			131		63		0		95		380		145		60		0		0		0		0		0		0		0		3		0		0		0 
105		6		0		2		2		1		1		0		"Giày Huyết Thần DL"			121		46		0		82		380		62		16		0		0		0		0		0		0		0		0		3		0		0 
106		6		0		2		2		1		1		0		"Giày Huyết Thần RF"			119		59		0		88		380		97		0		0		85		0		0		0		0		0		0		0		0		3 
107		6		0		2		2		1		1		0		"Giày Hắc Thần DK"				119		69		0		90		380		170		60		0		0		0		0		0		3		0		0		0		0		0 
108		6		0		2		2		1		1		0		"Giày Hắc Thần DW"				119		53		0		86		380		44		15		0		0		0		0		3		0		0		0		0		0		0 
109		6		0		2		2		1		1		0		"Giày Hắc Thần Elf"				119		59		0		86		380		38		80		0		0		0		0		0		0		3		0		0		0		0 
110		6		0		2		2		1		1		0		"Giày Hắc Thần SM"				95		44		0		75		380		57		20		0		0		0		0		0		0		0		0		0		3		0 
111		6		0		2		2		1		1		0		"Giày Hắc Thần MG"				131		67		0		95		380		145		60		0		0		0		0		0		0		0		3		0		0		0 
112		6		0		2		2		1		1		0		"Giày Hắc Thần DL"				121		50		0		82		380		62		16		0		0		0		0		0		0		0		0		3		0		0 
113		6		0		2		2		1		1		0		"Giày Hắc Thần RF"				119		63		0		88		380		97		0		0		85		0		0		0		0		0		0		0		0		3 
114		6		0		2		2		1		1		0		"Giày Thánh Thần DK"			119		71		0		90		380		170		60		0		0		0		0		0		3		0		0		0		0		0 
115		6		0		2		2		1		1		0		"Giày Thánh Thần DW"			119		55		0		86		380		44		15		0		0		0		0		3		0		0		0		0		0		0 
116		6		0		2		2		1		1		0		"Giày Thánh Thần Elf"			119		61		0		86		380		38		80		0		0		0		0		0		0		3		0		0		0		0 
117		6		0		2		2		1		1		0		"Giày Thánh Thần SM"			95		46		0		75		380		57		20		0		0		0		0		0		0		0		0		0		3		0 
118		6		0		2		2		1		1		0		"Giày Thánh Thần MG"			131		69		0		95		380		145		60		0		0		0		0		0		0		0		3		0		0		0 
119		6		0		2		2		1		1		0		"Giày Thánh Thần DL"			121		52		0		82		380		62		16		0		0		0		0		0		0		0		0		3		0		0 
120		6		0		2		2		1		1		0		"Giày Thánh Thần RF"			119		65		0		88		380		97		0		0		85		0		0		0		0		0		0		0		0		3 
121		6		0		2		2		1		1		0		"Giày Thức Tỉnh DK"				119		67		0		90		380		170		60		0		0		0		0		0		3		0		0		0		0		0 
122		6		0		2		2		1		1		0		"Giày Thức Tỉnh DW"				119		51		0		86		380		44		15		0		0		0		0		3		0		0		0		0		0		0 
123		6		0		2		2		1		1		0		"Giày Thức Tỉnh Elf"			119		57		0		86		380		38		80		0		0		0		0		0		0		3		0		0		0		0 
124		6		0		2		2		1		1		0		"Giày Thức Tỉnh SM"				95		42		0		75		380		57		20		0		0		0		0		0		0		0		0		0		3		0 
125		6		0		2		2		1		1		0		"Giày Thức Tỉnh MG"				131		65		0		95		380		145		60		0		0		0		0		0		0		0		3		0		0		0 
126		6		0		2		2		1		1		0		"Giày Thức Tỉnh DL"				121		48		0		82		380		62		16		0		0		0		0		0		0		0		0		3		0		0 
127		6		0		2		2		1		1		0		"Giày Thức Tỉnh RF"				119		61		0		88		380		97		0		0		85		0		0		0		0		0		0		0		0		3 
128		6		0		2		2		1		1		0		"Giày Mắt Xanh DK"				119		73		0		90		380		170		60		0		0		0		0		0		3		0		0		0		0		0 
129		6		0		2		2		1		1		0		"Giày Mắt Xanh DW"				119		57		0		86		380		44		15		0		0		0		0		3		0		0		0		0		0		0 
130		6		0		2		2		1		1		0		"Giày Mắt Xanh Elf"				119		63		0		86		380		38		80		0		0		0		0		0		0		3		0		0		0		0 
131		6		0		2		2		1		1		0		"Giày Mắt Xanh SM"				95		48		0		75		380		57		20		0		0		0		0		0		0		0		0		0		3		0 
132		6		0		2		2		1		1		0		"Giày Mắt Xanh MG"				131		71		0		95		380		145		60		0		0		0		0		0		0		0		3		0		0		0 
133		6		0		2		2		1		1		0		"Giày Mắt Xanh DL"				121		54		0		82		380		62		16		0		0		0		0		0		0		0		0		3		0		0 
134		6		0		2		2		1		1		0		"Giày Mắt Xanh RF"				119		67		0		88		380		97		0		0		85		0		0		0		0		0		0		0		0		3 
135		6		0		2		2		1		1		0		"Giày Tim Bạc DK"				119		75		0		90		380		170		60		0		0		0		0		0		3		0		0		0		0		0 
136		6		0		2		2		1		1		0		"Giày Tim Bạc DW"				119		59		0		86		380		44		15		0		0		0		0		3		0		0		0		0		0		0 
137		6		0		2		2		1		1		0		"Giày Tim Bạc Elf"				119		65		0		86		380		38		80		0		0		0		0		0		0		3		0		0		0		0 
138		6		0		2		2		1		1		0		"Giày Tim Bạc SM"				95		50		0		75		380		57		20		0		0		0		0		0		0		0		0		0		3		0 
139		6		0		2		2		1		1		0		"Giày Tim Bạc MG"				131		73		0		95		380		145		60		0		0		0		0		0		0		0		3		0		0		0 
140		6		0		2		2		1		1		0		"Giày Tim Bạc DL"				121		56		0		82		380		62		16		0		0		0		0		0		0		0		0		3		0		0 
141		6		0		2		2		1		1		0		"Giày Tim Bạc RF"				119		69		0		88		380		97		0		0		85		0		0		0		0		0		0		0		0		3 
142		6		0		2		2		1		1		0		"Giày Mãnh Sư DK"				119		77		0		90		380		170		60		0		0		0		0		0		3		0		0		0		0		0 
143		6		0		2		2		1		1		0		"Giày Mãnh Sư DW"				119		61		0		86		380		44		15		0		0		0		0		3		0		0		0		0		0		0 
144		6		0		2		2		1		1		0		"Giày Mãnh Sư Elf"				119		67		0		86		380		38		80		0		0		0		0		0		0		3		0		0		0		0 
145		6		0		2		2		1		1		0		"Giày Mãnh Sư SM"				95		52		0		75		380		57		20		0		0		0		0		0		0		0		0		0		3		0 
146		6		0		2		2		1		1		0		"Giày Mãnh Sư MG"				131		75		0		95		380		145		60		0		0		0		0		0		0		0		3		0		0		0 
147		6		0		2		2		1		1		0		"Giày Mãnh Sư DL"				121		58		0		82		380		62		16		0		0		0		0		0		0		0		0		3		0		0 
148		6		0		2		2		1		1		0		"Giày Mãnh Sư RF"				119		71		0		88		380		97		0		0		85		0		0		0		0		0		0		0		0		3 
149		6		0		2		2		1		1		0		"Giày Tinh Vân DK"				119		79		0		90		380		170		60		0		0		0		0		0		3		0		0		0		0		0 
150		6		0		2		2		1		1		0		"Giày Tinh Vân DW"				119		63		0		86		380		44		15		0		0		0		0		3		0		0		0		0		0		0 
151		6		0		2		2		1		1		0		"Giày Tinh Vân Elf"				119		69		0		86		380		38		80		0		0		0		0		0		0		3		0		0		0		0 
152		6		0		2		2		1		1		0		"Giày Tinh Vân SM"				95		54		0		75		380		57		20		0		0		0		0		0		0		0		0		0		3		0 
153		6		0		2		2		1		1		0		"Giày Tinh Vân MG"				131		77		0		95		380		145		60		0		0		0		0		0		0		0		3		0		0		0 
154		6		0		2		2		1		1		0		"Giày Tinh Vân DL"				121		60		0		82		380		62		16		0		0		0		0		0		0		0		0		3		0		0 
155		6		0		2		2		1		1		0		"Giày Tinh Vân RF"				119		73		0		88		380		97		0		0		85		0		0		0		0		0		0		0		0		3 
156		6		0		2		2		1		1		0		"Giày Tận Thế DK"				119		79		0		90		380		170		60		0		0		0		0		0		3		0		0		0		0		0 
157		6		0		2		2		1		1		0		"Giày Tận Thế DW"				119		63		0		86		380		44		15		0		0		0		0		3		0		0		0		0		0		0 
158		6		0		2		2		1		1		0		"Giày Tận Thế Elf"				119		69		0		86		380		38		80		0		0		0		0		0		0		3		0		0		0		0 
159		6		0		2		2		1		1		0		"Giày Tận Thế SM"				95		54		0		75		380		57		20		0		0		0		0		0		0		0		0		0		3		0 
160		6		0		2		2		1		1		0		"Giày Tận Thế MG"				131		77		0		95		380		145		60		0		0		0		0		0		0		0		3		0		0		0 
161		6		0		2		2		1		1		0		"Giày Tận Thế DL"				121		60		0		82		380		62		16		0		0		0		0		0		0		0		0		3		0		0 
162		6		0		2		2		1		1		0		"Giày Tận Thế RF"				119		73		0		88		380		97		0		0		85		0		0		0		0		0		0		0		0		3 
163		6		0		2		2		1		1		0		"Giày Sấm Sét DK"				119		79		0		90		380		170		60		0		0		0		0		0		3		0		0		0		0		0 
164		6		0		2		2		1		1		0		"Giày Sấm Sét DW"				119		63		0		86		380		44		15		0		0		0		0		3		0		0		0		0		0		0 
165		6		0		2		2		1		1		0		"Giày Sấm Sét Elf"				119		69		0		86		380		38		80		0		0		0		0		0		0		3		0		0		0		0 
166		6		0		2		2		1		1		0		"Giày Sấm Sét SM"				95		54		0		75		380		57		20		0		0		0		0		0		0		0		0		0		3		0 
167		6		0		2		2		1		1		0		"Giày Sấm Sét MG"				131		77		0		95		380		145		60		0		0		0		0		0		0		0		3		0		0		0 
168		6		0		2		2		1		1		0		"Giày Sấm Sét DL"				121		60		0		82		380		62		16		0		0		0		0		0		0		0		0		3		0		0 
169		6		0		2		2		1		1		0		"Giày Sấm Sét RF"				119		73		0		88		380		97		0		0		85		0		0		0		0		0		0		0		0		3 
170		6		0		2		2		1		1		0		"Giày Huyền Thoại DK"			119		79		0		90		380		170		60		0		0		0		0		0		3		0		0		0		0		0 
171		6		0		2		2		1		1		0		"Giày Huyền Thoại DW"			119		63		0		86		380		44		15		0		0		0		0		3		0		0		0		0		0		0 
172		6		0		2		2		1		1		0		"Giày Huyền Thoại Elf"			119		69		0		86		380		38		80		0		0		0		0		0		0		3		0		0		0		0 
173		6		0		2		2		1		1		0		"Giày Huyền Thoại SM"			95		54		0		75		380		57		20		0		0		0		0		0		0		0		0		0		3		0 
174		6		0		2		2		1		1		0		"Giày Huyền Thoại MG"			131		77		0		95		380		145		60		0		0		0		0		0		0		0		3		0		0		0 
175		6		0		2		2		1		1		0		"Giày Huyền Thoại DL"			121		60		0		82		380		62		16		0		0		0		0		0		0		0		0		3		0		0 
176		6		0		2		2		1		1		0		"Giày Huyền Thoại RF"			119		73		0		88		380		97		0		0		85		0		0		0		0		0		0		0		0		3 
177		6		0		2		2		1		1		0		"Giày Thanh Long DK"			119		79		0		90		380		170		60		0		0		0		0		0		3		0		0		0		0		0 
178		6		0		2		2		1		1		0		"Giày Thanh Long DW"			119		63		0		86		380		44		15		0		0		0		0		3		0		0		0		0		0		0 
179		6		0		2		2		1		1		0		"Giày Thanh Long Elf"			119		69		0		86		380		38		80		0		0		0		0		0		0		3		0		0		0		0 
180		6		0		2		2		1		1		0		"Giày Thanh Long SM"			95		54		0		75		380		57		20		0		0		0		0		0		0		0		0		0		3		0 
181		6		0		2		2		1		1		0		"Giày Thanh Long MG"			131		77		0		95		380		145		60		0		0		0		0		0		0		0		3		0		0		0 
182		6		0		2		2		1		1		0		"Giày Thanh Long DL"			121		60		0		82		380		62		16		0		0		0		0		0		0		0		0		3		0		0 
183		6		0		2		2		1		1		0		"Giày Thanh Long RF"			119		73		0		88		380		97		0		0		85		0		0		0		0		0		0		0		0		3 
184		6		0		2		2		1		1		0		"Giày Thông Thiên DK"			119		79		0		90		380		170		60		0		0		0		0		0		3		0		0		0		0		0 
185		6		0		2		2		1		1		0		"Giày Thông Thiên DW"			119		63		0		86		380		44		15		0		0		0		0		3		0		0		0		0		0		0 
186		6		0		2		2		1		1		0		"Giày Thông Thiên Elf"			119		69		0		86		380		38		80		0		0		0		0		0		0		3		0		0		0		0 
187		6		0		2		2		1		1		0		"Giày Thông Thiên SM"			95		54		0		75		380		57		20		0		0		0		0		0		0		0		0		0		3		0 
188		6		0		2		2		1		1		0		"Giày Thông Thiên MG"			131		77		0		95		380		145		60		0		0		0		0		0		0		0		3		0		0		0 
189		6		0		2		2		1		1		0		"Giày Thông Thiên DL"			121		60		0		82		380		62		16		0		0		0		0		0		0		0		0		3		0		0 
190		6		0		2		2		1		1		0		"Giày Thông Thiên RF"			119		73		0		88		380		97		0		0		85		0		0		0		0		0		0		0		0		3 
end

//Index	Slot	Skill	X	Y	Serial	Option	Drop	Name			level	Defense	Dur	ReqLvl	ReqEne	ReqStr	ReqDex	ReqLead BuyMoney	DW/SM	DK/BK	ELF/ME	MG	DL SUM	RF
12
0		7		0		3		2		1		1		0		"Cánh Tiên Nữ"					100		10		200		180		0		0		0		0		0		0		0		1		0		0		0		0 
1		7		0		3		3		1		1		0		"Cánh Thiên Đàng"				100		10		200		180		0		0		0		0		0		1		0		0		1		0		0		0 
2		7		0		3		2		1		1		0		"Cánh Quỷ"						100		20		200		180		0		0		0		0		0		0		1		0		1		0		0		0 
3		7		0		3		3		1		1		0		"Cánh Tinh Thần"				150		30		200		215		0		0		0		0		0		0		0		2		0		0		0		0 
4		7		0		3		3		1		1		0		"Cánh Linh Hồn"					150		30		200		215		0		0		0		0		0		2		0		0		0		0		0		0 
5		7		0		3		3		1		1		0		"Cánh Rồng"						150		45		200		215		0		0		0		0		0		0		2		0		0		0		0		0 
6		7		0		3		2		1		1		0		"Cánh Bóng Đêm"					150		40		200		215		0		0		0		0		0		0		0		0		1		0		0		0 
7		-1		0		1		1		1		1		1		"Ngọc Chém Xoáy"				47		0		0		80		0		0		0		0		29000		0		1		0		1		0		0		0 
8		-1		0		1		1		1		1		1		"Ngọc Phục Hồi Máu"				8		0		0		0		100		0		0		0		800		0		0		1		0		0		0		0 
9		-1		0		1		1		1		1		1		"Ngọc Tăng Phòng Thủ"			13		0		0		0		100		0		0		0		3000		0		0		1		0		0		0		0 
10		-1		0		1		1		1		1		1		"Ngọc Tăng Tấn Công"			18		0		0		0		100		0		0		0		7000		0		0		1		0		0		0		0 
11		-1		0		1		1		1		1		1		"Ngọc Triệu Hồi"				3		0		0		0		0		0		0		0		150		0		0		1		0		0		0		0 
12		-1		0		1		1		1		1		1		"Ngọc Địa Chấn"					78		0		0		170		0		0		0		0		150000		0		2		0		0		0		0		0 
13		-1		0		1		1		1		1		1		"Ngọc Đâm Xoáy"					20		0		0		28		0		0		0		0		10000		0		1		0		1		0		0		0 
14		-1		0		1		1		1		1		1		"Ngọc Tăng Lượng Máu"			60		0		0		120		0		0		0		0		43000		0		1		0		0		0		0		0 
15		-1		0		1		1		1		1		0		"Ngọc Hỗn Nguyên"				12		0		0		0		0		0		0		0		0		1		1		1		1		1		0		0 
16		-1		0		1		1		1		1		1		"Ngọc Chém Lửa"					60		0		0		0		0		320		0		0		51000		0		0		0		1		0		0		0 
17		-1		0		1		1		1		1		1		"Ngọc Xuyên Tâm Tiễn"			64		0		0		130		0		0		0		0		72000		0		0		1		0		0		0		0 
18		-1		0		1		1		1		1		1		"Ngọc Mũi Tên Băng"				81		0		0		0		0		0		258		0		195000		0		0		2		0		0		0		0 
19		-1		0		1		1		1		1		1		"Ngọc Đâm Gió"					72		0		0		160		0		0		0		0		85000		0		2		0		0		0		0		0 
21		-1		0		1		2		1		1		1		"Xích Hỏa Long"					74		0		0		0		20		0		0		0		115000		0		0		0		0		1		0		0 
22		-1		0		1		2		1		1		1		"Triệu Hồi Thành viên"			98		0		0		0		34		0		0		400		375000		0		0		0		0		1		0		0 
23		-1		0		1		2		1		1		1		"Tăng Sát Thương"				82		0		0		0		25		0		0		300		220000		0		0		0		0		1		0		0 
24		-1		0		1		2		1		1		1		"Tập hợp năng lượng"			92		0		0		0		29		0		0		340		295000		0		0		0		0		1		0		0 
26		-1		0		1		1		1		1		0		"Cẩm Thách Huyền Bí"			0		0		0		0		0		0		0		0		0		1		1		1		1		1		1		0 

30		-1		0		1		1		1		1		0		"Cụm Ngọc Ước Nguyện"			25		0		0		0		0		0		0		0		0		1		1		1		1		1		1		0 
31		-1		0		1		1		1		1		0		"Cụm Ngọc Tâm Linh"				30		0		0		0		0		0		0		0		0		1		1		1		1		1		1		0 
32		-1		0		1		1		1		1		0		"(Box) Vũ Khí Rồng"				0		0		0		0		0		0		0		0		0		1		1		1		1		1		1		0 
33		-1		0		1		1		1		1		0		"(Box) Lông Vũ"					0		0		0		0		0		0		0		0		0		1		1		1		1		1		1		0 
34		-1		0		1		1		1		1		0		"(Box) Trang Sức"				0		0		0		0		0		0		0		0		0		1		1		1		1		1		1		0 
35		-1		0		1		2		1		1		1		"Sách Hỏa Âm"					102		0		0		0		32		0		0		70		300000		0		0		0		0		1		0		0 
36		7		0		3		3		1		1		0		"Cánh Cuồng Phong"				0		60		220		300		0		0		0		0		0		0		3		0		0		0		0		0 
37		7		0		3		3		1		1		0		"Cánh Thiên Sứ"					0		45		220		300		0		0		0		0		0		3		0		0		0		0		0		0 
38		7		0		3		3		1		1		0		"Cánh Ngũ Sắc"					0		45		220		300		0		0		0		0		0		0		0		3		0		0		0		0 
39		7		0		3		3		1		1		0		"Cánh Lôi Vũ"					0		55		220		300		0		0		0		0		0		0		0		0		3		0		0		0 
40		7		0		2		3		1		1		0		"Áo Choàng Đế Vương"			0		45		220		300		0		0		0		0		0		0		0		0		0		3		0		0 
41		7		0		3		2		1		1		0		"Cánh Vũ Linh"					100		10		200		180		0		0		0		0		0		0		0		0		0		0		1		0 
42		7		0		3		3		1		1		0		"Cánh Hỏa Thiên"				0		30		200		215		0		0		0		0		0		0		0		0		0		0		2		0 
43		7		0		3		3		1		1		0		"Cánh Phượng Hoàng"				0		45		220		300		0		0		0		0		0		0		0		0		0		0		3		0 
44		-1		0		1		1		1		1		1		"Ngọc Chém Băng"				100		0		0		220		0		0		0		0		380000		0		2		0		0		0		0		0 
45		-1		0		1		1		1		1		1		"Ngọc Liên Hoàn Tiễn"			100		0		0		220		0		0		0		0		380000		0		0		2		0		0		0		0 
46		-1		0		1		1		1		1		1		"Ngọc Phục Hồi SD"				100		0		0		220		37		0		0		0		250000		0		0		2		0		0		0		0 
47		-1		0		1		1		1		1		1		"Ngọc Kiếm Lửa"					100		0		0		220		0		0		0		0		380000		0		0		0		1		0		0		0 
48		-1		0		1		2		1		1		1		"Sách Bóng Ma"					100		0		0		220		16		0		0		0		380000		0		0		0		0		1		0		0 
49		7		0		2		3		1		1		0		"Áo Choàng Chiến Binh"			180		15		200		180		0		0		0		0		0		0		0		0		0		0		0		1 
50		7		0		2		3		1		1		0		"Áo Choàng Uy Quyền"			0		45		220		300		0		0		0		0		0		0		0		0		0		0		0		3 

60		-1		0		1		1		1		1		0		"Huy Hiệu Lửa"					150		0		0		0		0		0		0		0		500000		1		1		1		1		1		1		1 
61		-1		0		1		1		1		1		0		"Huy Hiệu Nước"					150		0		0		0		0		0		0		0		500000		1		1		1		1		1		1		1 
62		-1		0		1		1		1		1		0		"Huy Hiệu Băng"					150		0		0		0		0		0		0		0		500000		1		1		1		1		1		1		1 
63		-1		0		1		1		1		1		0		"Huy Hiệu Gió"					150		0		0		0		0		0		0		0		500000		1		1		1		1		1		1		1 
64		-1		0		1		1		1		1		0		"Huy Hiệu Sét"					150		0		0		0		0		0		0		0		500000		1		1		1		1		1		1		1 
65		-1		0		1		1		1		1		0		"Huy Hiệu Đất"					150		0		0		0		0		0		0		0		500000		1		1		1		1		1		1		1 
70		-1		0		1		1		1		1		0		"Khuôn (Cấp 1)"					102		0		0		0		0		0		0		0		100000		1		1		1		1		1		1		1 
71		-1		0		1		1		1		1		0		"Khuôn (Cấp 2)"					122		0		0		0		0		0		0		0		150000		1		1		1		1		1		1		1 
72		-1		0		1		1		1		1		0		"Khuôn (Cấp 3)"					132		0		0		0		0		0		0		0		200000		1		1		1		1		1		1		1 
73		-1		0		1		1		1		1		0		"Khuôn (Cấp 4)"					142		0		0		0		0		0		0		0		250000		1		1		1		1		1		1		1 
74		-1		0		1		1		1		1		0		"Khuôn (Cấp 5)"					152		0		0		0		0		0		0		0		300000		1		1		1		1		1		1		1 

100		-1		0		1		1		1		1		0		"Nguyên Tố Lửa"					1		0		0		0		0		0		0		0		1050000		1		1		1		1		1		1		1 
101		-1		0		1		1		1		1		0		"Nguyên Tố Nước"				1		0		0		0		0		0		0		0		1050000		1		1		1		1		1		1		1 
102		-1		0		1		1		1		1		0		"Nguyên Tố Băng"				1		0		0		0		0		0		0		0		1050000		1		1		1		1		1		1		1 
103		-1		0		1		1		1		1		0		"Nguyên Tố Gió"					1		0		0		0		0		0		0		0		1050000		1		1		1		1		1		1		1 
104		-1		0		1		1		1		1		0		"Nguyên Tố Sét"					1		0		0		0		0		0		0		0		1050000		1		1		1		1		1		1		1 
105		-1		0		1		1		1		1		0		"Nguyên Tố Đất"					1		0		0		0		0		0		0		0		1050000		1		1		1		1		1		1		1 
106		-1		0		1		1		1		1		0		"Nguyên Tố Lửa"					2		0		0		0		0		0		0		0		1125000		1		1		1		1		1		1		1 
107		-1		0		1		1		1		1		0		"Nguyên Tố Nước"				2		0		0		0		0		0		0		0		1125000		1		1		1		1		1		1		1 
108		-1		0		1		1		1		1		0		"Nguyên Tố Băng"				2		0		0		0		0		0		0		0		1125000		1		1		1		1		1		1		1 
109		-1		0		1		1		1		1		0		"Nguyên Tố Gió"					2		0		0		0		0		0		0		0		1125000		1		1		1		1		1		1		1 
110		-1		0		1		1		1		1		0		"Nguyên Tố Sét"					2		0		0		0		0		0		0		0		1125000		1		1		1		1		1		1		1 
111		-1		0		1		1		1		1		0		"Nguyên Tố Đất"					2		0		0		0		0		0		0		0		1125000		1		1		1		1		1		1		1 
112		-1		0		1		1		1		1		0		"Nguyên Tố Lửa"					3		0		0		0		0		0		0		0		1200000		1		1		1		1		1		1		1 
113		-1		0		1		1		1		1		0		"Nguyên Tố Nước"				3		0		0		0		0		0		0		0		1200000		1		1		1		1		1		1		1 
114		-1		0		1		1		1		1		0		"Nguyên Tố Băng"				3		0		0		0		0		0		0		0		1200000		1		1		1		1		1		1		1 
115		-1		0		1		1		1		1		0		"Nguyên Tố Gió"					3		0		0		0		0		0		0		0		1200000		1		1		1		1		1		1		1 
116		-1		0		1		1		1		1		0		"Nguyên Tố Sét"					3		0		0		0		0		0		0		0		1200000		1		1		1		1		1		1		1 
117		-1		0		1		1		1		1		0		"Nguyên Tố Đất"					3		0		0		0		0		0		0		0		1200000		1		1		1		1		1		1		1 
118		-1		0		1		1		1		1		0		"Nguyên Tố Lửa"					4		0		0		0		0		0		0		0		1275000		0		0		0		0		0		0		0 
119		-1		0		1		1		1		1		0		"Nguyên Tố Nước"				4		0		0		0		0		0		0		0		1275000		0		0		0		0		0		0		0 
120		-1		0		1		1		1		1		0		"Nguyên Tố Băng"				4		0		0		0		0		0		0		0		1275000		0		0		0		0		0		0		0 
121		-1		0		1		1		1		1		0		"Nguyên Tố Gió"					4		0		0		0		0		0		0		0		1275000		0		0		0		0		0		0		0 
122		-1		0		1		1		1		1		0		"Nguyên Tố Sét"					4		0		0		0		0		0		0		0		1275000		0		0		0		0		0		0		0 
123		-1		0		1		1		1		1		0		"Nguyên Tố Đất"					4		0		0		0		0		0		0		0		1275000		0		0		0		0		0		0		0 
124		-1		0		1		1		1		1		0		"Nguyên Tố Lửa"					5		0		0		0		0		0		0		0		1350000		0		0		0		0		0		0		0 
125		-1		0		1		1		1		1		0		"Nguyên Tố Nước"				5		0		0		0		0		0		0		0		1350000		0		0		0		0		0		0		0 
126		-1		0		1		1		1		1		0		"Nguyên Tố Băng"				5		0		0		0		0		0		0		0		1350000		0		0		0		0		0		0		0 
127		-1		0		1		1		1		1		0		"Nguyên Tố Gió"					5		0		0		0		0		0		0		0		1350000		0		0		0		0		0		0		0 
128		-1		0		1		1		1		1		0		"Nguyên Tố Sét"					5		0		0		0		0		0		0		0		1350000		0		0		0		0		0		0		0 
129		-1		0		1		1		1		1		0		"Nguyên Tố Đất"					5		0		0		0		0		0		0		0		1350000		0		0		0		0		0		0		0 
130		7		0		2		2		1		1		0		"Áo Choàng Nhỏ DL"				1		0		200		1		0		0		0		0		0		0		0		0		0		1		0		0 

131		7		0		3		2		1		1		0		"Cánh Cô Độc Nhỏ"				1		10		200		1		0		0		0		0		0		0		0		0		0		0		1		0 
132		7		0		3		2		1		1		0		"Cánh Tiên Nữ Nhỏ"				1		10		200		1		0		0		0		0		0		0		0		1		0		0		0		0 
133		7		0		3		2		1		1		0		"Cánh Thiên Đàng Nhỏ"			1		10		200		1		0		0		0		0		0		1		0		0		1		0		0		0 
134		7		0		3		2		1		1		0		"Cánh Quỷ Nhỏ"					1		20		200		1		0		0		0		0		0		0		1		0		1		0		0		0 
135		7		0		2		2		1		1		0		"Áo Choàng Nhỏ RF"				1		15		200		0		0		0		0		0		0		0		0		0		0		0		0		1 
136		-1		0		1		1		1		1		0		"Cụm Ngọc Sinh Mệnh"			72		0		0		0		0		0		0		0		0		1		1		1		1		1		1		1 
137		-1		0		1		1		1		1		0		"Cụm Ngọc Sáng Tạo"				78		0		0		0		0		0		0		0		0		1		1		1		1		1		1		1 
138		-1		0		1		1		1		1		0		"Cụm Đá Hộ Mệnh"				75		0		0		0		0		0		0		0		0		1		1		1		1		1		1		1 
139		-1		0		1		1		1		1		0		"Cụm Đá Nguyên Thủy"			25		0		0		0		0		0		0		0		0		1		1		1		1		1		1		1 
140		-1		0		1		1		1		1		0		"Cụm Đá Tạo Hóa"				25		0		0		0		0		0		0		0		0		1		1		1		1		1		1		1 
141		-1		0		1		1		1		1		0		"Cụm Ngọc Hỗn Nguyên"			12		0		0		0		0		0		0		0		0		1		1		1		1		1		1		1 
142		-1		0		1		1		1		1		0		"Cụm Đá Tinh Luyện 1"			25		0		0		0		0		0		0		0		0		1		1		1		1		1		1		1 
143		-1		0		1		1		1		1		0		"Cụm Đá Tinh Luyện 2"			25		0		0		0		0		0		0		0		0		1		1		1		1		1		1		1 

150	7	0	3	3	1	1	0	"Cánh Hỗn Nguyên"			150	46	210	290	0	0	0	0	0	0	2	0	1	0	0	0
151	7	0	3	3	1	1	0	"Cánh Ma Thuật"				150	37	210	290	0	0	0	0	0	2	0	0	1	0	2	0
152	7	0	3	3	1	1	0	"Cánh Hỏa Thần"				150	37	210	290	0	0	0	0	0	0	0	2	0	0	0	0
153	7	0	3	3	1	1	0	"Cánh Chinh Phục"			150	200	220	350	0	0	0	0	0	1	1	1	1	1	1	1
154	7	0	2	3	1	1	0	"Cánh TT - Ác Quỷ"			150	200	220	350	0	0	0	0	0	1	1	1	1	1	1	1
155	7	0	2	3	1	1	0	"Áo Choàng Tử Thần"			150	27	210	290	0	0	0	0	0	0	0	0	0	1	0	1
156	7	0	3	3	1	1	0	"Cánh SS13 - DW"			150	45	220	380	0	0	0	0	0	3	0	0	0	0	0	0
157	7	0	4	3	1	1	0	"Cánh SS13 - DK"			150	60	220	380	0	0	0	0	0	0	3	0	0	0	0	0
158	7	0	4	3	1	1	0	"Cánh SS13 - ELF"			150	45	220	380	0	0	0	0	0	0	0	3	0	0	0	0
159	7	0	4	3	1	1	0	"Cánh SS13 - MG"			150	55	220	380	0	0	0	0	0	0	0	0	3	0	0	0
160	7	0	2	3	1	1	0	"Cánh SS13 - DL"			150	45	220	380	0	0	0	0	0	0	0	0	0	3	0	0
161	7	0	4	3	1	1	0	"Cánh SS13 - SM"			150	45	220	380	0	0	0	0	0	0	0	0	0	0	3	0
162	7	0	2	3	1	1	0	"Cánh SS13 - RF"			150	45	220	380	0	0	0	0	0	0	0	0	0	0	0	3
163	7	0	3	3	1	1	0	"Cánh 2.5 v2 MG"			150	45	220	380	0	0	0	0	0	0	0	0	1	0	0	0
165	7	0	2	3	1	1	0	"Áo Choàng Quân Chủ"		150	27	210	290	0	0	0	0	0	0	0	0	0	1	0	0

169	7	0	2	3	1	1	0	"xMast Wing DL"				150	27	210	290	0	0	0	0	0	0	0	0	0	1	0	0
171	7	0	2	3	1	1	0	"xMast Wing RF"				150	27	210	290	0	0	0	0	0	0	0	0	0	0	0	1

210	7	0	3	3	1	1	0	"Cánh Custom1"				150	85	250	1	0	0	0	0	0	1	1	1	1	1	1	1
211	7	0	3	3	1	1	0	"Cánh Custom2"				150	85	250	1	0	0	0	0	0	1	1	1	1	1	1	1
212	7	0	3	3	1	1	0	"Cánh Custom3"				150	85	250	1	0	0	0	0	0	1	1	1	1	1	1	1
213	7	0	3	3	1	1	0	"Cánh Custom4"				150	85	250	1	0	0	0	0	0	1	1	1	1	1	1	1
214	7	0	3	3	1	1	0	"Cánh Custom5"				150	85	250	1	0	0	0	0	0	1	1	1	1	1	1	1
215	7	0	3	3	1	1	0	"Cánh Custom6"				150	85	250	1	0	0	0	0	0	1	1	1	1	1	1	1
216	7	0	3	3	1	1	0	"Cánh Custom7"				150	85	250	1	0	0	0	0	0	1	1	1	1	1	1	1
217	7	0	3	3	1	1	0	"Cánh Custom8"				150	85	250	1	0	0	0	0	0	1	1	1	1	1	1	1
218	7	0	3	3	1	1	0	"Cánh Custom9"				150	85	250	1	0	0	0	0	0	1	1	1	1	1	1	1
219	7	0	3	3	1	1	0	"Cánh Custom10"				150	85	250	1	0	0	0	0	0	1	1	1	1	1	1	1
220	7	0	3	3	1	1	0	"Cánh Custom11"				150	85	250	1	0	0	0	0	0	1	1	1	1	1	1	1
221	7	0	3	3	1	1	0	"Cánh Custom12"				150	85	250	1	0	0	0	0	0	1	1	1	1	1	1	1
222	7	0	3	3	1	1	0	"Cánh Custom13"				150	85	250	1	0	0	0	0	0	1	1	1	1	1	1	1
223	7	0	3	3	1	1	0	"Cánh Custom14"				150	85	250	1	0	0	0	0	0	1	1	1	1	1	1	1
224	7	0	3	3	1	1	0	"Cánh Custom15"				150	85	250	1	0	0	0	0	0	1	1	1	1	1	1	1
225	7	0	3	3	1	1	0	"Cánh Custom16"				150	85	250	1	0	0	0	0	0	1	1	1	1	1	1	1
226	7	0	3	3	1	1	0	"Cánh Custom17"				150	85	250	1	0	0	0	0	0	1	1	1	1	1	1	1
227	7	0	3	3	1	1	0	"Cánh Custom18"				150	85	250	1	0	0	0	0	0	1	1	1	1	1	1	1
228	7	0	3	3	1	1	0	"Cánh Custom19"				150	85	250	1	0	0	0	0	0	1	1	1	1	1	1	1
229	7	0	3	3	1	1	0	"Cánh Custom20"				150	85	250	1	0	0	0	0	0	1	1	1	1	1	1	1
230	7	0	3	3	1	1	0	"Cánh Custom21"				150	85	250	1	0	0	0	0	0	1	1	1	1	1	1	1
238	7	0	3	3	1	1	0	"Cánh Custom22"				150	85	250	1	0	0	0	0	0	1	1	1	1	1	1	1
239	7	0	3	3	1	1	0	"Cánh Custom23"				150	85	250	1	0	0	0	0	0	1	1	1	1	1	1	1
240	7	0	3	3	1	1	0	"Cánh Custom24"				150	85	250	1	0	0	0	0	0	1	1	1	1	1	1	1

end

//Index	Slot	Skill	X	Y	Serial	Option	Drop	Name			level	Dur	Resistance1	Resistance2	Resistance3	Resistance4	Resistance5 Resistance6	Resistance7	SetAttr	DW/SM	DK/BK	ELF/ME	MG	DL SUM	RF
13
0	8	0	1	1	1	1	0	"Thần Hộ Mệnh"				23	255	0	0	0	0	0	0	0	0	1	1	1	1	1	1	1
1	8	0	1	1	1	1	0	"Tiểu Quỷ"					28	255	0	0	0	0	0	0	0	0	1	1	1	1	1	1	1
2	8	0	1	1	1	1	0	"Kỳ Lân"					25	255	0	0	0	0	0	0	0	0	1	1	1	1	1	1	1
3	8	49	1	1	1	1	0	"Quái Điểu"					110	255	0	0	0	0	0	0	0	0	1	1	1	1	1	1	1
4	8	62	1	1	1	1	0	"Chiến Mã"					218	255	0	0	0	0	0	0	0	0	0	0	0	0	1	0	0
5	1	0	1	1	1	1	0	"Quạ Tinh"					0	255	0	0	0	0	0	0	0	0	1	1	1	1	1	0	0
7	-1	0	1	1	1	1	0	"Cuộn Giấy Quỷ"				0	255	0	0	0	0	0	0	0	0	1	1	1	1	1	1	1
8	10	0	1	1	1	1	0	"Nhẫn Băng"					20	50	1	0	0	0	0	0	0	2	1	1	1	1	1	1	1
9	10	0	1	1	1	1	0	"Nhẫn Độc"					17	50	0	1	0	0	0	0	0	4	1	1	1	1	1	1	1
10	10	0	1	1	1	1	0	"Nhẫn Biến Hình"			0	200	0	0	0	0	0	0	0	0	1	1	1	1	1	1	1
11	-1	0	1	1	1	1	0	"Thư Triệu Tập"				0	255	0	0	0	0	0	0	0	0	1	1	1	1	1	1	1
12	9	0	1	1	1	1	0	"Dây Chuyền Sét"			21	50	0	0	1	0	0	0	0	3	1	1	1	1	1	1	1
13	9	0	1	1	1	1	0	"Dây Chuyền Lửa"			13	50	0	0	0	1	0	0	0	1	1	1	1	1	1	1	1
14	-1	0	1	2	1	1	0	"Lông Vũ"					78	0	0	0	0	0	0	0	0	0	1	1	1	1	1	1	1
15	-1	0	1	1	1	1	0	"Bình Nước Phép"			0	0	0	0	0	0	0	0	0	0	1	1	1	1	1	1	1
16	-1	0	1	2	1	1	1	"Thánh Chỉ"					0	128	0	0	0	0	0	0	0	0	1	1	1	1	1	1	1
17	-1	0	1	2	1	1	1	"Nanh Máu"					0	128	0	0	0	0	0	0	0	0	1	1	1	1	1	1	1
18	-1	0	2	2	1	1	1	"Áo Tàng Hình"				0	255	0	0	0	0	0	0	0	0	1	1	1	1	1	1	1
19	-1	0	1	2	1	1	0	"Gậy Thiên Sứ"				0	255	0	0	0	0	0	0	0	0	1	1	1	1	1	1	1
20	10	0	1	1	1	1	0	"Nhẫn Phù Thủy"				0	30	0	0	0	0	0	0	0	0	1	1	1	1	1	1	1
21	10	0	1	1	1	1	0	"Nhẫn Lửa"					30	50	0	0	0	1	0	0	0	3	1	1	1	1	1	1	1
22	10	0	1	1	1	1	0	"Nhẫn Đất"					38	50	0	0	0	0	1	0	0	1	1	1	1	1	1	1	1
23	10	0	1	1	1	1	0	"Nhẫn Gió"					44	50	0	0	0	0	0	1	0	2	1	1	1	1	1	1	1
24	10	0	1	1	1	1	0	"Nhẫn Phép Thuật"			47	50	0	0	0	0	0	0	0	3	1	1	1	1	1	1	1
25	9	0	1	1	1	1	0	"Dây Chuyền Băng"			34	50	1	0	0	0	0	0	0	1	1	1	1	1	1	1	1
26	9	0	1	1	1	1	0	"Dây Chuyền Gió"			42	50	0	0	0	0	0	1	0	2	1	1	1	1	1	1	1
27	9	0	1	1	1	1	0	"Dây Chuyền Nước"			46	50	0	0	0	0	0	0	1	4	1	1	1	1	1	1	1
28	9	0	1	1	1	1	0	"Dây Chuyền Kỹ Năng"		50	50	0	0	0	0	0	0	0	0	1	1	1	1	1	1	1
29	-1	0	2	2	1	1	0	"Giáp Hỗn Nguyên"			0	0	0	0	0	0	0	0	0	0	1	1	1	1	1	1	1
30	7	0	2	3	1	1	0	"Áo Choàng"					180	200	0	0	0	0	0	0	0	0	0	0	0	0	1	0	0
31	-1	0	1	1	1	1	0	"Linh Hồn Thú Nuôi"			0	0	0	0	0	0	0	0	0	0	0	0	0	0	1	0	0
32	-1	0	1	1	1	1	0	"Mảnh Vỡ Áo Giáp"			0	1	0	0	0	0	0	0	0	0	1	1	1	1	1	1	1
33	-1	0	1	1	1	1	0	"Bảo Hộ Nữ Thần"			0	1	0	0	0	0	0	0	0	0	1	1	1	1	1	1	1
34	-1	0	1	1	1	1	0	"Nanh Sói"					0	1	0	0	0	0	0	0	0	0	1	1	1	1	1	1	1
35	-1	0	1	1	1	1	0	"Mảnh Sừng"					0	1	0	0	0	0	0	0	0	0	1	1	1	1	1	1	1
36	-1	0	2	2	1	1	0	"Sừng Gãy"					0	1	0	0	0	0	0	0	0	0	1	1	1	1	1	1	1
37	8	0	2	2	1	1	0	"Linh Hồn Sói Tinh"			300	255	0	0	0	0	0	0	0	0	2	2	2	1	1	2	1
38	10	0	1	1	1	1	0	"Nhẫn Mặt Trăng"			21	120	0	0	0	0	0	0	0	3	1	1	1	1	1	1	1
39	10	0	1	1	1	1	0	"Nhẫn Quỷ Xương"			10	255	0	0	0	0	0	0	0	0	1	1	1	1	1	1	1
40	10	0	1	1	1	1	0	"Nhẫn Jack"					10	100	0	0	0	0	0	0	0	0	1	1	1	1	1	1	1
41	10	0	1	1	1	1	0	"Nhẫn Giáng Sinh"			1	100	0	0	0	0	0	0	0	0	1	1	1	1	1	1	1
42	10	0	1	1	1	1	0	"Nhẫn GM"					0	255	255	255	255	255	255	255	255	0	1	1	1	1	1	1	1
43	-1	0	1	1	1	1	0	"Bùa Tăng EXP"				0	0	0	0	0	0	0	0	0	0	1	1	1	1	1	1	1
44	-1	0	1	1	1	1	0	"Bùa Thiên Sứ"				0	0	0	0	0	0	0	0	0	0	1	1	1	1	1	1	1
45	-1	0	1	1	1	1	0	"Không Tăng EXP"			0	0	0	0	0	0	0	0	0	0	1	1	1	1	1	1	1
46	-1	0	1	1	1	1	0	"Vé Quảng Trường Quỷ"		0	10	0	0	0	0	0	0	0	0	1	1	1	1	1	1	1
47	-1	0	1	1	1	1	0	"Vé Huyết Lâu"				0	10	0	0	0	0	0	0	0	0	1	1	1	1	1	1	1
48	-1	0	1	1	1	1	0	"Vé Kalima"					0	10	0	0	0	0	0	0	0	0	1	1	1	1	1	1	1
49	-1	0	1	1	1	1	0	"Cuộn Giấy Phép"			0	0	0	0	0	0	0	0	0	0	1	1	1	1	1	1	1
50	-1	0	1	2	1	1	0	"Nước Thánh"				0	0	0	0	0	0	0	0	0	0	1	1	1	1	1	1	1
51	-1	0	2	2	1	1	0	"Vé Bạch Long Điện"			0	1	0	0	0	0	0	0	0	0	1	1	1	1	1	1	1
52	-1	0	1	2	1	1	0	"Linh Hồn Condor"			0	0	0	0	0	0	0	0	0	0	1	1	1	1	1	1	1
53	-1	0	1	2	1	1	0	"Lông Vũ Condor"			0	0	0	0	0	0	0	0	0	0	1	1	1	1	1	1	1
54	-1	0	1	1	1	1	0	"Reset Sức Mạnh"			0	100	0	0	0	0	0	0	0	0	1	1	1	1	1	1	1
55	-1	0	1	1	1	1	0	"Reset Nhanh Nhẹn"			0	100	0	0	0	0	0	0	0	0	1	1	1	1	1	1	1
56	-1	0	1	1	1	1	0	"Reset Thể Lực"				0	100	0	0	0	0	0	0	0	0	1	1	1	1	1	1	1
57	-1	0	1	1	1	1	0	"Reset Năng Lượng"			0	100	0	0	0	0	0	0	0	0	1	1	1	1	1	1	1
58	-1	0	1	1	1	1	0	"Reset Mệnh Lệnh"			0	100	0	0	0	0	0	0	0	0	1	1	1	1	1	1	1
59	-1	0	1	1	1	1	0	"Vé Dịch Chuyển"			0	0	0	0	0	0	0	0	0	0	1	1	1	1	1	1	1
60	-1	0	1	2	1	1	0	"Bùa Xám Hối"				0	0	0	0	0	0	0	0	0	0	1	1	1	1	1	1	1
61	-1	0	1	1	1	1	0	"Vé Bạch Long Điện"			0	10	0	0	0	0	0	0	0	0	1	1	1	1	1	1	1
62	-1	0	1	1	1	1	0	"Bùa Hộ Thân"				0	0	0	0	0	0	0	0	0	0	1	1	1	1	1	1	1
63	-1	0	1	1	1	1	0	"Bùa May Mắn"				0	0	0	0	0	0	0	0	0	0	1	1	1	1	1	1	1
64	8	0	1	1	1	1	0	"Đại Quỷ"					1	255	0	0	0	0	0	0	0	0	1	1	1	1	1	1	1
65	8	0	1	1	1	1	0	"Nữ Thần Bảo Hộ"			1	255	0	0	0	0	0	0	0	0	1	1	1	1	1	1	1
66	-1	0	1	1	1	1	0	"Vé làng Santa"				0	10	0	0	0	0	0	0	0	0	1	1	1	1	1	1	1
67	8	0	1	1	1	1	0	"Tuần Lộc"					28	255	0	0	0	0	0	0	0	0	1	1	1	1	1	1	1
68	10	0	1	1	1	1	0	"Nhẫn Người Tuyết"			10	100	0	0	0	0	0	0	0	0	1	1	1	1	1	1	1
69	-1	0	1	1	1	1	0	"Quả Cầu Hồi Sinh"			0	0	0	0	0	0	0	0	0	0	1	1	1	1	1	1	1
70	-1	0	1	1	1	1	0	"La Bàn Định Vị"			0	2	0	0	0	0	0	0	0	0	1	1	1	1	1	1	1
71	8	0	2	3	1	1	0	"Kiếm / Chùy / Giáo"		0	255	0	0	0	0	0	0	0	0	1	1	1	1	1	1	1
72	8	0	2	3	1	1	0	"Gậy"						0	255	0	0	0	0	0	0	0	0	1	1	1	1	1	1	1
73	8	0	2	3	1	1	0	"Cung Tên / Nỏ"				0	255	0	0	0	0	0	0	0	0	1	1	1	1	1	1	1
74	8	0	2	3	1	1	0	"Quyền Trượng"				0	255	0	0	0	0	0	0	0	0	1	1	1	1	1	1	1
75	8	0	2	3	1	1	0	"Khuyển"					0	255	0	0	0	0	0	0	0	0	1	1	1	1	1	1	1
76	10	0	1	1	1	1	0	"Nhẫn Biến Gấu Trúc"		1	255	0	0	0	0	0	0	0	0	1	1	1	1	1	1	1
80	8	0	1	1	1	1	0	"Gấu Trúc"					1	255	0	0	0	0	0	0	0	0	1	1	1	1	1	1	1
81	-1	0	1	1	1	1	0	"Bùa Bảo Hộ"				0	0	0	0	0	0	0	0	0	0	1	1	1	1	1	1	1
82	-1	0	1	1	1	1	0	"Bùa Bảo Hộ Item"			0	0	0	0	0	0	0	0	0	0	1	1	1	1	1	1	1
83	-1	0	1	1	1	1	0	"Bùa Cánh Quỷ"				0	0	0	0	0	0	0	0	0	0	1	1	1	1	1	1	1
84	-1	0	1	1	1	1	0	"Bùa Cánh Thiên Đàng"		0	0	0	0	0	0	0	0	0	0	1	1	1	1	1	1	1
85	-1	0	1	1	1	1	0	"Bùa Cánh Tiên Nữ"			0	0	0	0	0	0	0	0	0	0	1	1	1	1	1	1	1
86	-1	0	1	1	1	1	0	"Bùa Cánh Vũ Linh"			0	0	0	0	0	0	0	0	0	0	1	1	1	1	1	1	1
87	-1	0	1	1	1	1	0	"Bùa Áo Choáng"				0	0	0	0	0	0	0	0	0	0	1	1	1	1	1	1	1
88	-1	0	1	1	1	1	0	"Bùa Cánh Rồng"				0	0	0	0	0	0	0	0	0	0	1	1	1	1	1	1	1
89	-1	0	1	1	1	1	0	"Bùa Cánh Linh Hồn"			0	0	0	0	0	0	0	0	0	0	1	1	1	1	1	1	1
90	-1	0	1	1	1	1	0	"Bùa Cánh Tinh Thần"		0	0	0	0	0	0	0	0	0	0	1	1	1	1	1	1	1
91	-1	0	1	1	1	1	0	"Bùa Cánh Đại Bàng"			0	0	0	0	0	0	0	0	0	0	1	1	1	1	1	1	1
92	-1	0	1	1	1	1	0	"Bùa Cánh Bóng Đêm"			0	0	0	0	0	0	0	0	0	0	1	1	1	1	1	1	1
93	-1	0	1	1	1	1	0	"Bùa Tăng EXP Master"		0	0	0	0	0	0	0	0	0	0	1	1	1	1	1	1	1
94	-1	0	1	1	1	1	0	"Bùa Thiên Sứ - Master"		0	0	0	0	0	0	0	0	0	0	1	1	1	1	1	1	1
95	-1	0	1	1	1	1	0	"Chiến Binh Danh Dự"		0	255	0	0	0	0	0	0	0	0	1	1	1	1	1	1	1
96	-1	0	1	1	1	1	0	"Sức Mạnh Tensile"			0	0	0	0	0	0	0	0	0	0	1	1	1	1	1	1	1
103	-1	0	1	1	1	1	0	"Kinh Nghiệm Party"			0	0	0	0	0	0	0	0	0	0	1	1	1	1	1	1	1
104	-1	0	1	1	1	1	0	"Tăng Tối Đa AG"			0	0	0	0	0	0	0	0	0	0	1	1	1	1	1	1	1
105	-1	0	1	1	1	1	0	"Tăng Tối Đa SD"			0	0	0	0	0	0	0	0	0	0	1	1	1	1	1	1	1
106	8	0	1	1	1	1	0	"Thần Mã"					28	255	0	0	0	0	0	0	0	0	1	1	1	1	1	1	1
107	10	0	1	1	1	1	0	"Nhẫn Ma Thuật"				0	100	0	0	0	0	0	0	0	0	1	1	1	1	1	1	1
109	10	0	1	1	1	1	0	"Nhẫn Ngọc Bích"			0	0	0	0	0	0	0	0	0	0	1	1	1	1	1	1	1
110	10	0	1	1	1	1	0	"Nhẫn Hồng Ngọc"			0	0	0	0	0	0	0	0	0	0	1	1	1	1	1	1	1
111	10	0	1	1	1	1	0	"Nhẫn Hoàng Ngọc"			0	0	0	0	0	0	0	0	0	0	1	1	1	1	1	1	1
112	10	0	1	1	1	1	0	"Nhẫn Thạch Anh Tím"		0	0	0	0	0	0	0	0	0	0	1	1	1	1	1	1	1
113	9	0	1	1	1	1	0	"Dây Chuyền Hồng Ngọc"		0	0	0	0	0	0	0	0	0	0	1	1	1	1	1	1	1
114	9	0	1	1	1	1	0	"Dây Chuyền Lục Bích"		0	0	0	0	0	0	0	0	0	0	1	1	1	1	1	1	1
115	9	0	1	1	1	1	0	"Dây Chuyền Ngọc Bích"		0	0	0	0	0	0	0	0	0	0	1	1	1	1	1	1	1
116	10	0	1	1	1	1	0	"Seal Of Wealth"			0	0	0	0	0	0	0	0	0	0	1	1	1	1	1	1	1
117	-1	0	1	1	1	1	0	"Bình Mana Nhỏ"				0	0	0	0	0	0	0	0	0	0	1	1	1	1	1	1	1
118	-1	0	1	1	1	1	0	"Bình Máu Nhỏ"				0	0	0	0	0	0	0	0	0	0	1	1	1	1	1	1	1
119	-1	0	1	1	1	1	0	"Bình Mana Vừa"				0	0	0	0	0	0	0	0	0	0	1	1	1	1	1	1	1
120	-1	0	1	1	1	1	0	"Bình Máu Lớn"				0	0	0	0	0	0	0	0	0	0	1	1	1	1	1	1	1
121	-1	0	1	1	1	1	0	"Vé Hỗn Nguyên"				10	10	0	0	0	0	0	0	0	0	1	1	1	1	1	1	1
122	10	0	1	1	1	1	0	"Nhẫn Cốt Rồng"				1	255	0	0	0	0	0	0	0	0	1	1	1	1	1	1	1
123	8	0	1	1	1	1	0	"Cốt Rồng"					1	255	0	0	0	0	0	0	0	0	1	1	1	1	1	1	1
124	-1	0	1	1	1	1	0	"VIP PACK"					0	0	0	0	0	0	0	0	0	0	1	1	1	1	1	1	1
125	-1	0	1	1	1	1	0	"Vé Đăng Nhập Dopple"		10	10	0	0	0	0	0	0	0	0	1	1	1	1	1	1	1
126	-1	0	1	1	1	1	0	"Vé Đăng Nhập Baruka"		0	10	0	0	0	0	0	0	0	0	1	1	1	1	1	1	1
127	-1	0	1	1	1	1	0	"Vé Vào Baruka Tầng 7"		55	3	0	0	0	0	0	0	0	0	1	1	1	1	1	1	1
128	10	0	1	1	1	1	0	"Mãnh Tướng"				0	255	0	0	0	0	0	0	0	0	1	1	1	1	1	1	1
129	10	0	1	1	1	1	0	"Mãnh Tướng Sơn Dương"		0	255	0	0	0	0	0	0	0	0	1	1	1	1	1	1	1
130	10	0	1	1	1	1	0	"Bùa Orc"					0	255	0	0	0	0	0	0	0	0	1	1	1	1	1	1	1
131	10	0	1	1	1	1	0	"Bùa Maple"					0	255	0	0	0	0	0	0	0	0	1	1	1	1	1	1	1
132	10	0	1	2	1	1	0	"Bùa Golden Orc"			0	255	0	0	0	0	0	0	0	0	1	1	1	1	1	1	1
133	10	0	1	2	1	1	0	"Bùa Golden Maple"			0	255	0	0	0	0	0	0	0	0	1	1	1	1	1	1	1
134	10	0	1	1	1	1	0	"Móng Ngựa Cũ"				0	255	0	0	0	0	0	0	0	0	1	1	1	1	1	1	1

135	-1	0	1	1	1	1	0	"1st Lucky Armor Ticket"	0	255	0	0	0	0	0	0	0	0	1	1	1	1	1	1	1
136	-1	0	1	1	1	1	0	"1st Lucky Pants Ticket"	0	255	0	0	0	0	0	0	0	0	1	1	1	1	1	1	1
137	-1	0	1	1	1	1	0	"1st Lucky Helm Ticket"		0	255	0	0	0	0	0	0	0	0	1	1	1	1	1	1	1
138	-1	0	1	1	1	1	0	"1st Lucky Gloves Ticket"	0	255	0	0	0	0	0	0	0	0	1	1	1	1	1	1	1
139	-1	0	1	1	1	1	0	"1st Lucky Boots Ticket"				0	255	0	0	0	0	0	0	0	0	1	1	1	1	1	1	1
140	-1	0	1	1	1	1	0	"2nd Lucky Armor Ticket"				0	255	0	0	0	0	0	0	0	0	1	1	1	1	1	1	1
141	-1	0	1	1	1	1	0	"2nd Lucky Pants Ticket"				0	255	0	0	0	0	0	0	0	0	1	1	1	1	1	1	1
142	-1	0	1	1	1	1	0	"2nd Lucky Helm Ticket"					0	255	0	0	0	0	0	0	0	0	1	1	1	1	1	1	1
143	-1	0	1	1	1	1	0	"2nd Lucky Gloves Ticket"				0	255	0	0	0	0	0	0	0	0	1	1	1	1	1	1	1
144	-1	0	1	1	1	1	0	"2nd Lucky Boots Ticket"				0	255	0	0	0	0	0	0	0	0	1	1	1	1	1	1	1

152	-1	0	1	2	1	1	0	"Mảnh Devil Angle"			0	255	0	0	0	0	0	0	0	0	1	1	1	1	1	1	1 
153	-1	0	1	1	1	1	0	"Mảnh Chinh Phục"					0	255	0	0	0	0	0	0	0	0	1	1	1	1	1	1	1 
154	-1	0	1	2	1	1	0	"Lông Vũ Garuda"					0	255	0	0	0	0	0	0	0	0	1	1	1	1	1	1	1 
155	-1	0	1	2	1	1	0	"Ngọn Lửa Garuda"					0	255	0	0	0	0	0	0	0	0	1	1	1	1	1	1	1 

200	12	0	2	2	1	0	0	"Pet Spark"							28 	255	0	0	0	0	0 	0 	0 	0	1	1	1	1	1	1	1
201	8	0	2	2	1	0	0	"Pet Bael"							28 	255	0	0	0	0	0 	0 	0 	0	1	1	1	1	1	1	1
202	8	0	2	2	1	1	0	"Pet Bateriaup"						28	255	0	0	0	0	0	0	0	0	1	1	1	1	1	1	1
203	8	0	2	2	1	1	0	"Pet Beagle"						28	255	0	0	0	0	0	0	0	0	1	1	1	1	1	1	1
204	8	0	2	2	1	1	0	"Pet Bluefairyup"					28	255	0	0	0	0	0	0	0	0	1	1	1	1	1	1	1
205	8	0	2	2	1	1	0	"Pet Bogeon"						28	255	0	0	0	0	0	0	0	0	1	1	1	1	1	1	1
206	8	0	2	2	1	1	0	"Pet Bulldog"				28	255	0	0	0	0	0	0	0	0	1	1	1	1	1	1	1
207	8	0	2	2	1	1	0	"Pet Cyclops"						28	255	0	0	0	0	0	0	0	0	1	1	1	1	1	1	1
208	8	0	2	2	1	1	0	"Pet Figure"						28	255	0	0	0	0	0	0	0	0	1	1	1	1	1	1	1
209	8	0	2	2	1	1	0	"Pet Knightinstructorup"			28	255	0	0	0	0	0	0	0	0	1	1	1	1	1	1	1
210	8	0	2	2	1	1	0	"Pet Knightzombieup"				28	255	0	0	0	0	0	0	0	0	1	1	1	1	1	1	1
211	8	0	2	2	1	1	0	"Pet Lycan"							28	255	0	0	0	0	0	0	0	0	1	1	1	1	1	1	1
212	8	0	2	2	1	1	0	"Pet Mermaid"						28	255	0	0	0	0	0	0	0	0	1	1	1	1	1	1	1
213	8	0	2	2	1	1	0	"Pet Mino"							28	255	0	0	0	0	0	0	0	0	1	1	1	1	1	1	1
214	8	0	2	2	1	1	0	"Pet Mommoth"						28	255	0	0	0	0	0	0	0	0	1	1	1	1	1	1	1
215	8	0	2	2	1	1	0	"Pet Mummyboy"						28	255	0	0	0	0	0	0	0	0	1	1	1	1	1	1	1
216	8	0	2	2	1	1	0	"Pet Polaris"						28	255	0	0	0	0	0	0	0	0	1	1	1	1	1	1	1
217	8	0	2	2	1	1	0	"Fenrir Blue"						1	255	0	0	0	0	0	0	0	0	1	1	1	1	1	1	1
218	8	0	2	2	1	1	0	"Fenrir Red"						1	255	0	0	0	0	0	0	0	0	1	1	1	1	1	1	1
219	8	0	2	2	1	1	0	"Fenrir Green"						1	255	0	0	0	0	0	0	0	0	1	1	1	1	1	1	1
220	8	0	2	2	1	1	0	"Fenrir Orange"						1	255	0	0	0	0	0	0	0	0	1	1	1	1	1	1	1
221	8	0	2	2	1	1	0	"Fenrir Pink"						1	255	0	0	0	0	0	0	0	0	1	1	1	1	1	1	1
222	8	0	2	2	1	1	0	"Fenrir Purple"						1	255	0	0	0	0	0	0	0	0	1	1	1	1	1	1	1
223	8	0	2	2	1	1	0	"Fenrir White"						1	255	0	0	0	0	0	0	0	0	1	1	1	1	1	1	1
224	8	0	2	2	1	1	0	"Fenrir God Brown"					1	255	0	0	0	0	0	0	0	0	1	1	1	1	1	1	1
225	8	0	2	2	1	1	0	"Fenrir God Purple"					1	255	0	0	0	0	0	0	0	0	1	1	1	1	1	1	1
226	8	0	2	2	1	1	0	"Fenrir God Aqua"					1	255	0	0	0	0	0	0	0	0	1	1	1	1	1	1	1
227	8	0	2	2	1	1	0	"Fenrir God Red"					1	255	0	0	0	0	0	0	0	0	1	1	1	1	1	1	1
228	8	0	2	2	1	1	0	"Fenrir God Silver"					1	255	0	0	0	0	0	0	0	0	1	1	1	1	1	1	1
229	8	0	2	2	1	1	0	"Fenrir God Blue"					1	255	0	0	0	0	0	0	0	0	1	1	1	1	1	1	1
230	8	0	2	2	1	1	0	"Fenrir God Black"					1	255	0	0	0	0	0	0	0	0	1	1	1	1	1	1	1
231	8	0	2	2	1	1	0	"Fenrir God Gold"					1	255	0	0	0	0	0	0	0	0	1	1	1	1	1	1	1
232	8	0	2	2	1	1	0	"Fenrir God Green"					1	255	0	0	0	0	0	0	0	0	1	1	1	1	1	1	1
233	8	0	2	2	1	1	0	"Fenrir God Pink"					1	255	0	0	0	0	0	0	0	0	1	1	1	1	1	1	1
234	8	0	2	2	1	1	0	"Devine Horse"						1	255	0	0	0	0	0	0	0	0	1	1	1	1	1	1	1
235	8	0	2	2	1	1	0	"Devine Horse Blue"					1	255	0	0	0	0	0	0	0	0	1	1	1	1	1	1	1
236	8	0	2	2	1	1	0	"Devine Horse Red"					1	255	0	0	0	0	0	0	0	0	1	1	1	1	1	1	1
237	8	0	2	2	1	1	0	"Devine Horse Violet"				1	255	0	0	0	0	0	0	0	0	1	1	1	1	1	1	1
238	8	0	2	2	1	1	0	"Demon Horse Red"					1	255	0	0	0	0	0	0	0	0	1	1	1	1	1	1	1
239	8	0	2	2	1	1	0	"Demon Horse White"					1	255	0	0	0	0	0	0	0	0	1	1	1	1	1	1	1
240	8	0	2	2	1	1	0	"Demon Horse Yellow"				1	255	0	0	0	0	0	0	0	0	1	1	1	1	1	1	1
241	8	0	2	2	1	1	0	"Fierce Lion Blue"					1	255	0	0	0	0	0	0	0	0	1	1	1	1	1	1	1
242	8	0	2	2	1	1	0	"Fierce Lion Red"					1	255	0	0	0	0	0	0	0	0	1	1	1	1	1	1	1
243	8	0	2	2	1	1	0	"Mighty Lion Azure"					1	255	0	0	0	0	0	0	0	0	1	1	1	1	1	1	1
244	8	0	2	2	1	1	0	"Mighty Lion Thunder"				1	255	0	0	0	0	0	0	0	0	1	1	1	1	1	1	1
245	8	0	2	2	1	1	0	"Fierce Bear Ur"					1	255	0	0	0	0	0	0	0	0	1	1	1	1	1	1	1
246	8	0	2	2	1	1	0	"Fierce Bear UrUP"					1	255	0	0	0	0	0	0	0	0	1	1	1	1	1	1	1
247	8	0	2	2	1	1	0	"Mystic Rhino"						1	255	0	0	0	0	0	0	0	0	1	1	1	1	1	1	1
248	8	0	2	2	1	1	0	"Mystic Horse"						1	255	0	0	0	0	0	0	0	0	1	1	1	1	1	1	1
249	8	0	2	2	1	1	0	"Frost Fenrir"						1	255	0	0	0	0	0	0	0	0	1	1	1	1	1	1	1
250	8	0	2	2	1	1	0	"Flame Fenrir"						1	255	0	0	0	0	0	0	0	0	1	1	1	1	1	1	1
251	8	0	2	2	1	1	0	"Eternal Guardian"					1	255	0	0	0	0	0	0	0	0	1	1	1	1	1	1	1
252	8	0	2	2	1	1	0	"Ocean Sentinel"					1	255	0	0	0	0	0	0	0	0	1	1	1	1	1	1	1
253	8	0	2	2	1	1	0	"Titan Minotaur"					1	255	0	0	0	0	0	0	0	0	1	1	1	1	1	1	1
254	8	0	2	2	1	1	0	"Chaos Minotaur"					1	255	0	0	0	0	0	0	0	0	1	1	1	1	1	1	1

300	10	0	1	1	1	1	0	"Nhẫn Pollo R-A"					200	50	0	0	0	0	0	0	0	0	1	1	1	1	1	1	1
301	10	0	1	1	1	1	0	"Nhẫn Pollo R-B"					200	50	0	0	0	0	0	0	0	0	1	1	1	1	1	1	1
302	10	0	1	1	1	1	0	"Nhẫn Pollo G-A"					200	50	0	0	0	0	0	0	0	0	1	1	1	1	1	1	1
303	10	0	1	1	1	1	0	"Nhẫn Pollo G-B"					200	50	0	0	0	0	0	0	0	0	1	1	1	1	1	1	1

350	9	0	1	1	1	1	0	"Dây Chuyền Pollo R"				200	50	0	0	0	0	0	0	0	0	1	1	1	1	1	1	1
351	9	0	1	1	1	1	0	"Dây Chuyền Pollo G"				200	50	0	0	0	0	0	0	0	0	1	1	1	1	1	1	1

end

//Index	Slot	Skill	X	Y	Serial	Option	Drop	Name							Value	Level
14
0		-1		0		1		1		1		1		1		"Táo"								5		1 
1		-1		0		1		1		1		1		1		"Bình Máu Nhỏ"						10		10 
2		-1		0		1		1		1		1		1		"Bình Máu"							20		25 
3		-1		0		1		1		1		1		0		"Bình Máu To"						30		40 
4		-1		0		1		1		1		1		1		"Bình Phép Nhỏ"						10		10 
5		-1		0		1		1		1		1		1		"Bình Phép"							20		25 
6		-1		0		1		1		1		1		0		"Bình Phép To"						30		40 
7		-1		0		1		1		1		1		0		"Bình Thuốc"						30		0 
8		-1		0		1		1		1		1		1		"Liều Giải Độc"						10		10 
9		-1		0		1		2		1		1		0		"Rượu"								30		15 
10		-1		0		1		2		1		1		0		"Bùa Về Thành"						30		30 
11		-1		0		1		1		1		1		0		"Hộp May Mắn"						0		0 
12		-1		0		1		1		1		1		0		"Trái Tim Yêu"						0		0 
13		-1		0		1		1		1		1		0		"Ngọc Ước Nguyện"					150		25 
14		-1		0		1		1		1		1		0		"Ngọc Tâm Linh"						150		30 
15		-1		0		1		1		1		1		0		"Zen"								0		0 
16		-1		0		1		1		1		1		0		"Ngọc Sinh Mệnh"					0		72 
17		-1		0		1		1		1		1		1		"Con Mắt Quỷ"						0		1 
18		-1		0		1		1		1		1		1		"Chìa Khóa Quỷ"						0		1 
19		-1		0		1		1		1		1		0		"Bức Thư Quỷ"						0		0 
20		-1		0		1		1		1		1		0		"Rượu Tình"							0		0 
21		-1		0		1		1		1		1		1		"Huy Hiệu Rena"						0		0 
22		-1		0		1		1		1		1		0		"Ngọc Sáng Tạo"						0		78 
23		-1		0		1		1		1		1		0		"Sách Đế Vương"						0		0 
24		-1		0		1		2		1		1		0		"Thanh Gươm Gẫy"					0		0 
25		-1		0		1		1		1		1		0		"Nước Mắt Tiên Nữ"					0		0 
26		-1		0		1		1		1		1		0		"Linh Hồn Phù Thủy"					0		0 
28		-1		0		1		1		1		1		0		"Bản Đồ Kalima"						0		0 
29		-1		0		1		1		1		1		1		"Huy Hiệu Kundun"					0		0 
31		-1		0		1		1		1		1		0		"Đá Hộ Mệnh"						75		0 
32		-1		0		1		1		1		1		0		"Hộp Socola Hồng"					0		0 
33		-1		0		1		1		1		1		0		"Hộp Socola Đỏ"						0		0 
35		-1		0		1		1		1		1		0		"Bình SD Nhỏ"						50		0 
36		-1		0		1		1		1		1		0		"Bình SD Vừa"						80		0 
37		-1		0		1		1		1		1		0		"Bình SD Lớn"						100		0 
38		-1		0		1		1		1		1		0		"Bình Thuốc Nhỏ"					20		68 
39		-1		0		1		1		1		1		0		"Bình Thuốc Vừa"					40		96 
40		-1		0		1		1		1		1		0		"Bình Thuốc Lớn"					60		118 
41		-1		0		1		1		1		1		0		"Đá Nguyên Thủy"					150		25 
42		-1		0		1		1		1		1		0		"Đá Tạo Hóa"						150		25 
43		-1		0		1		1		1		1		0		"Đá Tinh Luyện Sơ"					150		25 
44		-1		0		1		1		1		1		0		"Đá Tinh Luyện Cao"					150		25 
45		-1		0		1		1		1		1		0		"Jack O Lantern"					0		1 
51		-1		0		1		1		1		1		0		"Pháo Hoa Ngôi Sao"					0		0 
52		-1		0		1		1		1		1		0		"Quà GM"							0		0 
53		-1		0		1		1		1		1		0		"Bùa may mắn"						0		0 
54		-1		0		1		1		1		1		0		"Thẻ Bài Chaos"						0		0 
55		-1		0		1		1		1		1		0		"(Box) Trang Bị 380"				0		0 
56		-1		0		1		1		1		1		0		"(Box) Trang Bị 400"				0		0 
57		-1		0		1		1		1		1		0		"(Box) Trang Bị 400 (Thần)"			0		0 
64		-1		0		1		1		1		1		0		"Long Châu"							0		0 
65		-1		0		1		1		1		1		0		"Trái Tim Dơi Lửa"					0		0 
66		-1		0		1		2		1		1		0		"Sừng Quỷ Vương"					0		0 
67		-1		0		1		2		1		1		0		"Lông Phượng Hoàng Lửa"				0		0 
68		-1		0		1		2		1		1		0		"Con Mắt Abyss"						0		0 
70		-1		0		1		1		1		1		0		"Bình HP Cao Cấp"					0		0 
71		-1		0		1		1		1		1		0		"Bình Mana Cao Cấp"					0		0 
72		-1		0		1		1		1		1		0		"Bùa Tốc Độ Tấn Công"				0		0 
73		-1		0		1		1		1		1		0		"Bùa Phòng Thủ"						0		0 
74		-1		0		1		1		1		1		0		"Bùa Tăng Sát Thương"				0		0 
75		-1		0		1		1		1		1		0		"Bùa Tăng Ma Thuật"					0		0 
76		-1		0		1		1		1		1		0		"Bùa Tăng HP"						0		0 
77		-1		0		1		1		1		1		0		"Bùa Tăng Mana"						0		0 
96		-1		0		1		1		1		1		0		"Bùa Kết Hợp Chaos"					0		0 
97		-1		0		1		1		1		1		0		"Bùa Tăng Chí Mạng"					0		0 
98		-1		0		1		1		1		1		0		"Bùa Tăng Tấn Công"					0		0 
99		-1		0		1		1		1		1		0		"Pháo Hoa Noel"						0		0 
100		-1		0		1		1		1		1		0		"Đồng Xu May Mắn"					0		0 
101		-1		0		1		1		1		1		0		"Lời Chú Giải"						0		32 
102		-1		0		1		1		1		1		0		"Mệnh Lệnh Của Gaion"				0		0 
103		-1		0		1		1		1		1		0		"Mẩu Sekeromikon 1"					0		0 
104		-1		0		1		1		1		1		0		"Mẩu Sekeromikon 2"					0		0 
105		-1		0		1		1		1		1		0		"Mẩu Sekeromikon 3"					0		0 
106		-1		0		1		1		1		1		0		"Mẩu Sekeromikon 4"					0		0 
107		-1		0		1		1		1		1		0		"Mẩu Sekeromikon 5"					0		0 
108		-1		0		1		1		1		1		0		"Mẩu Sekeromikon 6"					0		0 
109		-1		0		1		1		1		1		0		"Hoàn Thành Sekeromikon"			0		0 
110		-1		0		1		1		1		1		1		"Biểu Tượng Dopple"					0		32 
111		-1		0		1		1		1		1		0		"Vé Tham Gia Dopple"				0		0 
112		-1		0		1		1		1		1		0		"Chìa Khóa Bạc"						0		0 
113		-1		0		1		1		1		1		0		"Chìa Khóa Vàng"					0		0 
114		-1		0		1		1		1		1		0		"Reset Kỹ Năng Master"				0		0 
115		-1		0		1		1		1		1		0		"Điều Chỉnh Chỉ Số"					0		0
121      *      0       1       1       1       0       0       "Hộp Vàng Khóa"                  	0       0
122      *      0       1       1       1       0       0       "Hộp Bạc Khóa"                  	0       0
123      *      0       1       1       1       0       0       "Hộp Vàng"                         	0       0
124      *      0       1       1       1       0       0       "Hộp Bạc"                         	0       0
 
157		0		0		1		1		1		1		0		"(Box) Cấp 7"						190		0 
158		0		0		1		1		1		1		0		"(Box) Cấp 8"						190		0 
159		0		0		1		1		1		1		0		"(Box) 400"							190		0 
160		0		0		1		1		1		1		0		"Ngọc Liên Hoàn"					0		0 
161		0		0		1		1		1		1		0		"Ngọc Nhẫn Bội"						0		0 
162		0		0		1		1		1		1		0		"Mở Rộng Túi Đồ"					0		0 
163		0		0		1		1		1		1		0		"Mở Rộng Thùng Đồ"					0		0 
173		0		0		1		2		1		1		0		"Trứng Muun"						0		0

176		0		0		1		1		1		1		0		"Xương Thần Chết"					0		0 
177		0		0		1		1		1		1		0		"Da Quỷ Vương"						0		0 
178		0		0		1		1		1		1		0		"Lông Vũ Phượng Hoàng"				0		0 
179		0		0		1		1		1		1		0		"Linh Hồn Dơi Lửa"					0		0 
180		0		0		1		1		1		1		0		"Số 0"								0		0 
181		0		0		1		1		1		1		0		"Số 1"								0		0 
182		0		0		1		1		1		1		0		"Số 2"								0		0 
183		0		0		1		1		1		1		0		"Số 3"								0		0 
184		0		0		1		1		1		1		0		"Số 4"								0		0 
185		0		0		1		1		1		1		0		"Số 5"								0		0 
186		0		0		1		1		1		1		0		"Số 6"								0		0 
187		0		0		1		1		1		1		0		"Số 7"								0		0 
188		0		0		1		1		1		1		0		"Số 8"								0		0 
189		0		0		1		1		1		1		0		"Số 9"								0		0 
190		0		0		1		1		1		1		0		"Chữ A"								0		0 
191		0		0		1		1		1		1		0		"Chữ B"								0		0 
192		0		0		1		1		1		1		0		"Chữ C"								0		0 
193		0		0		1		1		1		1		0		"Chữ D"								0		0 
194		0		0		1		1		1		1		0		"Chữ E"								0		0 
195		0		0		1		1		1		1		0		"Chữ F"								0		0 
196		0		0		1		1		1		1		0		"Chữ G"								0		0 
197		0		0		1		1		1		1		0		"Chữ H"								0		0 
198		0		0		1		1		1		1		0		"Chữ I"								0		0 
199		0		0		1		1		1		1		0		"Chữ J"								0		0 
200		0		0		1		1		1		1		0		"Chữ K"								0		0 
201		0		0		1		1		1		1		0		"Chữ L"								0		0 
202		0		0		1		1		1		1		0		"Chữ M"								0		0 
203		0		0		1		1		1		1		0		"Chữ N"								0		0 
204		0		0		1		1		1		1		0		"Chữ O"								0		0 
205		0		0		1		1		1		1		0		"Chữ P"								0		0 
206		0		0		1		1		1		1		0		"Chữ Q"								0		0 
207		0		0		1		1		1		1		0		"Chữ R"								0		0 
208		0		0		1		1		1		1		0		"Chữ S"								0		0 
209		0		0		1		1		1		1		0		"Chữ T"								0		0 
210		0		0		1		1		1		1		0		"Chữ U"								0		0 
211		0		0		1		1		1		1		0		"Chữ V"								0		0 
212		0		0		1		1		1		1		0		"Chữ W"								0		0 
213		0		0		1		1		1		1		0		"Chữ X"								0		0 
214		0		0		1		1		1		1		0		"Chữ Y"								0		0 
215		0		0		1		1		1		1		0		"Chữ Z"								0		0 
220		0		0		1		1		1		1		0		"Box Huyết Thần"					0		0 
221		0		0		1		1		1		1		0		"Box Hắc Thần"						0		0 
222		0		0		1		1		1		1		0		"Box Thánh Thần"					0		0 
223		0		0		1		1		1		1		0		"Box Thức Tỉnh"						0		0 
224		0		0		1		1		1		1		0		"Box Mắt Xanh"						0		0 
225		0		0		1		1		1		1		0		"Box Tim Bạc"						0		0 
226		0		0		1		1		1		1		0		"Box Mãnh Sư"						0		0 
227		0		0		1		1		1		1		0		"Box Tinh Vân"						0		0 
228		0		0		1		1		1		1		0		"Box Tận Thế"						0		0 
229		0		0		1		1		1		1		0		"Box Sấm Sét"						0		0 
230		0		0		1		1		1		1		0		"Box Huyền Thoại"					0		0 
231		0		0		1		1		1		1		0		"Box Vũ Khí Cấp 7"					0		0 
232		0		0		1		1		1		1		0		"Box Vũ Khí Cấp 8"					0		0 
233		0		0		1		1		1		1		0		"Box Vũ Khí Cấp 9"					0		0 
234		0		0		1		1		1		1		0		"Box Vũ Wing"						0		0 
235		0		0		1		1		1		1		0		"Box Vũ Pet"						0		0 
236		0		0		1		1		1		1		0		"Box Custom 1"						0		0 
237		0		0		1		1		1		1		0		"Box Custom 2"						0		0 
238		0		0		1		1		1		1		0		"Box Custom 3"						0		0 
239		0		0		1		1		1		1		0		"Box Custom 4"						0		0 
240		0		0		1		1		1		1		0		"Box Custom 5"						0		0 
241		0		0		1		1		1		1		0		"Box Custom 6"						0		0 
244		0		0		1		1		1		1		0		"Ngọc Cấp Độ"						0		0 
245		0		0		1		1		1		1		0		"Ngọc Tuyệt Chiêu"					0		0 
246		0		0		1		1		1		1		0		"Ngọc May Mắn"						0		0 
247		0		0		1		1		1		1		0		"Ngọc Tính Năng"					0		0 
248		0		0		1		1		1		1		0		"Ngọc Hoàn Hảo"						0		0 
249		0		0		1		1		1		1		0		"Ngọc Socket"						0		0 
250		0		0		1		1		1		1		0		"Ngọc Thần Loại 1"					0		0 
251		0		0		1		1		1		1		0		"Ngọc Thần Loại 2"					0		0 
252		0		0		1		1		1		1		0		"Ngọc Full"							0		0 
253		-1		0		1		1		1		1		0		"Item 5k Coin"						0		0
254		-1		0		1		1		1		1		0		"Item 10k Coin"						0		0
255		-1		0		1		1		1		1		0		"Item 20k Coin"						0		0
256		-1		0		1		1		1		1		0		"Item 50k Coin"						0		0
257		-1		0		1		1		1		1		0		"Item 100k Coin"					0		0
258		-1		0		1		1		1		1		0		"Item 200k Coin"					0		0
259		0		0		1		1		1		1		0		"Ngọc Tiến Cấp"						0		0 
260		-1		0		1		1		1		1		0		"Sách Gọi Kundun"					0		0
261		-1		0		1		1		1		1		0		"Sách Gọi Medusa"					0		0
262		-1		0		1		1		1		1		0		"Sách Gọi Selupan"					0		0
263		-1		0		1		1		1		1		0		"Sách Gọi Erohim"					0		0
264		-1		0		1		1		1		1		0		"Sách Gọi Hell Main Gold"			0		0
265		-1		0		1		1		1		1		0		"Sách Gọi KunDun Gold"				0		0
266		-1		0		1		1		1		1		0		"Sách Gọi Selupan Gold"				0		0
267		-1		0		1		1		1		1		0		"Sách Gọi Medusa Gold"				0		0
300		-1		0		2		2		1		1		0		"Anh Hùng Cổ Đại"			0		0 

end

//Index	Slot	Skill	X		Y		Serial	Option	Drop	Name							level	ReqLvl	ReqEne	BuyMoney	DW/SM	DK/BK	ELF/ME	MG	DL SUM	RF
15
0		-1		0		1		2		1		1		1		"Sách Phóng Độc"				30		0		100		17000		1		0		0		1		0		0		0 
1		-1		0		1		2		1		1		1		"Sách Thiên Thạch"				21		0		100		11000		1		0		0		1		0		1		0 
2		-1		0		1		2		1		1		1		"Sách Phóng Sét"				13		0		100		3000		1		0		0		1		0		0		0 
3		-1		0		1		2		1		1		1		"Sách Quả Cầu Lửa"				5		0		100		300			1		0		0		1		0		1		0 
4		-1		0		1		2		1		1		1		"Sách Cột Lửa"					35		0		100		21000		1		0		0		1		0		0		0 
5		-1		0		1		2		1		1		1		"Di Chuyển Tức Thời"			17		0		100		5000		1		0		0		0		0		0		0 
6		-1		0		1		2		1		1		1		"Sách Đóng Băng"				25		0		100		14000		1		0		0		1		0		1		0 
7		-1		0		1		2		1		1		1		"Sách Lốc Xoáy"					40		0		100		25000		1		0		0		1		0		0		0 
8		-1		0		1		2		1		1		1		"Triệu Tập Linh Hồn"			50		0		100		35000		1		0		0		1		0		0		0 
9		-1		0		1		2		1		1		1		"Sách Lửa Địa Ngục"				60		0		100		60000		1		0		0		1		0		0		0 
10		-1		0		1		2		1		1		1		"Sách Sóng Âm"					9		0		100		1150		1		0		0		1		0		1		0 
11		-1		0		1		2		1		1		1		"Sách Luồng Nước Xanh"			74		0		110		100000		1		0		0		1		0		0		0 
12		-1		0		1		2		1		1		1		"Sách Sao Băng"					80		0		150		175000		1		0		0		1		0		0		0 
13		-1		0		1		2		1		1		1		"Sách Vòng Tròn Lửa"			88		0		200		265000		1		0		0		1		0		0		0 
14		-1		0		1		2		1		1		1		"Di Chuyển Nhân Vật"			83		0		188		245000		2		0		0		0		0		0		0 
15		-1		0		1		2		1		1		1		"Vòng Tròn Năng Lượng"			77		0		126		135000		1		0		0		0		0		0		0 
16		-1		0		1		2		1		1		1		"Sách Mưa Độc Tố"				96		0		243		345000		2		0		0		0		0		0		0 
17		-1		0		1		2		1		1		1		"Sách Mưa Băng Tuyết"			1		0		223		315000		2		0		0		0		0		0		0 
18		-1		0		1		2		1		1		1		"Sách Nova"						100		0		258		410000		2		0		0		0		0		0		0 
19		-1		0		1		2		1		1		1		"Sách Lôi Điện"					75		0		75		175000		0		0		0		0		0		1		0 
20		-1		0		1		2		1		1		1		"Sách Hút Máu"					35		0		93		100000		0		0		0		0		0		1		0 
21		-1		0		1		2		1		1		1		"Sách Shock Điện"				93		0		216		315000		0		0		0		0		0		1		0 
22		-1		0		1		2		1		1		1		"Sách Phản Hồi"					80		0		111		245000		0		0		0		0		0		1		0 
23		-1		0		1		2		1		1		1		"Sách Hộ Công"					83		0		181		265000		0		0		0		0		0		1		0 
24		-1		0		1		2		1		1		1		"Sách Ru Ngủ"					40		0		100		135000		0		0		0		0		0		1		0 
25		-1		0		1		2		1		1		1		"Sách Tăng Ma Thuật"			60		0		100		100000		0		0		0		0		0		1		0 
26		-1		0		1		2		1		1		1		"Sách Giảm Sức Đánh"			93		0		173		410000		0		0		0		0		0		2		0 
27		-1		0		1		2		1		1		1		"Sách Giảm Phòng Thủ"			111		0		201		450000		0		0		0		0		0		2		0 
28		-1		0		1		2		1		1		1		"Sách Tăng Ma Lực"				100		220		118		425000		2		0		0		0		0		0		0 
29		-1		0		1		2		1		1		1		"Bão Ánh Sáng"					100		220		118		380000		0		0		0		1		0		0		0 
30		-1		0		1		2		1		1		1		"Sách Vật Ngã"					70		150		0		100000		0		0		0		0		0		0		1 
31		-1		0		1		2		1		1		1		"Sách Ảo Ảnh Liên Hoàn"			80		180		0		175000		0		0		0		0		0		0		1 
32		-1		0		1		2		1		1		1		"Sách Gầm Thét"					70		150		0		100000		0		0		0		0		0		0		1 
33		-1		0		1		2		1		1		1		"Sách Hơi Thở Rồng"				90		200		0		265000		0		0		0		0		0		0		1 
34		-1		0		1		2		1		1		1		"Sách Xuyên Thấu"				80		120		80		175000		0		0		0		0		0		0		1 
35		-1		0		1		2		1		1		1		"Sách Tăng Thể Lực"				50		80		35		35000		0		0		0		0		0		0		1 
36		-1		0		1		2		1		1		1		"Sách Hộ Thân"					40		50		30		25000		0		0		0		0		0		0		1 
end

