version 1
nodes
0 "Bip01" -1
1 "Bip01 Footsteps" 0
2 "Bip01 Pelvis" 0
3 "Bip01 L Thigh" 2
4 "Bip01 L Calf" 3
5 "Bip01 L Foot" 4
6 "Bip01 L Toe0" 5
7 "Bip01 L Toe01" 6
8 "Bip01 L Toe02" 7
9 "Null 9" -1
10 "Bip01 R Thigh" 2
11 "Bip01 R Calf" 10
12 "Bip01 R Foot" 11
13 "Bip01 R Toe0" 12
14 "Bip01 R Toe01" 13
15 "Bip01 R Toe02" 14
16 "Null 16" -1
17 "Bip01 Spine" 2
18 "Bip01 Spine1" 17
19 "Bip01 Neck" 18
20 "Bip01 Head" 19
21 "Null 21" -1
22 "Bip01 Ponytail1" 20
23 "Bip01 Ponytail11" 22
24 "Null 24" -1
25 "Bip01 R Clavicle" 19
26 "Bip01 R UpperArm" 25
27 "Bip01 R Forearm" 26
28 "Bip01 R Hand" 27
29 "Bip01 R Finger0" 28
30 "Bip01 R Finger01" 29
31 "Bip01 R Finger02" 30
32 "Null 32" -1
33 "knife_gdf" 28
34 "Bip01 L Clavicle" 19
35 "Bip01 L UpperArm" 34
36 "Bip01 L Forearm" 35
37 "Bip01 L Hand" 36
38 "Bip01 L Finger0" 37
39 "Bip01 L Finger01" 38
40 "Bip01 L Finger02" 39
41 "Null 41" -1
42 "hand_bofdgne01" 37
43 "Bone01" 17
44 "Bone02" 43
45 "Bone03" 44
46 "Bone04" 45
47 "Bone05" 17
48 "Bone06" 47
49 "Bone07" 48
50 "Bone08" 49
end
skeleton
time 0
0 0.000000 0.000000 109.950928 0.000000 0.000000 -1.570795
1 0.000000 0.000000 -109.958252 0.000000 -0.000000 1.570795
2 0.000000 0.000000 0.000000 -1.570795 -1.570796 0.000000
3 -0.000014 0.000019 10.281536 0.000001 3.141591 -0.100000
4 49.430481 0.000000 -0.000000 -0.000000 -0.000000 -0.200000
5 49.430462 0.000001 -0.000000 0.000000 -0.000000 0.100000
6 11.591197 14.908227 0.000000 -0.000000 -0.000000 1.570796
7 4.161462 -0.000000 0.000000 0.000000 -0.000000 0.000000
8 4.161460 0.000000 0.000000 0.000000 -0.000000 0.000000
9 0.0 0.0 0.0 0.0 0.0 0.0
10 0.000014 -0.000009 -10.281536 0.000001 3.141591 -0.100000
11 49.430481 0.000000 -0.000000 -0.000000 -0.000000 -0.200000
12 49.430462 0.000001 0.000000 0.000000 -0.000000 0.100000
13 11.591197 14.908227 0.000000 0.000000 0.000000 1.570796
14 4.161462 -0.000000 0.000000 0.000000 -0.000000 0.000000
15 4.161458 -0.000000 0.000000 0.000000 -0.000000 0.000000
16 0.0 0.0 0.0 0.0 0.0 0.0
17 3.598549 -0.015762 0.000005 -0.000004 -0.000001 0.000796
18 19.801466 -0.020711 -0.000000 0.000000 -0.000000 0.000000
19 26.009638 -0.004092 -0.000000 0.000000 -0.000000 0.030000
20 5.140770 -0.000000 -0.000000 0.000000 0.000000 -0.030798
21 0.0 0.0 0.0 0.0 0.0 0.0
22 6.888315 -6.881610 -0.000019 -0.000005 0.000001 -2.749229
23 15.458327 -0.012906 -0.000000 -0.000000 0.000001 -0.219299
24 0.0 0.0 0.0 0.0 0.0 0.0
25 0.000000 0.004110 -6.477368 -0.000014 1.370796 3.110783
26 13.400166 -0.000000 0.000000 -0.000000 -1.183530 -0.000000
27 37.630424 0.000000 -0.000002 0.000000 -0.000000 -0.025467
28 27.473604 0.000000 0.000002 1.569921 0.000000 0.000000
29 10.423897 -1.809571 -0.029783 0.000875 -0.000000 -0.000000
30 3.624243 -0.000003 -0.000000 0.000000 -0.000000 0.000000
31 3.624247 0.000004 -0.000000 0.000000 -0.000000 0.000000
32 0.0 0.0 0.0 0.0 0.0 0.0
33 9.026132 3.666775 0.258445 -1.374363 -0.037857 1.754420
34 0.000000 0.004077 6.477368 -0.000014 -1.370796 3.110810
35 13.400166 0.000000 -0.000000 -0.000000 1.183530 0.000000
36 37.630432 0.000000 0.000001 0.000000 0.000000 -0.025467
37 27.473597 0.000000 0.000002 -1.569921 -0.000000 0.000000
38 10.423897 -1.809568 0.029783 -0.000875 0.000000 0.000000
39 3.624243 -0.000004 -0.000000 0.000000 -0.000000 0.000000
40 3.624246 0.000003 0.000000 0.000000 -0.000000 0.000000
41 0.0 0.0 0.0 0.0 0.0 0.0
42 9.000602 3.769937 0.531382 1.767230 -0.037854 -1.387172
43 15.155036 10.590137 0.000024 3.140796 -1.570796 0.000000
44 0.000000 -0.606424 -3.234268 -0.033670 0.000000 0.000000
45 0.000000 -3.638543 -20.011986 -0.212235 0.000000 0.000000
46 0.000000 -0.606422 -26.480511 0.000000 -0.000000 0.000000
47 16.351946 -9.422812 -0.000022 3.140796 -1.570796 0.000000
48 -0.000000 0.000000 -2.627838 -0.012848 -0.000000 -0.000000
49 -0.000000 5.457818 -16.979870 0.248210 -0.000000 0.000000
50 -0.000000 2.627840 -27.895494 0.000000 -0.000000 0.000000
end
triangles
HQSkinClass101.jpg
18 -0.0000 -6.6096 159.4780 -0.0001 -0.9881 0.1535 0.6471 0.7648
18 0.0020 -6.9895 157.0545 0.0001 -0.9879 0.1549 0.6563 0.7706
18 6.3560 -4.5825 159.5145 0.5994 -0.7051 0.3789 0.6643 0.7280
HQSkinClass101.jpg
18 6.3560 -4.5825 159.5145 0.5994 -0.7051 0.3789 0.6643 0.7280
18 5.6517 -4.0113 161.5196 0.7503 -0.6139 0.2453 0.6517 0.7238
18 -0.0000 -6.6096 159.4780 -0.0001 -0.9881 0.1535 0.6471 0.7648
HQSkinClass101.jpg
20 5.6613 -9.7689 179.9431 0.8226 -0.5628 -0.0809 0.8370 0.9321
20 5.2627 -8.5374 184.9291 0.8244 -0.5355 0.1833 0.8409 0.9893
20 3.3691 -10.5153 185.1780 0.4852 -0.8511 0.2005 0.7843 0.9913
HQSkinClass101.jpg
20 3.3691 -10.5153 185.1780 0.4852 -0.8511 0.2005 0.7843 0.9913
20 3.7050 -11.5860 179.3399 0.4954 -0.8274 -0.2645 0.7864 0.9310
20 5.6613 -9.7689 179.9431 0.8226 -0.5628 -0.0809 0.8370 0.9321
HQSkinClass101.jpg
20 -0.0000 -12.2782 178.6086 -0.0000 -0.9970 -0.0772 0.6763 0.9092
20 -0.0000 -11.9877 177.5652 -0.0000 -0.9994 0.0353 0.6762 0.8902
20 0.9153 -11.8136 177.5682 0.6177 -0.7681 -0.1688 0.6911 0.8902
HQSkinClass101.jpg
20 0.9153 -11.8136 177.5682 0.6177 -0.7681 -0.1688 0.6911 0.8902
20 1.3960 -12.0930 178.7236 0.2520 -0.9558 -0.1513 0.7038 0.9105
20 -0.0000 -12.2782 178.6086 -0.0000 -0.9970 -0.0772 0.6763 0.9092
HQSkinClass101.jpg
20 0.7680 -13.1755 173.7306 0.6510 -0.7588 -0.0222 0.6956 0.8518
20 0.9153 -11.8136 177.5682 0.6177 -0.7681 -0.1688 0.6911 0.8902
20 -0.0000 -11.9877 177.5652 -0.0000 -0.9994 0.0353 0.6762 0.8902
HQSkinClass101.jpg
20 -0.0000 -11.9877 177.5652 -0.0000 -0.9994 0.0353 0.6762 0.8902
20 -0.0000 -13.4500 173.7753 -0.0000 -0.9990 0.0455 0.6761 0.8523
20 0.7680 -13.1755 173.7306 0.6510 -0.7588 -0.0222 0.6956 0.8518
HQSkinClass101.jpg
20 5.3386 -9.5533 175.4808 0.7714 -0.6281 -0.1022 0.8331 0.8652
20 3.8062 -10.7191 175.5584 0.3674 -0.9291 0.0414 0.7887 0.8684
20 2.7761 -10.4410 171.7742 0.5339 -0.8230 -0.1941 0.7632 0.8179
HQSkinClass101.jpg
20 2.7761 -10.4410 171.7742 0.5339 -0.8230 -0.1941 0.7632 0.8179
20 3.8973 -9.1226 170.5521 0.7661 -0.5605 -0.3146 0.8046 0.7916
20 5.3386 -9.5533 175.4808 0.7714 -0.6281 -0.1022 0.8331 0.8652
HQSkinClass101.jpg
20 1.4200 -11.1533 173.0897 0.5719 -0.7578 -0.3141 0.7289 0.8352
20 -0.0000 -11.6515 172.7047 -0.0000 -0.8058 -0.5922 0.6763 0.8297
20 1.1292 -11.4440 171.5263 0.3751 -0.9000 -0.2220 0.7023 0.8139
HQSkinClass101.jpg
20 1.1292 -11.4440 171.5263 0.3751 -0.9000 -0.2220 0.7023 0.8139
20 2.7761 -10.4410 171.7742 0.5339 -0.8230 -0.1941 0.7632 0.8179
20 1.4200 -11.1533 173.0897 0.5719 -0.7578 -0.3141 0.7289 0.8352
HQSkinClass101.jpg
20 -0.0000 -11.2095 170.7398 -0.0000 -0.9343 -0.3565 0.6761 0.7995
20 1.2308 -10.8993 170.8246 0.3451 -0.8803 -0.3256 0.7046 0.8006
20 1.1292 -11.4440 171.5263 0.3751 -0.9000 -0.2220 0.7023 0.8139
HQSkinClass101.jpg
20 1.1292 -11.4440 171.5263 0.3751 -0.9000 -0.2220 0.7023 0.8139
20 -0.0000 -11.7607 171.2314 -0.0000 -0.9147 -0.4041 0.6761 0.8108
20 -0.0000 -11.2095 170.7398 -0.0000 -0.9343 -0.3565 0.6761 0.7995
HQSkinClass101.jpg
20 3.1067 -9.6600 170.1167 0.5808 -0.7563 -0.3010 0.7692 0.7922
20 2.7761 -10.4410 171.7742 0.5339 -0.8230 -0.1941 0.7632 0.8179
20 1.1292 -11.4440 171.5263 0.3751 -0.9000 -0.2220 0.7023 0.8139
HQSkinClass101.jpg
20 1.1292 -11.4440 171.5263 0.3751 -0.9000 -0.2220 0.7023 0.8139
20 1.2308 -10.8993 170.8246 0.3451 -0.8803 -0.3256 0.7046 0.8006
20 3.1067 -9.6600 170.1167 0.5808 -0.7563 -0.3010 0.7692 0.7922
HQSkinClass101.jpg
20 -0.0000 -11.2095 170.7398 -0.0000 -0.9343 -0.3565 0.6761 0.7995
20 -0.0000 -11.2497 169.6846 -0.0000 -0.8909 -0.4542 0.6761 0.7877
20 1.1931 -10.9497 169.6651 0.3419 -0.8277 -0.4450 0.7050 0.7883
HQSkinClass101.jpg
20 1.1931 -10.9497 169.6651 0.3419 -0.8277 -0.4450 0.7050 0.7883
20 1.2308 -10.8993 170.8246 0.3451 -0.8803 -0.3256 0.7046 0.8006
20 -0.0000 -11.2095 170.7398 -0.0000 -0.9343 -0.3565 0.6761 0.7995
HQSkinClass101.jpg
20 -0.0000 -10.4426 169.2342 -0.0000 -0.8498 -0.5271 0.6761 0.7713
20 1.0408 -10.1710 169.1732 0.2508 -0.8502 -0.4629 0.7022 0.7715
20 1.1931 -10.9497 169.6651 0.3419 -0.8277 -0.4450 0.7050 0.7883
HQSkinClass101.jpg
20 1.1931 -10.9497 169.6651 0.3419 -0.8277 -0.4450 0.7050 0.7883
20 -0.0000 -11.2497 169.6846 -0.0000 -0.8909 -0.4542 0.6761 0.7877
20 -0.0000 -10.4426 169.2342 -0.0000 -0.8498 -0.5271 0.6761 0.7713
HQSkinClass101.jpg
20 2.6086 -8.9909 167.6673 0.8090 -0.5293 -0.2556 0.7837 0.7645
20 3.8973 -9.1226 170.5521 0.7661 -0.5605 -0.3146 0.8046 0.7916
20 3.1067 -9.6600 170.1167 0.5808 -0.7563 -0.3010 0.7692 0.7922
HQSkinClass101.jpg
20 3.1067 -9.6600 170.1167 0.5808 -0.7563 -0.3010 0.7692 0.7922
20 2.0574 -9.7569 169.1191 0.4928 -0.8097 -0.3187 0.7532 0.7720
20 2.6086 -8.9909 167.6673 0.8090 -0.5293 -0.2556 0.7837 0.7645
HQSkinClass101.jpg
20 5.9176 -5.2644 171.3780 0.9075 -0.3043 -0.2895 0.9111 0.8182
20 6.8147 -3.5928 172.8020 0.9247 -0.2012 -0.3231 0.9866 0.8597
20 7.3977 -2.8248 179.2491 0.9433 -0.3315 0.0149 0.9891 0.9910
HQSkinClass101.jpg
20 7.3977 -2.8248 179.2491 0.9433 -0.3315 0.0149 0.9891 0.9910
20 6.4497 -7.4876 176.9825 0.9460 -0.3174 -0.0663 0.8726 0.8886
20 5.9176 -5.2644 171.3780 0.9075 -0.3043 -0.2895 0.9111 0.8182
HQSkinClass101.jpg
20 5.7004 -4.2371 170.1317 0.8803 -0.0461 -0.4721 0.9388 0.7933
20 5.3092 -2.9171 169.7511 0.9570 -0.2092 -0.2012 0.9485 0.7715
20 6.2684 -2.4426 172.6525 0.7586 0.3219 -0.5665 0.9952 0.8295
HQSkinClass101.jpg
20 6.2684 -2.4426 172.6525 0.7586 0.3219 -0.5665 0.9952 0.8295
20 6.8147 -3.5928 172.8020 0.9247 -0.2012 -0.3231 0.9866 0.8597
20 5.7004 -4.2371 170.1317 0.8803 -0.0461 -0.4721 0.9388 0.7933
HQSkinClass101.jpg
20 1.1931 -10.9497 169.6651 0.3419 -0.8277 -0.4450 0.7050 0.7883
20 1.0408 -10.1710 169.1732 0.2508 -0.8502 -0.4629 0.7022 0.7715
20 2.0574 -9.7569 169.1191 0.4928 -0.8097 -0.3187 0.7532 0.7720
HQSkinClass101.jpg
20 2.0574 -9.7569 169.1191 0.4928 -0.8097 -0.3187 0.7532 0.7720
20 3.1067 -9.6600 170.1167 0.5808 -0.7563 -0.3010 0.7692 0.7922
20 1.1931 -10.9497 169.6651 0.3419 -0.8277 -0.4450 0.7050 0.7883
HQSkinClass101.jpg
20 2.6287 -8.0779 166.4247 0.6089 -0.0053 -0.7932 0.7833 0.7438
20 5.7004 -4.2371 170.1317 0.8803 -0.0461 -0.4721 0.9388 0.7933
20 5.9176 -5.2644 171.3780 0.9075 -0.3043 -0.2895 0.9111 0.8182
HQSkinClass101.jpg
20 5.9176 -5.2644 171.3780 0.9075 -0.3043 -0.2895 0.9111 0.8182
20 2.6086 -8.9909 167.6673 0.8090 -0.5293 -0.2556 0.7837 0.7645
20 2.6287 -8.0779 166.4247 0.6089 -0.0053 -0.7932 0.7833 0.7438
HQSkinClass101.jpg
20 2.6287 -8.0779 166.4247 0.6089 -0.0053 -0.7932 0.7833 0.7438
20 2.6086 -8.9909 167.6673 0.8090 -0.5293 -0.2556 0.7837 0.7645
20 1.7782 -10.0991 166.9053 0.5349 -0.7848 -0.3132 0.7233 0.7512
HQSkinClass101.jpg
20 1.7782 -10.0991 166.9053 0.5349 -0.7848 -0.3132 0.7233 0.7512
20 1.6483 -9.1339 165.8311 0.3842 -0.2427 -0.8908 0.7281 0.7297
20 2.6287 -8.0779 166.4247 0.6089 -0.0053 -0.7932 0.7833 0.7438
HQSkinClass101.jpg
20 2.6287 -8.0779 166.4247 0.6089 -0.0053 -0.7932 0.7833 0.7438
20 3.7773 -4.5216 168.2315 0.7347 -0.3959 -0.5509 0.8778 0.7465
20 5.3092 -2.9171 169.7511 0.9570 -0.2092 -0.2012 0.9485 0.7715
HQSkinClass101.jpg
20 5.3092 -2.9171 169.7511 0.9570 -0.2092 -0.2012 0.9485 0.7715
20 5.7004 -4.2371 170.1317 0.8803 -0.0461 -0.4721 0.9388 0.7933
20 2.6287 -8.0779 166.4247 0.6089 -0.0053 -0.7932 0.7833 0.7438
HQSkinClass101.jpg
20 5.6613 -9.7689 179.9431 0.8226 -0.5628 -0.0809 0.8370 0.9321
20 3.7050 -11.5860 179.3399 0.4954 -0.8274 -0.2645 0.7864 0.9310
20 3.5874 -10.5913 178.5625 0.4819 -0.7195 -0.5000 0.7843 0.9103
HQSkinClass101.jpg
20 3.5874 -10.5913 178.5625 0.4819 -0.7195 -0.5000 0.7843 0.9103
20 4.8170 -9.5570 178.2273 0.6027 -0.7891 -0.1184 0.8122 0.9052
20 5.6613 -9.7689 179.9431 0.8226 -0.5628 -0.0809 0.8370 0.9321
HQSkinClass101.jpg
20 5.6003 -8.9238 178.6840 0.8327 -0.5304 -0.1592 0.8368 0.9118
20 4.8170 -9.5570 178.2273 0.6027 -0.7891 -0.1184 0.8122 0.9052
20 5.3386 -9.5533 175.4808 0.7714 -0.6281 -0.1022 0.8331 0.8652
HQSkinClass101.jpg
20 5.3386 -9.5533 175.4808 0.7714 -0.6281 -0.1022 0.8331 0.8652
20 6.4497 -7.4876 176.9825 0.9460 -0.3174 -0.0663 0.8726 0.8886
20 5.6003 -8.9238 178.6840 0.8327 -0.5304 -0.1592 0.8368 0.9118
HQSkinClass101.jpg
20 5.9176 -5.2644 171.3780 0.9075 -0.3043 -0.2895 0.9111 0.8182
20 5.3386 -9.5533 175.4808 0.7714 -0.6281 -0.1022 0.8331 0.8652
20 3.8973 -9.1226 170.5521 0.7661 -0.5605 -0.3146 0.8046 0.7916
HQSkinClass101.jpg
20 3.8973 -9.1226 170.5521 0.7661 -0.5605 -0.3146 0.8046 0.7916
20 2.6086 -8.9909 167.6673 0.8090 -0.5293 -0.2556 0.7837 0.7645
20 5.9176 -5.2644 171.3780 0.9075 -0.3043 -0.2895 0.9111 0.8182
HQSkinClass101.jpg
20 1.7782 -10.0991 166.9053 0.5349 -0.7848 -0.3132 0.7233 0.7512
20 2.6086 -8.9909 167.6673 0.8090 -0.5293 -0.2556 0.7837 0.7645
20 2.0574 -9.7569 169.1191 0.4928 -0.8097 -0.3187 0.7532 0.7720
HQSkinClass101.jpg
20 2.0574 -9.7569 169.1191 0.4928 -0.8097 -0.3187 0.7532 0.7720
20 1.0408 -10.1710 169.1732 0.2508 -0.8502 -0.4629 0.7022 0.7715
20 1.7782 -10.0991 166.9053 0.5349 -0.7848 -0.3132 0.7233 0.7512
HQSkinClass101.jpg
20 1.3768 -10.3308 177.5960 0.5649 -0.7772 -0.2771 0.7279 0.8926
20 0.9153 -11.8136 177.5682 0.6177 -0.7681 -0.1688 0.6911 0.8902
20 0.7680 -13.1755 173.7306 0.6510 -0.7588 -0.0222 0.6956 0.8518
HQSkinClass101.jpg
20 0.7680 -13.1755 173.7306 0.6510 -0.7588 -0.0222 0.6956 0.8518
20 1.7585 -11.0804 173.5570 0.5851 -0.8047 -0.1011 0.7360 0.8469
20 1.3768 -10.3308 177.5960 0.5649 -0.7772 -0.2771 0.7279 0.8926
HQSkinClass101.jpg
20 1.7585 -11.0804 173.5570 0.5851 -0.8047 -0.1011 0.7360 0.8469
20 0.7680 -13.1755 173.7306 0.6510 -0.7588 -0.0222 0.6956 0.8518
20 0.6264 -13.0406 173.1586 0.5068 -0.5650 -0.6511 0.6926 0.8455
HQSkinClass101.jpg
20 0.6264 -13.0406 173.1586 0.5068 -0.5650 -0.6511 0.6926 0.8455
20 1.4200 -11.1533 173.0897 0.5719 -0.7578 -0.3141 0.7289 0.8352
20 1.7585 -11.0804 173.5570 0.5851 -0.8047 -0.1011 0.7360 0.8469
HQSkinClass101.jpg
20 -0.0000 -9.5598 165.8109 -0.0000 -0.3888 -0.9213 0.6763 0.7240
20 1.6483 -9.1339 165.8311 0.3842 -0.2427 -0.8908 0.7281 0.7297
20 1.7782 -10.0991 166.9053 0.5349 -0.7848 -0.3132 0.7233 0.7512
HQSkinClass101.jpg
20 1.7782 -10.0991 166.9053 0.5349 -0.7848 -0.3132 0.7233 0.7512
20 -0.0000 -10.5786 166.9597 -0.0000 -0.9528 -0.3037 0.6762 0.7493
20 -0.0000 -9.5598 165.8109 -0.0000 -0.3888 -0.9213 0.6763 0.7240
HQSkinClass101.jpg
20 -0.0000 -11.4115 184.2758 -0.0000 -0.9849 0.1730 0.6780 0.9768
20 1.3960 -12.0930 178.7236 0.2520 -0.9558 -0.1513 0.7038 0.9105
20 3.3691 -10.5153 185.1780 0.4852 -0.8511 0.2005 0.7843 0.9913
HQSkinClass101.jpg
20 3.3691 -10.5153 185.1780 0.4852 -0.8511 0.2005 0.7843 0.9913
20 -0.0000 -11.3908 184.3923 -0.0000 -0.9846 0.1749 0.6784 0.9782
20 -0.0000 -11.4115 184.2758 -0.0000 -0.9849 0.1730 0.6780 0.9768
HQSkinClass101.jpg
20 5.2627 -8.5374 184.9291 0.8244 -0.5355 0.1833 0.8409 0.9893
20 5.6613 -9.7689 179.9431 0.8226 -0.5628 -0.0809 0.8370 0.9321
20 6.5305 -6.9478 179.2066 0.9504 -0.3106 0.0187 0.8747 0.9287
HQSkinClass101.jpg
20 6.5305 -6.9478 179.2066 0.9504 -0.3106 0.0187 0.8747 0.9287
20 7.5088 -4.2690 180.6469 0.9519 -0.2764 -0.1325 0.9690 0.9961
20 5.2627 -8.5374 184.9291 0.8244 -0.5355 0.1833 0.8409 0.9893
HQSkinClass101.jpg
20 5.3386 -9.5533 175.4808 0.7714 -0.6281 -0.1022 0.8331 0.8652
20 4.8170 -9.5570 178.2273 0.6027 -0.7891 -0.1184 0.8122 0.9052
20 3.6145 -10.3987 177.5015 0.3246 -0.9458 -0.0052 0.7886 0.8952
HQSkinClass101.jpg
20 3.6145 -10.3987 177.5015 0.3246 -0.9458 -0.0052 0.7886 0.8952
20 3.8062 -10.7191 175.5584 0.3674 -0.9291 0.0414 0.7887 0.8684
20 5.3386 -9.5533 175.4808 0.7714 -0.6281 -0.1022 0.8331 0.8652
HQSkinClass101.jpg
20 3.5874 -10.5913 178.5625 0.4819 -0.7195 -0.5000 0.7843 0.9103
20 3.7050 -11.5860 179.3399 0.4954 -0.8274 -0.2645 0.7864 0.9310
20 1.6021 -11.6714 178.2265 0.5195 -0.5413 -0.6612 0.7209 0.9030
HQSkinClass101.jpg
20 1.6021 -11.6714 178.2265 0.5195 -0.5413 -0.6612 0.7209 0.9030
20 2.1711 -10.7571 178.3267 0.2352 -0.5044 -0.8308 0.7409 0.9045
20 3.5874 -10.5913 178.5625 0.4819 -0.7195 -0.5000 0.7843 0.9103
HQSkinClass101.jpg
20 6.2684 -2.4426 172.6525 0.7586 0.3219 -0.5665 0.5767 0.2789
20 7.2061 -0.1870 177.6760 -0.0862 0.9892 -0.1188 0.6144 0.2524
20 9.3479 0.2861 176.8559 0.7612 0.6113 -0.2166 0.6003 0.2525
HQSkinClass101.jpg
20 9.3479 0.2861 176.8559 0.7612 0.6113 -0.2166 0.6003 0.2525
20 8.1605 -1.1517 173.6029 0.6072 0.5449 -0.5783 0.5741 0.2698
20 6.2684 -2.4426 172.6525 0.7586 0.3219 -0.5665 0.5767 0.2789
HQSkinClass101.jpg
20 9.3479 0.2861 176.8559 0.7612 0.6113 -0.2166 0.6003 0.2525
20 7.2061 -0.1870 177.6760 -0.0862 0.9892 -0.1188 0.6144 0.2524
20 7.6786 -0.3361 178.9715 0.0219 0.6720 0.7402 0.6140 0.2405
HQSkinClass101.jpg
20 7.6786 -0.3361 178.9715 0.0219 0.6720 0.7402 0.6140 0.2405
20 9.1218 -0.2877 178.7881 0.7734 0.2947 0.5612 0.5998 0.2450
20 9.3479 0.2861 176.8559 0.7612 0.6113 -0.2166 0.6003 0.2525
HQSkinClass101.jpg
20 7.3977 -2.8248 179.2491 0.9433 -0.3315 0.0149 0.5517 0.2372
20 8.1605 -1.1517 173.6029 0.6072 0.5449 -0.5783 0.5741 0.2698
20 9.3479 0.2861 176.8559 0.7612 0.6113 -0.2166 0.6003 0.2525
HQSkinClass101.jpg
20 9.3479 0.2861 176.8559 0.7612 0.6113 -0.2166 0.6003 0.2525
20 9.1218 -0.2877 178.7881 0.7734 0.2947 0.5612 0.5998 0.2450
20 7.3977 -2.8248 179.2491 0.9433 -0.3315 0.0149 0.5517 0.2372
HQSkinClass101.jpg
20 7.3977 -2.8248 179.2491 0.9433 -0.3315 0.0149 0.9891 0.9910
20 7.5088 -4.2690 180.6469 0.9519 -0.2764 -0.1325 0.9690 0.9961
20 6.5305 -6.9478 179.2066 0.9504 -0.3106 0.0187 0.8747 0.9287
HQSkinClass101.jpg
20 6.5305 -6.9478 179.2066 0.9504 -0.3106 0.0187 0.8747 0.9287
20 6.4497 -7.4876 176.9825 0.9460 -0.3174 -0.0663 0.8726 0.8886
20 7.3977 -2.8248 179.2491 0.9433 -0.3315 0.0149 0.9891 0.9910
HQSkinClass101.jpg
20 2.1711 -10.7571 178.3267 0.2352 -0.5044 -0.8308 0.7409 0.9045
20 1.3768 -10.3308 177.5960 0.5649 -0.7772 -0.2771 0.7279 0.8926
20 3.6145 -10.3987 177.5015 0.3246 -0.9458 -0.0052 0.7886 0.8952
HQSkinClass101.jpg
20 3.6145 -10.3987 177.5015 0.3246 -0.9458 -0.0052 0.7886 0.8952
20 3.5874 -10.5913 178.5625 0.4819 -0.7195 -0.5000 0.7843 0.9103
20 2.1711 -10.7571 178.3267 0.2352 -0.5044 -0.8308 0.7409 0.9045
HQSkinClass101.jpg
18 5.6517 -4.0113 161.5196 0.7503 -0.6139 0.2453 0.6517 0.7238
18 6.3560 -4.5825 159.5145 0.5994 -0.7051 0.3789 0.6643 0.7280
18 6.7520 3.8555 162.1555 0.8411 0.4408 0.3135 0.6627 0.6745
HQSkinClass101.jpg
18 6.7520 3.8555 162.1555 0.8411 0.4408 0.3135 0.6627 0.6745
20 6.1541 2.8273 164.8956 0.9171 0.3703 0.1480 0.6439 0.6745
18 5.6517 -4.0113 161.5196 0.7503 -0.6139 0.2453 0.6517 0.7238
HQSkinClass101.jpg
20 3.7773 -4.5216 168.2315 0.7347 -0.3959 -0.5509 0.6071 0.7183
20 -0.0000 -5.9885 166.4429 -0.0000 -0.5927 -0.8055 0.6073 0.7445
18 5.6517 -4.0113 161.5196 0.7503 -0.6139 0.2453 0.6517 0.7238
HQSkinClass101.jpg
18 5.6517 -4.0113 161.5196 0.7503 -0.6139 0.2453 0.6517 0.7238
20 5.3092 -2.9171 169.7511 0.9570 -0.2092 -0.2012 0.6035 0.7014
20 3.7773 -4.5216 168.2315 0.7347 -0.3959 -0.5509 0.6071 0.7183
HQSkinClass101.jpg
20 5.3092 -2.9171 169.7511 0.9570 -0.2092 -0.2012 0.6035 0.7014
18 5.6517 -4.0113 161.5196 0.7503 -0.6139 0.2453 0.6517 0.7238
20 6.1566 0.0826 173.8622 0.9771 0.1891 -0.0979 0.5839 0.6754
HQSkinClass101.jpg
20 6.1566 0.0826 173.8622 0.9771 0.1891 -0.0979 0.5839 0.6754
20 6.2684 -2.4426 172.6525 0.7586 0.3219 -0.5665 0.5867 0.6932
20 5.3092 -2.9171 169.7511 0.9570 -0.2092 -0.2012 0.6035 0.7014
HQSkinClass101.jpg
20 6.1541 2.8273 164.8956 0.9171 0.3703 0.1480 0.6439 0.6745
20 4.5467 4.0005 164.7401 0.5118 0.8483 0.1358 0.6471 0.6615
20 3.8782 4.5663 174.5395 0.6480 0.7563 0.0900 0.5871 0.6428
HQSkinClass101.jpg
20 3.8782 4.5663 174.5395 0.6480 0.7563 0.0900 0.5871 0.6428
20 6.1566 0.0826 173.8622 0.9771 0.1891 -0.0979 0.5839 0.6754
20 6.1541 2.8273 164.8956 0.9171 0.3703 0.1480 0.6439 0.6745
HQSkinClass101.jpg
20 4.5467 4.0005 164.7401 0.5118 0.8483 0.1358 0.6471 0.6615
18 6.7520 3.8555 162.1555 0.8411 0.4408 0.3135 0.6627 0.6745
18 0.0020 6.8855 161.5280 -0.0007 0.9949 0.1009 0.6740 0.6299
HQSkinClass101.jpg
18 0.0020 6.8855 161.5280 -0.0007 0.9949 0.1009 0.6740 0.6299
20 0.0000 6.8660 164.3916 -0.0001 0.9999 0.0119 0.6562 0.6278
20 4.5467 4.0005 164.7401 0.5118 0.8483 0.1358 0.6471 0.6615
HQSkinClass101.jpg
20 -0.0000 -13.4500 173.7753 -0.0000 -0.9990 0.0455 0.6761 0.8523
20 -0.0000 -13.2553 173.0969 -0.0000 -0.7264 -0.6873 0.6762 0.8442
20 0.6264 -13.0406 173.1586 0.5068 -0.5650 -0.6511 0.6926 0.8455
HQSkinClass101.jpg
20 0.6264 -13.0406 173.1586 0.5068 -0.5650 -0.6511 0.6926 0.8455
20 0.7680 -13.1755 173.7306 0.6510 -0.7588 -0.0222 0.6956 0.8518
20 -0.0000 -13.4500 173.7753 -0.0000 -0.9990 0.0455 0.6761 0.8523
HQSkinClass101.jpg
20 1.0408 -10.1710 169.1732 0.2508 -0.8502 -0.4629 0.7022 0.7715
20 -0.0000 -10.4426 169.2342 -0.0000 -0.8498 -0.5271 0.6761 0.7713
20 -0.0000 -10.5786 166.9597 -0.0000 -0.9528 -0.3037 0.6762 0.7493
HQSkinClass101.jpg
20 -0.0000 -10.5786 166.9597 -0.0000 -0.9528 -0.3037 0.6762 0.7493
20 1.7782 -10.0991 166.9053 0.5349 -0.7848 -0.3132 0.7233 0.7512
20 1.0408 -10.1710 169.1732 0.2508 -0.8502 -0.4629 0.7022 0.7715
HQSkinClass101.jpg
18 -6.3530 -4.5825 159.5145 -0.5992 -0.7057 0.3781 0.6643 0.7280
18 0.0020 -6.9895 157.0545 0.0001 -0.9879 0.1549 0.6563 0.7706
18 -0.0000 -6.6096 159.4780 -0.0001 -0.9881 0.1535 0.6471 0.7648
HQSkinClass101.jpg
18 -0.0000 -6.6096 159.4780 -0.0001 -0.9881 0.1535 0.6471 0.7648
18 -5.6517 -4.0113 161.5196 -0.7503 -0.6140 0.2450 0.6517 0.7238
18 -6.3530 -4.5825 159.5145 -0.5992 -0.7057 0.3781 0.6643 0.7280
HQSkinClass101.jpg
20 -5.6613 -9.7689 179.9431 -0.8226 -0.5628 -0.0809 0.8370 0.9321
20 -3.7050 -11.5860 179.3399 -0.4954 -0.8274 -0.2645 0.7864 0.9310
20 -3.3691 -10.5153 185.1780 -0.4852 -0.8511 0.2005 0.7843 0.9913
HQSkinClass101.jpg
20 -3.3691 -10.5153 185.1780 -0.4852 -0.8511 0.2005 0.7843 0.9913
20 -5.2627 -8.5374 184.9291 -0.8244 -0.5355 0.1833 0.8409 0.9893
20 -5.6613 -9.7689 179.9431 -0.8226 -0.5628 -0.0809 0.8370 0.9321
HQSkinClass101.jpg
20 -0.0000 -12.2782 178.6086 -0.0000 -0.9970 -0.0772 0.6763 0.9092
20 -1.3960 -12.0930 178.7236 -0.2520 -0.9558 -0.1513 0.7038 0.9105
20 -0.9153 -11.8136 177.5682 -0.6177 -0.7681 -0.1688 0.6911 0.8902
HQSkinClass101.jpg
20 -0.9153 -11.8136 177.5682 -0.6177 -0.7681 -0.1688 0.6911 0.8902
20 -0.0000 -11.9877 177.5652 -0.0000 -0.9994 0.0353 0.6762 0.8902
20 -0.0000 -12.2782 178.6086 -0.0000 -0.9970 -0.0772 0.6763 0.9092
HQSkinClass101.jpg
20 -0.7680 -13.1755 173.7306 -0.6510 -0.7588 -0.0222 0.6956 0.8518
20 -0.0000 -13.4500 173.7753 -0.0000 -0.9990 0.0455 0.6761 0.8523
20 -0.0000 -11.9877 177.5652 -0.0000 -0.9994 0.0353 0.6762 0.8902
HQSkinClass101.jpg
20 -0.0000 -11.9877 177.5652 -0.0000 -0.9994 0.0353 0.6762 0.8902
20 -0.9153 -11.8136 177.5682 -0.6177 -0.7681 -0.1688 0.6911 0.8902
20 -0.7680 -13.1755 173.7306 -0.6510 -0.7588 -0.0222 0.6956 0.8518
HQSkinClass101.jpg
20 -5.3386 -9.5533 175.4808 -0.7714 -0.6281 -0.1022 0.8331 0.8652
20 -3.8973 -9.1226 170.5521 -0.7661 -0.5605 -0.3146 0.8046 0.7916
20 -2.7761 -10.4410 171.7742 -0.5339 -0.8230 -0.1941 0.7632 0.8179
HQSkinClass101.jpg
20 -2.7761 -10.4410 171.7742 -0.5339 -0.8230 -0.1941 0.7632 0.8179
20 -3.8062 -10.7191 175.5584 -0.3674 -0.9291 0.0414 0.7887 0.8684
20 -5.3386 -9.5533 175.4808 -0.7714 -0.6281 -0.1022 0.8331 0.8652
HQSkinClass101.jpg
20 -0.0000 -11.2095 170.7398 -0.0000 -0.9343 -0.3565 0.6761 0.7995
20 -0.0000 -11.7607 171.2314 -0.0000 -0.9147 -0.4041 0.6761 0.8108
20 -1.1292 -11.4440 171.5263 -0.3751 -0.9000 -0.2220 0.7023 0.8139
HQSkinClass101.jpg
20 -1.1292 -11.4440 171.5263 -0.3751 -0.9000 -0.2220 0.7023 0.8139
20 -1.2308 -10.8993 170.8246 -0.3451 -0.8803 -0.3256 0.7046 0.8006
20 -0.0000 -11.2095 170.7398 -0.0000 -0.9343 -0.3565 0.6761 0.7995
HQSkinClass101.jpg
20 -3.1067 -9.6600 170.1167 -0.5808 -0.7563 -0.3010 0.7692 0.7922
20 -1.1292 -11.4440 171.5263 -0.3751 -0.9000 -0.2220 0.7023 0.8139
20 -2.7761 -10.4410 171.7742 -0.5339 -0.8230 -0.1941 0.7632 0.8179
HQSkinClass101.jpg
20 -2.7761 -10.4410 171.7742 -0.5339 -0.8230 -0.1941 0.7632 0.8179
20 -3.8973 -9.1226 170.5521 -0.7661 -0.5605 -0.3146 0.8046 0.7916
20 -3.1067 -9.6600 170.1167 -0.5808 -0.7563 -0.3010 0.7692 0.7922
HQSkinClass101.jpg
20 -0.0000 -11.2095 170.7398 -0.0000 -0.9343 -0.3565 0.6761 0.7995
20 -1.2308 -10.8993 170.8246 -0.3451 -0.8803 -0.3256 0.7046 0.8006
20 -1.1931 -10.9497 169.6651 -0.3419 -0.8277 -0.4450 0.7050 0.7883
HQSkinClass101.jpg
20 -1.1931 -10.9497 169.6651 -0.3419 -0.8277 -0.4450 0.7050 0.7883
20 -0.0000 -11.2497 169.6846 -0.0000 -0.8909 -0.4542 0.6761 0.7877
20 -0.0000 -11.2095 170.7398 -0.0000 -0.9343 -0.3565 0.6761 0.7995
HQSkinClass101.jpg
20 -0.0000 -10.4426 169.2342 -0.0000 -0.8498 -0.5271 0.6761 0.7713
20 -0.0000 -11.2497 169.6846 -0.0000 -0.8909 -0.4542 0.6761 0.7877
20 -1.1931 -10.9497 169.6651 -0.3419 -0.8277 -0.4450 0.7050 0.7883
HQSkinClass101.jpg
20 -1.1931 -10.9497 169.6651 -0.3419 -0.8277 -0.4450 0.7050 0.7883
20 -1.0408 -10.1710 169.1732 -0.2508 -0.8502 -0.4629 0.7022 0.7715
20 -0.0000 -10.4426 169.2342 -0.0000 -0.8498 -0.5271 0.6761 0.7713
HQSkinClass101.jpg
20 -2.6086 -8.9909 167.6673 -0.8090 -0.5293 -0.2556 0.7837 0.7645
20 -2.0574 -9.7569 169.1191 -0.4928 -0.8097 -0.3187 0.7532 0.7720
20 -3.1067 -9.6600 170.1167 -0.5808 -0.7563 -0.3010 0.7692 0.7922
HQSkinClass101.jpg
20 -3.1067 -9.6600 170.1167 -0.5808 -0.7563 -0.3010 0.7692 0.7922
20 -3.8973 -9.1226 170.5521 -0.7661 -0.5605 -0.3146 0.8046 0.7916
20 -2.6086 -8.9909 167.6673 -0.8090 -0.5293 -0.2556 0.7837 0.7645
HQSkinClass101.jpg
20 -5.9176 -5.2644 171.3780 -0.9075 -0.3043 -0.2895 0.9111 0.8182
20 -6.4497 -7.4876 176.9825 -0.9460 -0.3174 -0.0663 0.8726 0.8886
20 -7.3977 -2.8248 179.2491 -0.9433 -0.3315 0.0149 0.9891 0.9910
HQSkinClass101.jpg
20 -7.3977 -2.8248 179.2491 -0.9433 -0.3315 0.0149 0.9891 0.9910
20 -6.8147 -3.5928 172.8020 -0.9247 -0.2012 -0.3231 0.9866 0.8597
20 -5.9176 -5.2644 171.3780 -0.9075 -0.3043 -0.2895 0.9111 0.8182
HQSkinClass101.jpg
20 -5.7004 -4.2371 170.1317 -0.8803 -0.0461 -0.4721 0.9388 0.7933
20 -6.8147 -3.5928 172.8020 -0.9247 -0.2012 -0.3231 0.9866 0.8597
20 -6.2684 -2.4426 172.6525 -0.7586 0.3219 -0.5665 0.9952 0.8295
HQSkinClass101.jpg
20 -6.2684 -2.4426 172.6525 -0.7586 0.3219 -0.5665 0.9952 0.8295
20 -5.3092 -2.9171 169.7511 -0.9570 -0.2092 -0.2012 0.9485 0.7715
20 -5.7004 -4.2371 170.1317 -0.8803 -0.0461 -0.4721 0.9388 0.7933
HQSkinClass101.jpg
20 -1.1931 -10.9497 169.6651 -0.3419 -0.8277 -0.4450 0.7050 0.7883
20 -3.1067 -9.6600 170.1167 -0.5808 -0.7563 -0.3010 0.7692 0.7922
20 -2.0574 -9.7569 169.1191 -0.4928 -0.8097 -0.3187 0.7532 0.7720
HQSkinClass101.jpg
20 -2.0574 -9.7569 169.1191 -0.4928 -0.8097 -0.3187 0.7532 0.7720
20 -1.0408 -10.1710 169.1732 -0.2508 -0.8502 -0.4629 0.7022 0.7715
20 -1.1931 -10.9497 169.6651 -0.3419 -0.8277 -0.4450 0.7050 0.7883
HQSkinClass101.jpg
20 -2.6287 -8.0779 166.4247 -0.6089 -0.0053 -0.7932 0.7833 0.7438
20 -2.6086 -8.9909 167.6673 -0.8090 -0.5293 -0.2556 0.7837 0.7645
20 -5.9176 -5.2644 171.3780 -0.9075 -0.3043 -0.2895 0.9111 0.8182
HQSkinClass101.jpg
20 -5.9176 -5.2644 171.3780 -0.9075 -0.3043 -0.2895 0.9111 0.8182
20 -5.7004 -4.2371 170.1317 -0.8803 -0.0461 -0.4721 0.9388 0.7933
20 -2.6287 -8.0779 166.4247 -0.6089 -0.0053 -0.7932 0.7833 0.7438
HQSkinClass101.jpg
20 -2.6287 -8.0779 166.4247 -0.6089 -0.0053 -0.7932 0.7833 0.7438
20 -1.6483 -9.1339 165.8311 -0.3842 -0.2427 -0.8908 0.7281 0.7297
20 -1.7782 -10.0991 166.9053 -0.5349 -0.7848 -0.3132 0.7233 0.7512
HQSkinClass101.jpg
20 -1.7782 -10.0991 166.9053 -0.5349 -0.7848 -0.3132 0.7233 0.7512
20 -2.6086 -8.9909 167.6673 -0.8090 -0.5293 -0.2556 0.7837 0.7645
20 -2.6287 -8.0779 166.4247 -0.6089 -0.0053 -0.7932 0.7833 0.7438
HQSkinClass101.jpg
20 -2.6287 -8.0779 166.4247 -0.6089 -0.0053 -0.7932 0.7833 0.7438
20 -5.7004 -4.2371 170.1317 -0.8803 -0.0461 -0.4721 0.9388 0.7933
20 -5.3092 -2.9171 169.7511 -0.9570 -0.2092 -0.2012 0.9485 0.7715
HQSkinClass101.jpg
20 -5.3092 -2.9171 169.7511 -0.9570 -0.2092 -0.2012 0.9485 0.7715
20 -3.7773 -4.5216 168.2315 -0.7347 -0.3959 -0.5509 0.8778 0.7465
20 -2.6287 -8.0779 166.4247 -0.6089 -0.0053 -0.7932 0.7833 0.7438
HQSkinClass101.jpg
20 -5.6613 -9.7689 179.9431 -0.8226 -0.5628 -0.0809 0.8370 0.9321
20 -4.8170 -9.5570 178.2273 -0.6027 -0.7891 -0.1184 0.8122 0.9052
20 -3.5874 -10.5913 178.5625 -0.4819 -0.7195 -0.5000 0.7843 0.9103
HQSkinClass101.jpg
20 -3.5874 -10.5913 178.5625 -0.4819 -0.7195 -0.5000 0.7843 0.9103
20 -3.7050 -11.5860 179.3399 -0.4954 -0.8274 -0.2645 0.7864 0.9310
20 -5.6613 -9.7689 179.9431 -0.8226 -0.5628 -0.0809 0.8370 0.9321
HQSkinClass101.jpg
20 -5.6003 -8.9238 178.6840 -0.8327 -0.5304 -0.1592 0.8368 0.9118
20 -6.4497 -7.4876 176.9825 -0.9460 -0.3174 -0.0663 0.8726 0.8886
20 -5.3386 -9.5533 175.4808 -0.7714 -0.6281 -0.1022 0.8331 0.8652
HQSkinClass101.jpg
20 -5.3386 -9.5533 175.4808 -0.7714 -0.6281 -0.1022 0.8331 0.8652
20 -4.8170 -9.5570 178.2273 -0.6027 -0.7891 -0.1184 0.8122 0.9052
20 -5.6003 -8.9238 178.6840 -0.8327 -0.5304 -0.1592 0.8368 0.9118
HQSkinClass101.jpg
20 -3.8973 -9.1226 170.5521 -0.7661 -0.5605 -0.3146 0.8046 0.7916
20 -5.3386 -9.5533 175.4808 -0.7714 -0.6281 -0.1022 0.8331 0.8652
20 -5.9176 -5.2644 171.3780 -0.9075 -0.3043 -0.2895 0.9111 0.8182
HQSkinClass101.jpg
20 -5.9176 -5.2644 171.3780 -0.9075 -0.3043 -0.2895 0.9111 0.8182
20 -2.6086 -8.9909 167.6673 -0.8090 -0.5293 -0.2556 0.7837 0.7645
20 -3.8973 -9.1226 170.5521 -0.7661 -0.5605 -0.3146 0.8046 0.7916
HQSkinClass101.jpg
20 -1.7782 -10.0991 166.9053 -0.5349 -0.7848 -0.3132 0.7233 0.7512
20 -1.0408 -10.1710 169.1732 -0.2508 -0.8502 -0.4629 0.7022 0.7715
20 -2.0574 -9.7569 169.1191 -0.4928 -0.8097 -0.3187 0.7532 0.7720
HQSkinClass101.jpg
20 -2.0574 -9.7569 169.1191 -0.4928 -0.8097 -0.3187 0.7532 0.7720
20 -2.6086 -8.9909 167.6673 -0.8090 -0.5293 -0.2556 0.7837 0.7645
20 -1.7782 -10.0991 166.9053 -0.5349 -0.7848 -0.3132 0.7233 0.7512
HQSkinClass101.jpg
20 -1.3768 -10.3308 177.5960 -0.5649 -0.7772 -0.2771 0.7279 0.8926
20 -1.7585 -11.0804 173.5570 -0.5851 -0.8047 -0.1011 0.7360 0.8469
20 -0.7680 -13.1755 173.7306 -0.6510 -0.7588 -0.0222 0.6956 0.8518
HQSkinClass101.jpg
20 -0.7680 -13.1755 173.7306 -0.6510 -0.7588 -0.0222 0.6956 0.8518
20 -0.9153 -11.8136 177.5682 -0.6177 -0.7681 -0.1688 0.6911 0.8902
20 -1.3768 -10.3308 177.5960 -0.5649 -0.7772 -0.2771 0.7279 0.8926
HQSkinClass101.jpg
20 -1.7585 -11.0804 173.5570 -0.5851 -0.8047 -0.1011 0.7360 0.8469
20 -1.4200 -11.1533 173.0897 -0.5719 -0.7578 -0.3141 0.7289 0.8352
20 -0.6264 -13.0406 173.1586 -0.5068 -0.5650 -0.6511 0.6926 0.8455
HQSkinClass101.jpg
20 -0.6264 -13.0406 173.1586 -0.5068 -0.5650 -0.6511 0.6926 0.8455
20 -0.7680 -13.1755 173.7306 -0.6510 -0.7588 -0.0222 0.6956 0.8518
20 -1.7585 -11.0804 173.5570 -0.5851 -0.8047 -0.1011 0.7360 0.8469
HQSkinClass101.jpg
20 -0.0000 -9.5598 165.8109 -0.0000 -0.3888 -0.9213 0.6763 0.7240
20 -0.0000 -10.5786 166.9597 -0.0000 -0.9528 -0.3037 0.6762 0.7493
20 -1.7782 -10.0991 166.9053 -0.5349 -0.7848 -0.3132 0.7233 0.7512
HQSkinClass101.jpg
20 -1.7782 -10.0991 166.9053 -0.5349 -0.7848 -0.3132 0.7233 0.7512
20 -1.6483 -9.1339 165.8311 -0.3842 -0.2427 -0.8908 0.7281 0.7297
20 -0.0000 -9.5598 165.8109 -0.0000 -0.3888 -0.9213 0.6763 0.7240
HQSkinClass101.jpg
20 -3.3691 -10.5153 185.1780 -0.4852 -0.8511 0.2005 0.7843 0.9913
20 -1.3960 -12.0930 178.7236 -0.2520 -0.9558 -0.1513 0.7038 0.9105
20 -0.0000 -11.4115 184.2758 -0.0000 -0.9849 0.1730 0.6780 0.9768
HQSkinClass101.jpg
20 -0.0000 -11.4115 184.2758 -0.0000 -0.9849 0.1730 0.6780 0.9768
20 -0.0000 -11.3908 184.3923 -0.0000 -0.9846 0.1749 0.6784 0.9782
20 -3.3691 -10.5153 185.1780 -0.4852 -0.8511 0.2005 0.7843 0.9913
HQSkinClass101.jpg
20 -5.2627 -8.5374 184.9291 -0.8244 -0.5355 0.1833 0.8409 0.9893
20 -7.5088 -4.2690 180.6469 -0.9519 -0.2764 -0.1325 0.9690 0.9961
20 -6.5305 -6.9478 179.2066 -0.9504 -0.3106 0.0187 0.8747 0.9287
HQSkinClass101.jpg
20 -6.5305 -6.9478 179.2066 -0.9504 -0.3106 0.0187 0.8747 0.9287
20 -5.6613 -9.7689 179.9431 -0.8226 -0.5628 -0.0809 0.8370 0.9321
20 -5.2627 -8.5374 184.9291 -0.8244 -0.5355 0.1833 0.8409 0.9893
HQSkinClass101.jpg
20 -5.3386 -9.5533 175.4808 -0.7714 -0.6281 -0.1022 0.8331 0.8652
20 -3.8062 -10.7191 175.5584 -0.3674 -0.9291 0.0414 0.7887 0.8684
20 -3.6145 -10.3987 177.5015 -0.3246 -0.9458 -0.0052 0.7886 0.8952
HQSkinClass101.jpg
20 -3.6145 -10.3987 177.5015 -0.3246 -0.9458 -0.0052 0.7886 0.8952
20 -4.8170 -9.5570 178.2273 -0.6027 -0.7891 -0.1184 0.8122 0.9052
20 -5.3386 -9.5533 175.4808 -0.7714 -0.6281 -0.1022 0.8331 0.8652
HQSkinClass101.jpg
20 -3.7050 -11.5860 179.3399 -0.4954 -0.8274 -0.2645 0.7864 0.9310
20 -3.5874 -10.5913 178.5625 -0.4819 -0.7195 -0.5000 0.7843 0.9103
20 -1.6021 -11.6714 178.2265 -0.5195 -0.5413 -0.6612 0.7209 0.9030
HQSkinClass101.jpg
20 -1.6021 -11.6714 178.2265 -0.5195 -0.5413 -0.6612 0.7209 0.9030
20 -1.3960 -12.0930 178.7236 -0.2520 -0.9558 -0.1513 0.7038 0.9105
20 -3.7050 -11.5860 179.3399 -0.4954 -0.8274 -0.2645 0.7864 0.9310
HQSkinClass101.jpg
20 -6.2684 -2.4426 172.6525 -0.7586 0.3219 -0.5665 0.5767 0.2789
20 -8.1605 -1.1517 173.6029 -0.6072 0.5449 -0.5783 0.5741 0.2698
20 -9.3479 0.2861 176.8559 -0.7612 0.6113 -0.2166 0.6003 0.2525
HQSkinClass101.jpg
20 -9.3479 0.2861 176.8559 -0.7612 0.6113 -0.2166 0.6003 0.2525
20 -7.2061 -0.1870 177.6760 0.0862 0.9892 -0.1187 0.6144 0.2524
20 -6.2684 -2.4426 172.6525 -0.7586 0.3219 -0.5665 0.5767 0.2789
HQSkinClass101.jpg
20 -9.3479 0.2861 176.8559 -0.7612 0.6113 -0.2166 0.6003 0.2525
20 -9.1218 -0.2877 178.7881 -0.7734 0.2947 0.5612 0.5998 0.2450
20 -7.6786 -0.3361 178.9715 -0.0219 0.6720 0.7402 0.6140 0.2405
HQSkinClass101.jpg
20 -7.6786 -0.3361 178.9715 -0.0219 0.6720 0.7402 0.6140 0.2405
20 -7.2061 -0.1870 177.6760 0.0862 0.9892 -0.1187 0.6144 0.2524
20 -9.3479 0.2861 176.8559 -0.7612 0.6113 -0.2166 0.6003 0.2525
HQSkinClass101.jpg
20 -7.3977 -2.8248 179.2491 -0.9433 -0.3315 0.0149 0.5517 0.2372
20 -9.3479 0.2861 176.8559 -0.7612 0.6113 -0.2166 0.6003 0.2525
20 -8.1605 -1.1517 173.6029 -0.6072 0.5449 -0.5783 0.5741 0.2698
HQSkinClass101.jpg
20 -8.1605 -1.1517 173.6029 -0.6072 0.5449 -0.5783 0.5741 0.2698
20 -6.8147 -3.5928 172.8020 -0.9247 -0.2012 -0.3231 0.5483 0.2702
20 -7.3977 -2.8248 179.2491 -0.9433 -0.3315 0.0149 0.5517 0.2372
HQSkinClass101.jpg
20 -7.3977 -2.8248 179.2491 -0.9433 -0.3315 0.0149 0.9891 0.9910
20 -6.4497 -7.4876 176.9825 -0.9460 -0.3174 -0.0663 0.8726 0.8886
20 -6.5305 -6.9478 179.2066 -0.9504 -0.3106 0.0187 0.8747 0.9287
HQSkinClass101.jpg
20 -6.5305 -6.9478 179.2066 -0.9504 -0.3106 0.0187 0.8747 0.9287
20 -7.5088 -4.2690 180.6469 -0.9519 -0.2764 -0.1325 0.9690 0.9961
20 -7.3977 -2.8248 179.2491 -0.9433 -0.3315 0.0149 0.9891 0.9910
HQSkinClass101.jpg
20 -2.1711 -10.7571 178.3267 -0.2352 -0.5044 -0.8308 0.7409 0.9045
20 -3.5874 -10.5913 178.5625 -0.4819 -0.7195 -0.5000 0.7843 0.9103
20 -3.6145 -10.3987 177.5015 -0.3246 -0.9458 -0.0052 0.7886 0.8952
HQSkinClass101.jpg
20 -3.6145 -10.3987 177.5015 -0.3246 -0.9458 -0.0052 0.7886 0.8952
20 -1.3768 -10.3308 177.5960 -0.5649 -0.7772 -0.2771 0.7279 0.8926
20 -2.1711 -10.7571 178.3267 -0.2352 -0.5044 -0.8308 0.7409 0.9045
HQSkinClass101.jpg
18 -5.6517 -4.0113 161.5196 -0.7503 -0.6140 0.2450 0.6517 0.7238
20 -6.1541 2.8273 164.8956 -0.9165 0.3722 0.1464 0.6439 0.6745
18 -6.7533 3.8154 162.1555 -0.8451 0.4369 0.3082 0.6627 0.6745
HQSkinClass101.jpg
18 -6.7533 3.8154 162.1555 -0.8451 0.4369 0.3082 0.6627 0.6745
18 -6.3530 -4.5825 159.5145 -0.5992 -0.7057 0.3781 0.6643 0.7280
18 -5.6517 -4.0113 161.5196 -0.7503 -0.6140 0.2450 0.6517 0.7238
HQSkinClass101.jpg
20 -0.0000 -5.9885 166.4429 -0.0000 -0.5927 -0.8055 0.6073 0.7445
20 -3.7773 -4.5216 168.2315 -0.7347 -0.3959 -0.5509 0.6071 0.7183
18 -5.6517 -4.0113 161.5196 -0.7503 -0.6140 0.2450 0.6517 0.7238
HQSkinClass101.jpg
18 -5.6517 -4.0113 161.5196 -0.7503 -0.6140 0.2450 0.6517 0.7238
18 -0.0000 -6.6096 159.4780 -0.0001 -0.9881 0.1535 0.6471 0.7648
20 -0.0000 -5.9885 166.4429 -0.0000 -0.5927 -0.8055 0.6073 0.7445
HQSkinClass101.jpg
20 -6.1566 0.0826 173.8622 -0.9771 0.1891 -0.0979 0.5839 0.6754
18 -5.6517 -4.0113 161.5196 -0.7503 -0.6140 0.2450 0.6517 0.7238
20 -5.3092 -2.9171 169.7511 -0.9570 -0.2092 -0.2012 0.6035 0.7014
HQSkinClass101.jpg
20 -5.3092 -2.9171 169.7511 -0.9570 -0.2092 -0.2012 0.6035 0.7014
20 -6.2684 -2.4426 172.6525 -0.7586 0.3219 -0.5665 0.5867 0.6932
20 -6.1566 0.0826 173.8622 -0.9771 0.1891 -0.0979 0.5839 0.6754
HQSkinClass101.jpg
20 -6.1541 2.8273 164.8956 -0.9165 0.3722 0.1464 0.6439 0.6745
20 -6.1566 0.0826 173.8622 -0.9771 0.1891 -0.0979 0.5839 0.6754
20 -3.8782 4.5663 174.5395 -0.6480 0.7563 0.0900 0.5871 0.6428
HQSkinClass101.jpg
20 -3.8782 4.5663 174.5395 -0.6480 0.7563 0.0900 0.5871 0.6428
20 -4.5467 4.0005 164.7401 -0.5132 0.8481 0.1316 0.6471 0.6615
20 -6.1541 2.8273 164.8956 -0.9165 0.3722 0.1464 0.6439 0.6745
HQSkinClass101.jpg
20 -4.5467 4.0005 164.7401 -0.5132 0.8481 0.1316 0.6471 0.6615
20 0.0000 6.8660 164.3916 -0.0001 0.9999 0.0119 0.6562 0.6278
18 0.0020 6.8855 161.5280 -0.0007 0.9949 0.1009 0.6740 0.6299
HQSkinClass101.jpg
18 0.0020 6.8855 161.5280 -0.0007 0.9949 0.1009 0.6740 0.6299
18 -6.7533 3.8154 162.1555 -0.8451 0.4369 0.3082 0.6627 0.6745
20 -4.5467 4.0005 164.7401 -0.5132 0.8481 0.1316 0.6471 0.6615
HQSkinClass101.jpg
20 -0.0000 -13.4500 173.7753 -0.0000 -0.9990 0.0455 0.6761 0.8523
20 -0.7680 -13.1755 173.7306 -0.6510 -0.7588 -0.0222 0.6956 0.8518
20 -0.6264 -13.0406 173.1586 -0.5068 -0.5650 -0.6511 0.6926 0.8455
HQSkinClass101.jpg
20 -0.6264 -13.0406 173.1586 -0.5068 -0.5650 -0.6511 0.6926 0.8455
20 -0.0000 -13.2553 173.0969 -0.0000 -0.7264 -0.6873 0.6762 0.8442
20 -0.0000 -13.4500 173.7753 -0.0000 -0.9990 0.0455 0.6761 0.8523
HQSkinClass101.jpg
20 -1.0408 -10.1710 169.1732 -0.2508 -0.8502 -0.4629 0.7022 0.7715
20 -1.7782 -10.0991 166.9053 -0.5349 -0.7848 -0.3132 0.7233 0.7512
20 -0.0000 -10.5786 166.9597 -0.0000 -0.9528 -0.3037 0.6762 0.7493
HQSkinClass101.jpg
20 -0.0000 -10.5786 166.9597 -0.0000 -0.9528 -0.3037 0.6762 0.7493
20 -0.0000 -10.4426 169.2342 -0.0000 -0.8498 -0.5271 0.6761 0.7713
20 -1.0408 -10.1710 169.1732 -0.2508 -0.8502 -0.4629 0.7022 0.7715
HQSkinClass101.jpg
20 1.7585 -11.0804 173.5570 0.5851 -0.8047 -0.1011 0.7360 0.8469
20 1.4200 -11.1533 173.0897 0.5719 -0.7578 -0.3141 0.7289 0.8352
20 2.7761 -10.4410 171.7742 0.5339 -0.8230 -0.1941 0.7632 0.8179
HQSkinClass101.jpg
20 2.7761 -10.4410 171.7742 0.5339 -0.8230 -0.1941 0.7632 0.8179
20 3.8062 -10.7191 175.5584 0.3674 -0.9291 0.0414 0.7887 0.8684
20 1.7585 -11.0804 173.5570 0.5851 -0.8047 -0.1011 0.7360 0.8469
HQSkinClass101.jpg
20 3.8782 4.5663 174.5395 0.6480 0.7563 0.0900 0.5871 0.6428
20 4.5467 4.0005 164.7401 0.5118 0.8483 0.1358 0.6471 0.6615
20 0.0000 6.8660 164.3916 -0.0001 0.9999 0.0119 0.6562 0.6278
HQSkinClass101.jpg
20 1.7585 -11.0804 173.5570 0.5851 -0.8047 -0.1011 0.7360 0.8469
20 3.8062 -10.7191 175.5584 0.3674 -0.9291 0.0414 0.7887 0.8684
20 1.3768 -10.3308 177.5960 0.5649 -0.7772 -0.2771 0.7279 0.8926
HQSkinClass101.jpg
20 1.6021 -11.6714 178.2265 0.5195 -0.5413 -0.6612 0.7209 0.9030
20 0.9153 -11.8136 177.5682 0.6177 -0.7681 -0.1688 0.6911 0.8902
20 1.3768 -10.3308 177.5960 0.5649 -0.7772 -0.2771 0.7279 0.8926
HQSkinClass101.jpg
20 3.1067 -9.6600 170.1167 0.5808 -0.7563 -0.3010 0.7692 0.7922
20 3.8973 -9.1226 170.5521 0.7661 -0.5605 -0.3146 0.8046 0.7916
20 2.7761 -10.4410 171.7742 0.5339 -0.8230 -0.1941 0.7632 0.8179
HQSkinClass101.jpg
20 1.2308 -10.8993 170.8246 0.3451 -0.8803 -0.3256 0.7046 0.8006
20 1.1931 -10.9497 169.6651 0.3419 -0.8277 -0.4450 0.7050 0.7883
20 3.1067 -9.6600 170.1167 0.5808 -0.7563 -0.3010 0.7692 0.7922
HQSkinClass101.jpg
20 5.7004 -4.2371 170.1317 0.8803 -0.0461 -0.4721 0.9388 0.7933
20 6.8147 -3.5928 172.8020 0.9247 -0.2012 -0.3231 0.9866 0.8597
20 5.9176 -5.2644 171.3780 0.9075 -0.3043 -0.2895 0.9111 0.8182
HQSkinClass101.jpg
20 5.6003 -8.9238 178.6840 0.8327 -0.5304 -0.1592 0.8368 0.9118
20 6.4497 -7.4876 176.9825 0.9460 -0.3174 -0.0663 0.8726 0.8886
20 6.5305 -6.9478 179.2066 0.9504 -0.3106 0.0187 0.8747 0.9287
HQSkinClass101.jpg
20 5.6613 -9.7689 179.9431 0.8226 -0.5628 -0.0809 0.8370 0.9321
20 5.6003 -8.9238 178.6840 0.8327 -0.5304 -0.1592 0.8368 0.9118
20 6.5305 -6.9478 179.2066 0.9504 -0.3106 0.0187 0.8747 0.9287
HQSkinClass101.jpg
20 6.4497 -7.4876 176.9825 0.9460 -0.3174 -0.0663 0.8726 0.8886
20 5.3386 -9.5533 175.4808 0.7714 -0.6281 -0.1022 0.8331 0.8652
20 5.9176 -5.2644 171.3780 0.9075 -0.3043 -0.2895 0.9111 0.8182
HQSkinClass101.jpg
20 4.8170 -9.5570 178.2273 0.6027 -0.7891 -0.1184 0.8122 0.9052
20 5.6003 -8.9238 178.6840 0.8327 -0.5304 -0.1592 0.8368 0.9118
20 5.6613 -9.7689 179.9431 0.8226 -0.5628 -0.0809 0.8370 0.9321
HQSkinClass101.jpg
20 3.6145 -10.3987 177.5015 0.3246 -0.9458 -0.0052 0.7886 0.8952
20 1.3768 -10.3308 177.5960 0.5649 -0.7772 -0.2771 0.7279 0.8926
20 3.8062 -10.7191 175.5584 0.3674 -0.9291 0.0414 0.7887 0.8684
HQSkinClass101.jpg
20 3.7050 -11.5860 179.3399 0.4954 -0.8274 -0.2645 0.7864 0.9310
20 3.3691 -10.5153 185.1780 0.4852 -0.8511 0.2005 0.7843 0.9913
20 1.3960 -12.0930 178.7236 0.2520 -0.9558 -0.1513 0.7038 0.9105
HQSkinClass101.jpg
20 0.9153 -11.8136 177.5682 0.6177 -0.7681 -0.1688 0.6911 0.8902
20 1.6021 -11.6714 178.2265 0.5195 -0.5413 -0.6612 0.7209 0.9030
20 1.3960 -12.0930 178.7236 0.2520 -0.9558 -0.1513 0.7038 0.9105
HQSkinClass101.jpg
20 1.3768 -10.3308 177.5960 0.5649 -0.7772 -0.2771 0.7279 0.8926
20 2.1711 -10.7571 178.3267 0.2352 -0.5044 -0.8308 0.7409 0.9045
20 1.6021 -11.6714 178.2265 0.5195 -0.5413 -0.6612 0.7209 0.9030
HQSkinClass101.jpg
20 1.6021 -11.6714 178.2265 0.5195 -0.5413 -0.6612 0.7209 0.9030
20 3.7050 -11.5860 179.3399 0.4954 -0.8274 -0.2645 0.7864 0.9310
20 1.3960 -12.0930 178.7236 0.2520 -0.9558 -0.1513 0.7038 0.9105
HQSkinClass101.jpg
20 7.2061 -0.1870 177.6760 -0.0862 0.9892 -0.1188 0.5735 0.6752
20 6.2684 -2.4426 172.6525 0.7586 0.3219 -0.5665 0.5867 0.6932
20 6.1566 0.0826 173.8622 0.9771 0.1891 -0.0979 0.5839 0.6754
HQSkinClass101.jpg
20 7.6786 -0.3361 178.9715 0.0219 0.6720 0.7402 0.6140 0.2405
20 7.3977 -2.8248 179.2491 0.9433 -0.3315 0.0149 0.5517 0.2372
20 9.1218 -0.2877 178.7881 0.7734 0.2947 0.5612 0.5998 0.2450
HQSkinClass101.jpg
20 6.2684 -2.4426 172.6525 0.7586 0.3219 -0.5665 0.5767 0.2789
20 8.1605 -1.1517 173.6029 0.6072 0.5449 -0.5783 0.5741 0.2698
20 6.8147 -3.5928 172.8020 0.9247 -0.2012 -0.3231 0.5483 0.2702
HQSkinClass101.jpg
20 8.1605 -1.1517 173.6029 0.6072 0.5449 -0.5783 0.5741 0.2698
20 7.3977 -2.8248 179.2491 0.9433 -0.3315 0.0149 0.5517 0.2372
20 6.8147 -3.5928 172.8020 0.9247 -0.2012 -0.3231 0.5483 0.2702
HQSkinClass101.jpg
20 1.6483 -9.1339 165.8311 0.3842 -0.2427 -0.8908 0.7281 0.7297
20 -0.0000 -5.9885 166.4429 -0.0000 -0.5927 -0.8055 0.6766 0.6912
20 3.7773 -4.5216 168.2315 0.7347 -0.3959 -0.5509 0.8778 0.7465
HQSkinClass101.jpg
20 2.6287 -8.0779 166.4247 0.6089 -0.0053 -0.7932 0.7833 0.7438
20 1.6483 -9.1339 165.8311 0.3842 -0.2427 -0.8908 0.7281 0.7297
20 3.7773 -4.5216 168.2315 0.7347 -0.3959 -0.5509 0.8778 0.7465
HQSkinClass101.jpg
20 3.6145 -10.3987 177.5015 0.3246 -0.9458 -0.0052 0.7886 0.8952
20 4.8170 -9.5570 178.2273 0.6027 -0.7891 -0.1184 0.8122 0.9052
20 3.5874 -10.5913 178.5625 0.4819 -0.7195 -0.5000 0.7843 0.9103
HQSkinClass101.jpg
18 5.6517 -4.0113 161.5196 0.7503 -0.6139 0.2453 0.6517 0.7238
20 -0.0000 -5.9885 166.4429 -0.0000 -0.5927 -0.8055 0.6073 0.7445
18 -0.0000 -6.6096 159.4780 -0.0001 -0.9881 0.1535 0.6471 0.7648
HQSkinClass101.jpg
20 6.1541 2.8273 164.8956 0.9171 0.3703 0.1480 0.6439 0.6745
18 6.7520 3.8555 162.1555 0.8411 0.4408 0.3135 0.6627 0.6745
20 4.5467 4.0005 164.7401 0.5118 0.8483 0.1358 0.6471 0.6615
HQSkinClass101.jpg
20 6.1541 2.8273 164.8956 0.9171 0.3703 0.1480 0.6439 0.6745
20 6.1566 0.0826 173.8622 0.9771 0.1891 -0.0979 0.5839 0.6754
18 5.6517 -4.0113 161.5196 0.7503 -0.6139 0.2453 0.6517 0.7238
HQSkinClass101.jpg
20 -0.0000 -12.2782 178.6086 -0.0000 -0.9970 -0.0772 0.6763 0.9092
20 1.3960 -12.0930 178.7236 0.2520 -0.9558 -0.1513 0.7038 0.9105
20 -0.0000 -11.4115 184.2758 -0.0000 -0.9849 0.1730 0.6780 0.9768
HQSkinClass101.jpg
20 -0.0000 -11.7607 171.2314 -0.0000 -0.9147 -0.4041 0.6761 0.8108
20 1.1292 -11.4440 171.5263 0.3751 -0.9000 -0.2220 0.7023 0.8139
20 -0.0000 -11.6515 172.7047 -0.0000 -0.8058 -0.5922 0.6763 0.8297
HQSkinClass101.jpg
20 -0.0000 -5.9885 166.4429 -0.0000 -0.5927 -0.8055 0.6766 0.6912
20 1.6483 -9.1339 165.8311 0.3842 -0.2427 -0.8908 0.7281 0.7297
20 -0.0000 -9.5598 165.8109 -0.0000 -0.3888 -0.9213 0.6763 0.7240
HQSkinClass101.jpg
20 -0.0000 -11.6515 172.7047 -0.0000 -0.8058 -0.5922 0.6762 0.8305
20 0.6264 -13.0406 173.1586 0.5068 -0.5650 -0.6511 0.6926 0.8455
20 -0.0000 -13.2553 173.0969 -0.0000 -0.7264 -0.6873 0.6762 0.8442
HQSkinClass101.jpg
20 0.0000 5.9150 173.8553 0.0000 0.9950 0.1000 0.5965 0.6179
20 3.8782 4.5663 174.5395 0.6480 0.7563 0.0900 0.5871 0.6428
20 0.0000 6.8660 164.3916 -0.0001 0.9999 0.0119 0.6562 0.6278
HQSkinClass101.jpg
20 0.0000 6.8660 164.3916 -0.0001 0.9999 0.0119 0.6562 0.6278
20 -4.5467 4.0005 164.7401 -0.5132 0.8481 0.1316 0.6471 0.6615
20 -3.8782 4.5663 174.5395 -0.6480 0.7563 0.0900 0.5871 0.6428
HQSkinClass101.jpg
20 -1.3768 -10.3308 177.5960 -0.5649 -0.7772 -0.2771 0.7279 0.8926
20 -3.8062 -10.7191 175.5584 -0.3674 -0.9291 0.0414 0.7887 0.8684
20 -1.7585 -11.0804 173.5570 -0.5851 -0.8047 -0.1011 0.7360 0.8469
HQSkinClass101.jpg
20 -1.7585 -11.0804 173.5570 -0.5851 -0.8047 -0.1011 0.7360 0.8469
20 -2.7761 -10.4410 171.7742 -0.5339 -0.8230 -0.1941 0.7632 0.8179
20 -1.4200 -11.1533 173.0897 -0.5719 -0.7578 -0.3141 0.7289 0.8352
HQSkinClass101.jpg
20 -0.0000 -11.6515 172.7047 -0.0000 -0.8058 -0.5922 0.6763 0.8297
20 -1.4200 -11.1533 173.0897 -0.5719 -0.7578 -0.3141 0.7289 0.8352
20 -1.1292 -11.4440 171.5263 -0.3751 -0.9000 -0.2220 0.7023 0.8139
HQSkinClass101.jpg
20 -1.1292 -11.4440 171.5263 -0.3751 -0.9000 -0.2220 0.7023 0.8139
20 -1.4200 -11.1533 173.0897 -0.5719 -0.7578 -0.3141 0.7289 0.8352
20 -2.7761 -10.4410 171.7742 -0.5339 -0.8230 -0.1941 0.7632 0.8179
HQSkinClass101.jpg
20 -1.6021 -11.6714 178.2265 -0.5195 -0.5413 -0.6612 0.7209 0.9030
20 -1.3768 -10.3308 177.5960 -0.5649 -0.7772 -0.2771 0.7279 0.8926
20 -0.9153 -11.8136 177.5682 -0.6177 -0.7681 -0.1688 0.6911 0.8902
HQSkinClass101.jpg
20 -1.1292 -11.4440 171.5263 -0.3751 -0.9000 -0.2220 0.7023 0.8139
20 -3.1067 -9.6600 170.1167 -0.5808 -0.7563 -0.3010 0.7692 0.7922
20 -1.2308 -10.8993 170.8246 -0.3451 -0.8803 -0.3256 0.7046 0.8006
HQSkinClass101.jpg
20 -1.2308 -10.8993 170.8246 -0.3451 -0.8803 -0.3256 0.7046 0.8006
20 -3.1067 -9.6600 170.1167 -0.5808 -0.7563 -0.3010 0.7692 0.7922
20 -1.1931 -10.9497 169.6651 -0.3419 -0.8277 -0.4450 0.7050 0.7883
HQSkinClass101.jpg
20 -5.7004 -4.2371 170.1317 -0.8803 -0.0461 -0.4721 0.9388 0.7933
20 -5.9176 -5.2644 171.3780 -0.9075 -0.3043 -0.2895 0.9111 0.8182
20 -6.8147 -3.5928 172.8020 -0.9247 -0.2012 -0.3231 0.9866 0.8597
HQSkinClass101.jpg
20 -5.6003 -8.9238 178.6840 -0.8327 -0.5304 -0.1592 0.8368 0.9118
20 -6.5305 -6.9478 179.2066 -0.9504 -0.3106 0.0187 0.8747 0.9287
20 -6.4497 -7.4876 176.9825 -0.9460 -0.3174 -0.0663 0.8726 0.8886
HQSkinClass101.jpg
20 -5.6613 -9.7689 179.9431 -0.8226 -0.5628 -0.0809 0.8370 0.9321
20 -6.5305 -6.9478 179.2066 -0.9504 -0.3106 0.0187 0.8747 0.9287
20 -5.6003 -8.9238 178.6840 -0.8327 -0.5304 -0.1592 0.8368 0.9118
HQSkinClass101.jpg
20 -6.4497 -7.4876 176.9825 -0.9460 -0.3174 -0.0663 0.8726 0.8886
20 -5.9176 -5.2644 171.3780 -0.9075 -0.3043 -0.2895 0.9111 0.8182
20 -5.3386 -9.5533 175.4808 -0.7714 -0.6281 -0.1022 0.8331 0.8652
HQSkinClass101.jpg
20 -4.8170 -9.5570 178.2273 -0.6027 -0.7891 -0.1184 0.8122 0.9052
20 -5.6613 -9.7689 179.9431 -0.8226 -0.5628 -0.0809 0.8370 0.9321
20 -5.6003 -8.9238 178.6840 -0.8327 -0.5304 -0.1592 0.8368 0.9118
HQSkinClass101.jpg
20 -3.6145 -10.3987 177.5015 -0.3246 -0.9458 -0.0052 0.7886 0.8952
20 -3.8062 -10.7191 175.5584 -0.3674 -0.9291 0.0414 0.7887 0.8684
20 -1.3768 -10.3308 177.5960 -0.5649 -0.7772 -0.2771 0.7279 0.8926
HQSkinClass101.jpg
20 -3.7050 -11.5860 179.3399 -0.4954 -0.8274 -0.2645 0.7864 0.9310
20 -1.3960 -12.0930 178.7236 -0.2520 -0.9558 -0.1513 0.7038 0.9105
20 -3.3691 -10.5153 185.1780 -0.4852 -0.8511 0.2005 0.7843 0.9913
HQSkinClass101.jpg
20 -0.9153 -11.8136 177.5682 -0.6177 -0.7681 -0.1688 0.6911 0.8902
20 -1.3960 -12.0930 178.7236 -0.2520 -0.9558 -0.1513 0.7038 0.9105
20 -1.6021 -11.6714 178.2265 -0.5195 -0.5413 -0.6612 0.7209 0.9030
HQSkinClass101.jpg
20 -1.3768 -10.3308 177.5960 -0.5649 -0.7772 -0.2771 0.7279 0.8926
20 -1.6021 -11.6714 178.2265 -0.5195 -0.5413 -0.6612 0.7209 0.9030
20 -2.1711 -10.7571 178.3267 -0.2352 -0.5044 -0.8308 0.7409 0.9045
HQSkinClass101.jpg
20 -1.6021 -11.6714 178.2265 -0.5195 -0.5413 -0.6612 0.7209 0.9030
20 -3.5874 -10.5913 178.5625 -0.4819 -0.7195 -0.5000 0.7843 0.9103
20 -2.1711 -10.7571 178.3267 -0.2352 -0.5044 -0.8308 0.7409 0.9045
HQSkinClass101.jpg
20 -7.2061 -0.1870 177.6760 0.0862 0.9892 -0.1187 0.5735 0.6752
20 -6.1566 0.0826 173.8622 -0.9771 0.1891 -0.0979 0.5839 0.6754
20 -6.2684 -2.4426 172.6525 -0.7586 0.3219 -0.5665 0.5867 0.6932
HQSkinClass101.jpg
20 -7.6786 -0.3361 178.9715 -0.0219 0.6720 0.7402 0.6140 0.2405
20 -9.1218 -0.2877 178.7881 -0.7734 0.2947 0.5612 0.5998 0.2450
20 -7.3977 -2.8248 179.2491 -0.9433 -0.3315 0.0149 0.5517 0.2372
HQSkinClass101.jpg
20 -6.2684 -2.4426 172.6525 -0.7586 0.3219 -0.5665 0.5767 0.2789
20 -6.8147 -3.5928 172.8020 -0.9247 -0.2012 -0.3231 0.5483 0.2702
20 -8.1605 -1.1517 173.6029 -0.6072 0.5449 -0.5783 0.5741 0.2698
HQSkinClass101.jpg
20 -7.3977 -2.8248 179.2491 -0.9433 -0.3315 0.0149 0.5517 0.2372
20 -9.1218 -0.2877 178.7881 -0.7734 0.2947 0.5612 0.5998 0.2450
20 -9.3479 0.2861 176.8559 -0.7612 0.6113 -0.2166 0.6003 0.2525
HQSkinClass101.jpg
20 -0.0000 -5.9885 166.4429 -0.0000 -0.5927 -0.8055 0.6766 0.6912
20 -1.6483 -9.1339 165.8311 -0.3842 -0.2427 -0.8908 0.7281 0.7297
20 -3.7773 -4.5216 168.2315 -0.7347 -0.3959 -0.5509 0.8778 0.7465
HQSkinClass101.jpg
20 -2.6287 -8.0779 166.4247 -0.6089 -0.0053 -0.7932 0.7833 0.7438
20 -3.7773 -4.5216 168.2315 -0.7347 -0.3959 -0.5509 0.8778 0.7465
20 -1.6483 -9.1339 165.8311 -0.3842 -0.2427 -0.8908 0.7281 0.7297
HQSkinClass101.jpg
20 -3.6145 -10.3987 177.5015 -0.3246 -0.9458 -0.0052 0.7886 0.8952
20 -3.5874 -10.5913 178.5625 -0.4819 -0.7195 -0.5000 0.7843 0.9103
20 -4.8170 -9.5570 178.2273 -0.6027 -0.7891 -0.1184 0.8122 0.9052
HQSkinClass101.jpg
18 -5.6517 -4.0113 161.5196 -0.7503 -0.6140 0.2450 0.6517 0.7238
20 -3.7773 -4.5216 168.2315 -0.7347 -0.3959 -0.5509 0.6071 0.7183
20 -5.3092 -2.9171 169.7511 -0.9570 -0.2092 -0.2012 0.6035 0.7014
HQSkinClass101.jpg
20 -6.1541 2.8273 164.8956 -0.9165 0.3722 0.1464 0.6439 0.6745
20 -4.5467 4.0005 164.7401 -0.5132 0.8481 0.1316 0.6471 0.6615
18 -6.7533 3.8154 162.1555 -0.8451 0.4369 0.3082 0.6627 0.6745
HQSkinClass101.jpg
20 -6.1541 2.8273 164.8956 -0.9165 0.3722 0.1464 0.6439 0.6745
18 -5.6517 -4.0113 161.5196 -0.7503 -0.6140 0.2450 0.6517 0.7238
20 -6.1566 0.0826 173.8622 -0.9771 0.1891 -0.0979 0.5839 0.6754
HQSkinClass101.jpg
20 -0.0000 -12.2782 178.6086 -0.0000 -0.9970 -0.0772 0.6763 0.9092
20 -0.0000 -11.4115 184.2758 -0.0000 -0.9849 0.1730 0.6780 0.9768
20 -1.3960 -12.0930 178.7236 -0.2520 -0.9558 -0.1513 0.7038 0.9105
HQSkinClass101.jpg
20 -0.0000 -11.7607 171.2314 -0.0000 -0.9147 -0.4041 0.6761 0.8108
20 -0.0000 -11.6515 172.7047 -0.0000 -0.8058 -0.5922 0.6763 0.8297
20 -1.1292 -11.4440 171.5263 -0.3751 -0.9000 -0.2220 0.7023 0.8139
HQSkinClass101.jpg
20 -0.0000 -5.9885 166.4429 -0.0000 -0.5927 -0.8055 0.6766 0.6912
20 -0.0000 -9.5598 165.8109 -0.0000 -0.3888 -0.9213 0.6763 0.7240
20 -1.6483 -9.1339 165.8311 -0.3842 -0.2427 -0.8908 0.7281 0.7297
HQSkinClass101.jpg
20 -0.0000 -11.6515 172.7047 -0.0000 -0.8058 -0.5922 0.6762 0.8305
20 -0.0000 -13.2553 173.0969 -0.0000 -0.7264 -0.6873 0.6762 0.8442
20 -0.6264 -13.0406 173.1586 -0.5068 -0.5650 -0.6511 0.6926 0.8455
HQSkinClass101.jpg
20 0.0000 5.9150 173.8553 0.0000 0.9950 0.1000 0.5965 0.6179
20 0.0000 6.8660 164.3916 -0.0001 0.9999 0.0119 0.6562 0.6278
20 -3.8782 4.5663 174.5395 -0.6480 0.7563 0.0900 0.5871 0.6428
HQSkinClass101.jpg
20 1.4200 -11.1533 173.0897 0.5719 -0.7578 -0.3141 0.7289 0.8352
20 0.6264 -13.0406 173.1586 0.5068 -0.5650 -0.6511 0.6926 0.8455
20 -0.0000 -11.6515 172.7047 -0.0000 -0.8058 -0.5922 0.6763 0.8302
HQSkinClass101.jpg
20 -0.0000 -11.6515 172.7047 -0.0000 -0.8058 -0.5922 0.6763 0.8302
20 -0.6264 -13.0406 173.1586 -0.5068 -0.5650 -0.6511 0.6926 0.8455
20 -1.4200 -11.1533 173.0897 -0.5719 -0.7578 -0.3141 0.7289 0.8352
HQSkinClass101.jpg
20 -3.8062 -10.7191 175.5584 -0.3674 -0.9291 0.0414 0.7887 0.8684
20 -2.7761 -10.4410 171.7742 -0.5339 -0.8230 -0.1941 0.7632 0.8179
20 -1.7585 -11.0804 173.5570 -0.5851 -0.8047 -0.1011 0.7360 0.8469
HQSkinClass101.jpg
20 2.1605 -6.5284 191.0505 -0.0961 -0.2516 0.9630 0.4794 0.5730
20 2.3682 -1.2535 191.6719 0.0160 -0.0367 0.9992 0.5072 0.5313
20 -0.0000 -1.3950 190.4467 -0.0000 -0.0710 0.9975 0.4866 0.5177
HQSkinClass101.jpg
20 -0.0000 -1.3950 190.4467 -0.0000 -0.0710 0.9975 0.4866 0.5177
20 -0.0000 -6.7217 189.1629 -0.0135 -0.2271 0.9738 0.4554 0.5608
20 2.1605 -6.5284 191.0505 -0.0961 -0.2516 0.9630 0.4794 0.5730
HQSkinClass101.jpg
20 9.5467 1.6348 184.6720 0.9462 0.1040 0.3065 0.6025 0.5571
20 7.1914 -0.5802 189.0408 0.7157 0.0378 0.6974 0.5500 0.5548
20 6.9283 -5.4696 188.9957 0.6703 -0.1667 0.7231 0.5262 0.5931
HQSkinClass101.jpg
20 6.9283 -5.4696 188.9957 0.6703 -0.1667 0.7231 0.5262 0.5931
20 9.5083 -2.7550 184.4313 0.9584 -0.0257 0.2841 0.5878 0.5949
20 9.5467 1.6348 184.6720 0.9462 0.1040 0.3065 0.6025 0.5571
HQSkinClass101.jpg
20 2.3682 -1.2535 191.6719 0.0160 -0.0367 0.9992 0.5072 0.5313
20 2.0739 2.3486 191.6255 -0.0186 0.1761 0.9842 0.5260 0.5033
20 0.0000 2.1678 190.4485 0.0000 0.1323 0.9912 0.5112 0.4881
HQSkinClass101.jpg
20 0.0000 2.1678 190.4485 0.0000 0.1323 0.9912 0.5112 0.4881
20 -0.0000 -1.3950 190.4467 -0.0000 -0.0710 0.9975 0.4866 0.5177
20 2.3682 -1.2535 191.6719 0.0160 -0.0367 0.9992 0.5072 0.5313
HQSkinClass101.jpg
20 7.1914 -0.5802 189.0408 0.7157 0.0378 0.6974 0.5500 0.5548
20 9.5467 1.6348 184.6720 0.9462 0.1040 0.3065 0.6025 0.5571
20 8.5136 6.2630 184.6272 0.8103 0.4740 0.3447 0.6175 0.5180
HQSkinClass101.jpg
20 8.5136 6.2630 184.6272 0.8103 0.4740 0.3447 0.6175 0.5180
20 6.3587 3.6507 188.8996 0.6454 0.2889 0.7071 0.5662 0.5193
20 7.1914 -0.5802 189.0408 0.7157 0.0378 0.6974 0.5500 0.5548
HQSkinClass101.jpg
20 8.5136 6.2630 184.6272 0.8103 0.4740 0.3447 0.6175 0.5180
20 4.6858 9.6853 184.5862 0.3976 0.8463 0.3546 0.6191 0.4731
20 3.1536 6.6506 189.4827 0.2668 0.5956 0.7577 0.5648 0.4805
HQSkinClass101.jpg
20 3.1536 6.6506 189.4827 0.2668 0.5956 0.7577 0.5648 0.4805
20 6.3587 3.6507 188.8996 0.6454 0.2889 0.7071 0.5662 0.5193
20 8.5136 6.2630 184.6272 0.8103 0.4740 0.3447 0.6175 0.5180
HQSkinClass101.jpg
20 4.6858 9.6853 184.5862 0.3976 0.8463 0.3546 0.6191 0.4731
20 0.0000 10.6863 183.9158 0.0000 0.9479 0.3185 0.6170 0.4346
20 0.0000 7.3405 188.9174 0.0000 0.6857 0.7279 0.5551 0.4524
HQSkinClass101.jpg
20 0.0000 7.3405 188.9174 0.0000 0.6857 0.7279 0.5551 0.4524
20 3.1536 6.6506 189.4827 0.2668 0.5956 0.7577 0.5648 0.4805
20 4.6858 9.6853 184.5862 0.3976 0.8463 0.3546 0.6191 0.4731
HQSkinClass101.jpg
20 2.3682 -1.2535 191.6719 0.0160 -0.0367 0.9992 0.5072 0.5313
20 2.1605 -6.5284 191.0505 -0.0961 -0.2516 0.9630 0.4794 0.5730
20 6.9283 -5.4696 188.9957 0.6703 -0.1667 0.7231 0.5262 0.5931
HQSkinClass101.jpg
20 6.9283 -5.4696 188.9957 0.6703 -0.1667 0.7231 0.5262 0.5931
20 7.1914 -0.5802 189.0408 0.7157 0.0378 0.6974 0.5500 0.5548
20 2.3682 -1.2535 191.6719 0.0160 -0.0367 0.9992 0.5072 0.5313
HQSkinClass101.jpg
20 2.0739 2.3486 191.6255 -0.0186 0.1761 0.9842 0.5260 0.5033
20 2.3682 -1.2535 191.6719 0.0160 -0.0367 0.9992 0.5072 0.5313
20 7.1914 -0.5802 189.0408 0.7157 0.0378 0.6974 0.5500 0.5548
HQSkinClass101.jpg
20 7.1914 -0.5802 189.0408 0.7157 0.0378 0.6974 0.5500 0.5548
20 6.3587 3.6507 188.8996 0.6454 0.2889 0.7071 0.5662 0.5193
20 2.0739 2.3486 191.6255 -0.0186 0.1761 0.9842 0.5260 0.5033
HQSkinClass101.jpg
20 3.1536 6.6506 189.4827 0.2668 0.5956 0.7577 0.5648 0.4805
20 0.0000 7.3405 188.9174 0.0000 0.6857 0.7279 0.5551 0.4524
20 2.0739 2.3486 191.6255 -0.0186 0.1761 0.9842 0.5260 0.5033
HQSkinClass101.jpg
20 2.0739 2.3486 191.6255 -0.0186 0.1761 0.9842 0.5260 0.5033
20 6.3587 3.6507 188.8996 0.6454 0.2889 0.7071 0.5662 0.5193
20 3.1536 6.6506 189.4827 0.2668 0.5956 0.7577 0.5648 0.4805
HQSkinClass101.jpg
20 9.5467 1.6348 184.6720 0.9462 0.1040 0.3065 0.6025 0.5571
20 9.5083 -2.7550 184.4313 0.9584 -0.0257 0.2841 0.5878 0.5949
20 10.0545 -1.6741 178.0114 0.9984 -0.0574 -0.0009 0.6477 0.6023
HQSkinClass101.jpg
20 10.0545 -1.6741 178.0114 0.9984 -0.0574 -0.0009 0.6477 0.6023
20 10.1594 2.2815 176.2935 0.9987 0.0515 -0.0052 0.6776 0.5742
20 9.5467 1.6348 184.6720 0.9462 0.1040 0.3065 0.6025 0.5571
HQSkinClass101.jpg
20 8.5136 6.2630 184.6272 0.8103 0.4740 0.3447 0.6175 0.5180
20 9.5467 1.6348 184.6720 0.9462 0.1040 0.3065 0.6025 0.5571
20 10.1594 2.2815 176.2935 0.9987 0.0515 -0.0052 0.6776 0.5742
HQSkinClass101.jpg
20 10.1594 2.2815 176.2935 0.9987 0.0515 -0.0052 0.6776 0.5742
20 9.4028 7.0542 175.6893 0.8837 0.4568 0.1021 0.7009 0.5326
20 8.5136 6.2630 184.6272 0.8103 0.4740 0.3447 0.6175 0.5180
HQSkinClass101.jpg
20 5.5305 10.5582 175.2835 0.4550 0.8787 0.1443 0.7065 0.4804
20 0.0000 11.8689 174.7887 0.0000 0.9897 0.1431 0.7086 0.4301
20 0.0000 10.6863 183.9158 0.0000 0.9479 0.3185 0.6170 0.4346
HQSkinClass101.jpg
20 0.0000 10.6863 183.9158 0.0000 0.9479 0.3185 0.6170 0.4346
20 4.6858 9.6853 184.5862 0.3976 0.8463 0.3546 0.6191 0.4731
20 5.5305 10.5582 175.2835 0.4550 0.8787 0.1443 0.7065 0.4804
HQSkinClass101.jpg
20 9.4028 7.0542 175.6893 0.8837 0.4568 0.1021 0.7009 0.5326
20 5.5305 10.5582 175.2835 0.4550 0.8787 0.1443 0.7065 0.4804
20 4.6858 9.6853 184.5862 0.3976 0.8463 0.3546 0.6191 0.4731
HQSkinClass101.jpg
20 4.6858 9.6853 184.5862 0.3976 0.8463 0.3546 0.6191 0.4731
20 8.5136 6.2630 184.6272 0.8103 0.4740 0.3447 0.6175 0.5180
20 9.4028 7.0542 175.6893 0.8837 0.4568 0.1021 0.7009 0.5326
HQSkinClass101.jpg
20 9.7337 -1.5794 168.3175 0.9755 -0.2187 -0.0237 0.7202 0.6436
20 9.4742 -0.6930 167.6257 0.9614 0.0746 -0.2650 0.7307 0.6423
20 9.7346 1.1698 169.3236 0.9993 -0.0308 0.0225 0.7296 0.6147
HQSkinClass101.jpg
20 9.7346 1.1698 169.3236 0.9993 -0.0308 0.0225 0.7296 0.6147
20 9.9325 -0.2120 171.0268 0.9794 -0.2004 0.0253 0.7098 0.6175
20 9.7337 -1.5794 168.3175 0.9755 -0.2187 -0.0237 0.7202 0.6436
HQSkinClass101.jpg
20 9.7346 1.1698 169.3236 0.9993 -0.0308 0.0225 0.7296 0.6147
20 10.3836 3.1629 167.1875 0.9837 -0.0536 0.1716 0.7549 0.6053
20 9.4028 7.0542 175.6893 0.8837 0.4568 0.1021 0.7009 0.5326
HQSkinClass101.jpg
20 9.4028 7.0542 175.6893 0.8837 0.4568 0.1021 0.7009 0.5326
20 10.1594 2.2815 176.2935 0.9987 0.0515 -0.0052 0.6776 0.5742
20 9.7346 1.1698 169.3236 0.9993 -0.0308 0.0225 0.7296 0.6147
HQSkinClass101.jpg
20 8.9409 -2.4658 169.2037 0.8432 -0.5019 0.1927 0.7066 0.6451
20 9.7337 -1.5794 168.3175 0.9755 -0.2187 -0.0237 0.7202 0.6436
20 9.9325 -0.2120 171.0268 0.9794 -0.2004 0.0253 0.7098 0.6175
HQSkinClass101.jpg
20 9.9325 -0.2120 171.0268 0.9794 -0.2004 0.0253 0.7098 0.6175
20 9.0667 -1.7710 172.1280 0.9334 -0.3553 0.0503 0.6931 0.6250
20 8.9409 -2.4658 169.2037 0.8432 -0.5019 0.1927 0.7066 0.6451
HQSkinClass101.jpg
20 9.0667 -1.7710 172.1280 0.9334 -0.3553 0.0503 0.6931 0.6250
20 9.9325 -0.2120 171.0268 0.9794 -0.2004 0.0253 0.7098 0.6175
20 10.1594 2.2815 176.2935 0.9987 0.0515 -0.0052 0.6776 0.5742
HQSkinClass101.jpg
20 10.1594 2.2815 176.2935 0.9987 0.0515 -0.0052 0.6776 0.5742
20 10.0545 -1.6741 178.0114 0.9984 -0.0574 -0.0009 0.6477 0.6023
20 9.0667 -1.7710 172.1280 0.9334 -0.3553 0.0503 0.6931 0.6250
HQSkinClass101.jpg
20 -2.1605 -6.5284 191.0505 0.1668 -0.1867 0.9682 0.4794 0.5730
20 -0.0000 -6.7217 189.1629 -0.0135 -0.2271 0.9738 0.4554 0.5608
20 -0.0000 -1.3950 190.4467 -0.0000 -0.0710 0.9975 0.4866 0.5177
HQSkinClass101.jpg
20 -0.0000 -1.3950 190.4467 -0.0000 -0.0710 0.9975 0.4866 0.5177
20 -2.3682 -1.2535 191.6719 -0.0101 -0.0307 0.9995 0.5072 0.5313
20 -2.1605 -6.5284 191.0505 0.1668 -0.1867 0.9682 0.4794 0.5730
HQSkinClass101.jpg
20 -9.5467 1.6348 184.6720 -0.9464 0.1059 0.3053 0.6025 0.5571
20 -9.5083 -2.7550 184.4313 -0.9536 0.0318 0.2993 0.5878 0.5949
20 -6.9283 -5.4696 189.2165 -0.6461 -0.0401 0.7622 0.5262 0.5931
HQSkinClass101.jpg
20 -6.9283 -5.4696 189.2165 -0.6461 -0.0401 0.7622 0.5262 0.5931
20 -7.1914 -0.5802 189.0408 -0.7144 0.0539 0.6976 0.5500 0.5548
20 -9.5467 1.6348 184.6720 -0.9464 0.1059 0.3053 0.6025 0.5571
HQSkinClass101.jpg
20 -2.3682 -1.2535 191.6719 -0.0101 -0.0307 0.9995 0.5072 0.5313
20 -0.0000 -1.3950 190.4467 -0.0000 -0.0710 0.9975 0.4866 0.5177
20 0.0000 2.1678 190.4485 0.0000 0.1323 0.9912 0.5112 0.4881
HQSkinClass101.jpg
20 0.0000 2.1678 190.4485 0.0000 0.1323 0.9912 0.5112 0.4881
20 -2.0739 2.3486 191.6255 0.0186 0.1761 0.9842 0.5260 0.5033
20 -2.3682 -1.2535 191.6719 -0.0101 -0.0307 0.9995 0.5072 0.5313
HQSkinClass101.jpg
20 -7.1914 -0.5802 189.0408 -0.7144 0.0539 0.6976 0.5500 0.5548
20 -6.3587 3.6507 188.8996 -0.6454 0.2889 0.7071 0.5662 0.5193
20 -8.5136 6.2630 184.6272 -0.8103 0.4740 0.3447 0.6175 0.5180
HQSkinClass101.jpg
20 -8.5136 6.2630 184.6272 -0.8103 0.4740 0.3447 0.6175 0.5180
20 -9.5467 1.6348 184.6720 -0.9464 0.1059 0.3053 0.6025 0.5571
20 -7.1914 -0.5802 189.0408 -0.7144 0.0539 0.6976 0.5500 0.5548
HQSkinClass101.jpg
20 -8.5136 6.2630 184.6272 -0.8103 0.4740 0.3447 0.6175 0.5180
20 -6.3587 3.6507 188.8996 -0.6454 0.2889 0.7071 0.5662 0.5193
20 -3.1536 6.6506 189.4827 -0.2668 0.5956 0.7577 0.5648 0.4805
HQSkinClass101.jpg
20 -3.1536 6.6506 189.4827 -0.2668 0.5956 0.7577 0.5648 0.4805
20 -4.6858 9.6853 184.5862 -0.3976 0.8463 0.3546 0.6191 0.4731
20 -8.5136 6.2630 184.6272 -0.8103 0.4740 0.3447 0.6175 0.5180
HQSkinClass101.jpg
20 -4.6858 9.6853 184.5862 -0.3976 0.8463 0.3546 0.6191 0.4731
20 -3.1536 6.6506 189.4827 -0.2668 0.5956 0.7577 0.5648 0.4805
20 0.0000 7.3405 188.9174 0.0000 0.6857 0.7279 0.5551 0.4524
HQSkinClass101.jpg
20 0.0000 7.3405 188.9174 0.0000 0.6857 0.7279 0.5551 0.4524
20 0.0000 10.6863 183.9158 0.0000 0.9479 0.3185 0.6170 0.4346
20 -4.6858 9.6853 184.5862 -0.3976 0.8463 0.3546 0.6191 0.4731
HQSkinClass101.jpg
20 -2.3682 -1.2535 191.6719 -0.0101 -0.0307 0.9995 0.5072 0.5313
20 -7.1914 -0.5802 189.0408 -0.7144 0.0539 0.6976 0.5500 0.5548
20 -6.9283 -5.4696 189.2165 -0.6461 -0.0401 0.7622 0.5262 0.5931
HQSkinClass101.jpg
20 -6.9283 -5.4696 189.2165 -0.6461 -0.0401 0.7622 0.5262 0.5931
20 -2.1605 -6.5284 191.0505 0.1668 -0.1867 0.9682 0.4794 0.5730
20 -2.3682 -1.2535 191.6719 -0.0101 -0.0307 0.9995 0.5072 0.5313
HQSkinClass101.jpg
20 -2.0739 2.3486 191.6255 0.0186 0.1761 0.9842 0.5260 0.5033
20 -6.3587 3.6507 188.8996 -0.6454 0.2889 0.7071 0.5662 0.5193
20 -7.1914 -0.5802 189.0408 -0.7144 0.0539 0.6976 0.5500 0.5548
HQSkinClass101.jpg
20 -7.1914 -0.5802 189.0408 -0.7144 0.0539 0.6976 0.5500 0.5548
20 -2.3682 -1.2535 191.6719 -0.0101 -0.0307 0.9995 0.5072 0.5313
20 -2.0739 2.3486 191.6255 0.0186 0.1761 0.9842 0.5260 0.5033
HQSkinClass101.jpg
20 -3.1536 6.6506 189.4827 -0.2668 0.5956 0.7577 0.5648 0.4805
20 -6.3587 3.6507 188.8996 -0.6454 0.2889 0.7071 0.5662 0.5193
20 -2.0739 2.3486 191.6255 0.0186 0.1761 0.9842 0.5260 0.5033
HQSkinClass101.jpg
20 -2.0739 2.3486 191.6255 0.0186 0.1761 0.9842 0.5260 0.5033
20 0.0000 7.3405 188.9174 0.0000 0.6857 0.7279 0.5551 0.4524
20 -3.1536 6.6506 189.4827 -0.2668 0.5956 0.7577 0.5648 0.4805
HQSkinClass101.jpg
20 -9.5467 1.6348 184.6720 -0.9464 0.1059 0.3053 0.6025 0.5571
20 -10.1594 2.2815 176.2935 -0.9987 0.0515 -0.0052 0.6776 0.5742
20 -10.0545 -1.6741 178.0114 -0.9946 0.0760 0.0704 0.6477 0.6023
HQSkinClass101.jpg
20 -10.0545 -1.6741 178.0114 -0.9946 0.0760 0.0704 0.6477 0.6023
20 -9.5083 -2.7550 184.4313 -0.9536 0.0318 0.2993 0.5878 0.5949
20 -9.5467 1.6348 184.6720 -0.9464 0.1059 0.3053 0.6025 0.5571
HQSkinClass101.jpg
20 -8.5136 6.2630 184.6272 -0.8103 0.4740 0.3447 0.6175 0.5180
20 -9.4028 7.0542 175.6893 -0.8850 0.4528 0.1084 0.7009 0.5326
20 -10.1594 2.2815 176.2935 -0.9987 0.0515 -0.0052 0.6776 0.5742
HQSkinClass101.jpg
20 -10.1594 2.2815 176.2935 -0.9987 0.0515 -0.0052 0.6776 0.5742
20 -9.5467 1.6348 184.6720 -0.9464 0.1059 0.3053 0.6025 0.5571
20 -8.5136 6.2630 184.6272 -0.8103 0.4740 0.3447 0.6175 0.5180
HQSkinClass101.jpg
20 -5.5305 10.5582 175.2835 -0.4507 0.8803 0.1483 0.7065 0.4804
20 -4.6858 9.6853 184.5862 -0.3976 0.8463 0.3546 0.6191 0.4731
20 0.0000 10.6863 183.9158 0.0000 0.9479 0.3185 0.6170 0.4346
HQSkinClass101.jpg
20 0.0000 10.6863 183.9158 0.0000 0.9479 0.3185 0.6170 0.4346
20 0.0000 11.8689 174.7887 0.0000 0.9897 0.1431 0.7086 0.4301
20 -5.5305 10.5582 175.2835 -0.4507 0.8803 0.1483 0.7065 0.4804
HQSkinClass101.jpg
20 -9.4028 7.0542 175.6893 -0.8850 0.4528 0.1084 0.7009 0.5326
20 -8.5136 6.2630 184.6272 -0.8103 0.4740 0.3447 0.6175 0.5180
20 -4.6858 9.6853 184.5862 -0.3976 0.8463 0.3546 0.6191 0.4731
HQSkinClass101.jpg
20 -4.6858 9.6853 184.5862 -0.3976 0.8463 0.3546 0.6191 0.4731
20 -5.5305 10.5582 175.2835 -0.4507 0.8803 0.1483 0.7065 0.4804
20 -9.4028 7.0542 175.6893 -0.8850 0.4528 0.1084 0.7009 0.5326
HQSkinClass101.jpg
20 -9.7337 -1.5794 168.3175 -0.9755 -0.2187 -0.0237 0.7202 0.6436
20 -9.9325 -0.2120 171.0268 -0.9794 -0.2004 0.0253 0.7098 0.6175
20 -9.7346 1.1698 169.3236 -0.9993 -0.0308 0.0225 0.7296 0.6147
HQSkinClass101.jpg
20 -9.7346 1.1698 169.3236 -0.9993 -0.0308 0.0225 0.7296 0.6147
20 -9.4742 -0.6930 167.6257 -0.9614 0.0746 -0.2650 0.7307 0.6423
20 -9.7337 -1.5794 168.3175 -0.9755 -0.2187 -0.0237 0.7202 0.6436
HQSkinClass101.jpg
20 -9.7346 1.1698 169.3236 -0.9993 -0.0308 0.0225 0.7296 0.6147
20 -10.1594 2.2815 176.2935 -0.9987 0.0515 -0.0052 0.6776 0.5742
20 -9.4028 7.0542 175.6893 -0.8850 0.4528 0.1084 0.7009 0.5326
HQSkinClass101.jpg
20 -9.4028 7.0542 175.6893 -0.8850 0.4528 0.1084 0.7009 0.5326
20 -10.3836 3.1629 167.1875 -0.9837 -0.0536 0.1716 0.7549 0.6053
20 -9.7346 1.1698 169.3236 -0.9993 -0.0308 0.0225 0.7296 0.6147
HQSkinClass101.jpg
20 -8.9409 -2.4658 169.2037 -0.8432 -0.5019 0.1927 0.7066 0.6451
20 -9.0667 -1.7710 172.1280 -0.9334 -0.3553 0.0503 0.6931 0.6250
20 -9.9325 -0.2120 171.0268 -0.9794 -0.2004 0.0253 0.7098 0.6175
HQSkinClass101.jpg
20 -9.9325 -0.2120 171.0268 -0.9794 -0.2004 0.0253 0.7098 0.6175
20 -9.7337 -1.5794 168.3175 -0.9755 -0.2187 -0.0237 0.7202 0.6436
20 -8.9409 -2.4658 169.2037 -0.8432 -0.5019 0.1927 0.7066 0.6451
HQSkinClass101.jpg
20 -9.0667 -1.7710 172.1280 -0.9334 -0.3553 0.0503 0.6931 0.6250
20 -10.0545 -1.6741 178.0114 -0.9946 0.0760 0.0704 0.6477 0.6023
20 -10.1594 2.2815 176.2935 -0.9987 0.0515 -0.0052 0.6776 0.5742
HQSkinClass101.jpg
20 -10.1594 2.2815 176.2935 -0.9987 0.0515 -0.0052 0.6776 0.5742
20 -9.9325 -0.2120 171.0268 -0.9794 -0.2004 0.0253 0.7098 0.6175
20 -9.0667 -1.7710 172.1280 -0.9334 -0.3553 0.0503 0.6931 0.6250
HQSkinClass101.jpg
20 -9.4028 7.0542 175.6893 -0.8850 0.4528 0.1084 0.7009 0.5326
20 -5.5305 10.5582 175.2835 -0.4507 0.8803 0.1483 0.7065 0.4804
20 -8.6864 10.0796 164.2933 -0.7339 0.6442 0.2153 0.8110 0.5087
HQSkinClass101.jpg
20 -8.6864 10.0796 164.2933 -0.7339 0.6442 0.2153 0.8110 0.5087
20 -10.8338 7.5874 165.2046 -0.8819 0.4149 0.2240 0.8007 0.5394
20 -9.4028 7.0542 175.6893 -0.8850 0.4528 0.1084 0.7009 0.5326
HQSkinClass101.jpg
20 -7.5470 -6.6185 174.1458 -0.7246 -0.4004 -0.5609 0.8519 0.6489
20 -7.6819 -10.2571 178.3882 -0.6025 -0.7122 -0.3603 0.8743 0.5975
20 -8.7592 -8.3480 179.0758 -0.8571 -0.4748 -0.1999 0.8933 0.6138
HQSkinClass101.jpg
20 -8.7592 -8.3480 179.0758 -0.8571 -0.4748 -0.1999 0.8933 0.6138
20 -7.9274 -5.2040 174.4758 -0.9134 -0.1581 -0.3751 0.8623 0.6602
20 -7.5470 -6.6185 174.1458 -0.7246 -0.4004 -0.5609 0.8519 0.6489
HQSkinClass101.jpg
20 4.4684 -11.8842 177.1162 0.6516 -0.6503 -0.3904 0.5783 0.1954
20 4.7492 -11.3051 177.6263 0.8754 -0.4794 0.0624 0.5861 0.1944
20 3.5087 -12.4859 179.6436 0.7308 -0.6766 -0.0900 0.5800 0.1704
HQSkinClass101.jpg
20 3.5087 -12.4859 179.6436 0.7308 -0.6766 -0.0900 0.5800 0.1704
20 2.5737 -13.8510 178.7069 0.4822 -0.8299 -0.2807 0.5617 0.1704
20 4.4684 -11.8842 177.1162 0.6516 -0.6503 -0.3904 0.5783 0.1954
HQSkinClass101.jpg
20 3.1571 -11.2677 188.6273 0.4262 -0.5841 0.6908 0.6327 0.3247
20 6.9283 -5.4696 188.9957 0.6703 -0.1667 0.7231 0.5739 0.2933
20 2.1605 -6.5284 191.0505 -0.0961 -0.2516 0.9630 0.6210 0.2761
HQSkinClass101.jpg
20 2.1605 -6.5284 191.0505 -0.0961 -0.2516 0.9630 0.6210 0.2761
20 1.5015 -11.8795 188.8977 0.1262 -0.5463 0.8280 0.6478 0.3240
20 3.1571 -11.2677 188.6273 0.4262 -0.5841 0.6908 0.6327 0.3247
HQSkinClass101.jpg
20 9.5083 -2.7550 184.4313 0.9584 -0.0257 0.2841 0.5226 0.3268
20 9.8144 -6.5928 183.3254 0.9562 -0.2552 0.1436 0.5487 0.3531
20 9.6972 -6.0004 177.4611 0.8822 -0.4383 -0.1720 0.5267 0.4008
HQSkinClass101.jpg
20 9.6972 -6.0004 177.4611 0.8822 -0.4383 -0.1720 0.5267 0.4008
20 10.0545 -1.6741 178.0114 0.9984 -0.0574 -0.0009 0.4900 0.3798
20 9.5083 -2.7550 184.4313 0.9584 -0.0257 0.2841 0.5226 0.3268
HQSkinClass101.jpg
20 -4.3729 -12.9575 185.4052 -0.1377 -0.9503 0.2792 0.9070 0.5204
20 -4.7436 -10.4838 189.9034 -0.2744 -0.5468 0.7910 0.9563 0.5121
20 -7.5428 -11.1372 185.8556 -0.7162 -0.6341 0.2916 0.9276 0.5478
HQSkinClass101.jpg
20 -7.5428 -11.1372 185.8556 -0.7162 -0.6341 0.2916 0.9276 0.5478
20 -6.6031 -12.4995 182.6386 -0.5086 -0.8496 -0.1399 0.8936 0.5531
20 -4.3729 -12.9575 185.4052 -0.1377 -0.9503 0.2792 0.9070 0.5204
HQSkinClass101.jpg
20 -0.7501 -12.1310 185.8775 0.0923 -0.9259 0.3663 0.9040 0.4835
20 -0.6602 -11.3443 188.5359 0.1188 -0.7795 0.6151 0.9382 0.4751
20 -4.7436 -10.4838 189.9034 -0.2744 -0.5468 0.7910 0.9563 0.5121
HQSkinClass101.jpg
20 -4.7436 -10.4838 189.9034 -0.2744 -0.5468 0.7910 0.9563 0.5121
20 -4.3729 -12.9575 185.4052 -0.1377 -0.9503 0.2792 0.9070 0.5204
20 -0.7501 -12.1310 185.8775 0.0923 -0.9259 0.3663 0.9040 0.4835
HQSkinClass101.jpg
20 -6.6031 -12.4995 182.6386 -0.5086 -0.8496 -0.1399 0.8936 0.5531
20 -7.5428 -11.1372 185.8556 -0.7162 -0.6341 0.2916 0.9276 0.5478
20 -8.7592 -8.3480 179.0758 -0.8571 -0.4748 -0.1999 0.8933 0.6138
HQSkinClass101.jpg
20 -8.7592 -8.3480 179.0758 -0.8571 -0.4748 -0.1999 0.8933 0.6138
20 -7.6819 -10.2571 178.3882 -0.6025 -0.7122 -0.3603 0.8743 0.5975
20 -6.6031 -12.4995 182.6386 -0.5086 -0.8496 -0.1399 0.8936 0.5531
HQSkinClass101.jpg
20 -10.6758 -4.5148 177.6183 -0.9706 -0.2130 -0.1119 0.9147 0.6562
20 -8.7617 -6.0603 175.9230 -0.7597 -0.5343 -0.3707 0.8843 0.6538
20 -8.7592 -8.3480 179.0758 -0.8571 -0.4748 -0.1999 0.8933 0.6138
HQSkinClass101.jpg
20 -8.7592 -8.3480 179.0758 -0.8571 -0.4748 -0.1999 0.8933 0.6138
20 -10.3826 -6.5767 181.9031 -0.9662 -0.2485 0.0681 0.9317 0.6126
20 -10.6758 -4.5148 177.6183 -0.9706 -0.2130 -0.1119 0.9147 0.6562
HQSkinClass101.jpg
20 -10.6758 -4.5148 177.6183 -0.9706 -0.2130 -0.1119 0.9147 0.6562
20 -10.0545 -1.6741 178.0114 -0.9946 0.0760 0.0704 0.9386 0.6745
20 -10.6164 -0.9937 174.4705 -0.9887 0.0790 0.1272 0.9153 0.7041
HQSkinClass101.jpg
20 -10.6164 -0.9937 174.4705 -0.9887 0.0790 0.1272 0.9153 0.7041
20 -10.7330 -2.0179 173.9271 -0.9460 -0.2777 -0.1670 0.9041 0.7002
20 -10.6758 -4.5148 177.6183 -0.9706 -0.2130 -0.1119 0.9147 0.6562
HQSkinClass101.jpg
20 9.6972 -6.0004 177.4611 0.8822 -0.4383 -0.1720 0.5267 0.4008
20 9.2508 -4.6987 172.6858 0.7892 -0.5405 -0.2917 0.4988 0.4370
20 9.7215 -2.0906 172.9459 0.9681 -0.1238 -0.2179 0.4763 0.4247
HQSkinClass101.jpg
20 9.7215 -2.0906 172.9459 0.9681 -0.1238 -0.2179 0.4763 0.4247
20 10.0545 -1.6741 178.0114 0.9984 -0.0574 -0.0009 0.4900 0.3798
20 9.6972 -6.0004 177.4611 0.8822 -0.4383 -0.1720 0.5267 0.4008
HQSkinClass101.jpg
20 -0.9118 -14.5723 180.0989 -0.3040 -0.9126 -0.2733 0.5330 0.1434
20 0.9479 -15.6021 181.0936 0.1006 -0.9817 -0.1618 0.5541 0.1411
20 -0.7412 -14.4989 185.0330 -0.2595 -0.9114 0.3194 0.5590 0.1011
HQSkinClass101.jpg
20 -0.7412 -14.4989 185.0330 -0.2595 -0.9114 0.3194 0.5590 0.1011
20 -2.9007 -13.5749 184.1566 -0.4615 -0.8554 0.2352 0.5354 0.0946
20 -0.9118 -14.5723 180.0989 -0.3040 -0.9126 -0.2733 0.5330 0.1434
HQSkinClass101.jpg
20 3.7532 -11.6902 176.6996 0.2812 -0.6179 -0.7342 0.5714 0.1996
20 4.4684 -11.8842 177.1162 0.6516 -0.6503 -0.3904 0.5783 0.1954
20 2.5737 -13.8510 178.7069 0.4822 -0.8299 -0.2807 0.5617 0.1704
HQSkinClass101.jpg
20 2.5737 -13.8510 178.7069 0.4822 -0.8299 -0.2807 0.5617 0.1704
20 1.8127 -13.4035 177.7734 0.1745 -0.8249 -0.5377 0.5522 0.1785
20 3.7532 -11.6902 176.6996 0.2812 -0.6179 -0.7342 0.5714 0.1996
HQSkinClass101.jpg
20 1.1430 -14.9278 183.7123 0.2616 -0.9244 0.2776 0.5685 0.1212
20 -0.7412 -14.4989 185.0330 -0.2595 -0.9114 0.3194 0.5590 0.1011
20 0.9479 -15.6021 181.0936 0.1006 -0.9817 -0.1618 0.5541 0.1411
HQSkinClass101.jpg
20 0.9479 -15.6021 181.0936 0.1006 -0.9817 -0.1618 0.5541 0.1411
20 2.2292 -14.6464 181.5658 0.6412 -0.7614 -0.0956 0.5681 0.1428
20 1.1430 -14.9278 183.7123 0.2616 -0.9244 0.2776 0.5685 0.1212
HQSkinClass101.jpg
20 -9.3403 3.3132 170.2826 -0.9260 -0.3774 -0.0113 0.5063 0.3911
20 -8.1562 1.7948 166.2471 -0.9603 -0.1775 -0.2150 0.4795 0.4246
20 -6.3793 -4.0023 163.0972 -0.9420 -0.3319 -0.0503 0.4827 0.4930
HQSkinClass101.jpg
20 -6.3793 -4.0023 163.0972 -0.9420 -0.3319 -0.0503 0.4827 0.4930
20 -7.1555 -1.5525 170.0580 -0.9054 -0.4225 0.0418 0.5348 0.4231
20 -9.3403 3.3132 170.2826 -0.9260 -0.3774 -0.0113 0.5063 0.3911
HQSkinClass101.jpg
20 2.5737 -13.8510 178.7069 0.4822 -0.8299 -0.2807 0.5617 0.1704
20 0.9479 -15.6021 181.0936 0.1006 -0.9817 -0.1618 0.5541 0.1411
20 -0.9118 -14.5723 180.0989 -0.3040 -0.9126 -0.2733 0.5330 0.1434
HQSkinClass101.jpg
20 -0.9118 -14.5723 180.0989 -0.3040 -0.9126 -0.2733 0.5330 0.1434
20 1.8127 -13.4035 177.7734 0.1745 -0.8249 -0.5377 0.5522 0.1785
20 2.5737 -13.8510 178.7069 0.4822 -0.8299 -0.2807 0.5617 0.1704
HQSkinClass101.jpg
20 3.5087 -12.4859 179.6436 0.7308 -0.6766 -0.0900 0.5800 0.1704
20 2.2292 -14.6464 181.5658 0.6412 -0.7614 -0.0956 0.5681 0.1428
20 0.9479 -15.6021 181.0936 0.1006 -0.9817 -0.1618 0.5541 0.1411
HQSkinClass101.jpg
20 0.9479 -15.6021 181.0936 0.1006 -0.9817 -0.1618 0.5541 0.1411
20 2.5737 -13.8510 178.7069 0.4822 -0.8299 -0.2807 0.5617 0.1704
20 3.5087 -12.4859 179.6436 0.7308 -0.6766 -0.0900 0.5800 0.1704
HQSkinClass101.jpg
20 -7.6819 -10.2571 178.3882 -0.6025 -0.7122 -0.3603 0.8743 0.5975
20 -7.5470 -6.6185 174.1458 -0.7246 -0.4004 -0.5609 0.8519 0.6489
20 -6.6136 -7.8341 174.5102 -0.4881 -0.6314 -0.6026 0.8433 0.6351
HQSkinClass101.jpg
20 -6.6136 -7.8341 174.5102 -0.4881 -0.6314 -0.6026 0.8433 0.6351
20 -5.5743 -10.4877 178.0838 -0.1624 -0.8704 -0.4648 0.8557 0.5874
20 -7.6819 -10.2571 178.3882 -0.6025 -0.7122 -0.3603 0.8743 0.5975
HQSkinClass101.jpg
20 -2.4129 -11.6414 187.9318 -0.5194 -0.4420 0.7314 0.5608 0.0582
20 -2.9007 -13.5749 184.1566 -0.4615 -0.8554 0.2352 0.5354 0.0946
20 -0.7412 -14.4989 185.0330 -0.2595 -0.9114 0.3194 0.5590 0.1011
HQSkinClass101.jpg
20 -0.7412 -14.4989 185.0330 -0.2595 -0.9114 0.3194 0.5590 0.1011
20 -0.7406 -12.7289 188.5269 -0.2462 -0.5929 0.7667 0.5761 0.0699
20 -2.4129 -11.6414 187.9318 -0.5194 -0.4420 0.7314 0.5608 0.0582
HQSkinClass101.jpg
20 -4.0813 -12.2078 181.4507 0.1029 -0.8630 -0.4946 0.8694 0.5412
20 -6.6031 -12.4995 182.6386 -0.5086 -0.8496 -0.1399 0.8936 0.5531
20 -7.6819 -10.2571 178.3882 -0.6025 -0.7122 -0.3603 0.8743 0.5975
HQSkinClass101.jpg
20 -7.6819 -10.2571 178.3882 -0.6025 -0.7122 -0.3603 0.8743 0.5975
20 -5.5743 -10.4877 178.0838 -0.1624 -0.8704 -0.4648 0.8557 0.5874
20 -4.0813 -12.2078 181.4507 0.1029 -0.8630 -0.4946 0.8694 0.5412
HQSkinClass101.jpg
20 -3.4621 -13.0258 183.0252 0.1611 -0.8967 -0.4122 0.8818 0.5229
20 -4.3729 -12.9575 185.4052 -0.1377 -0.9503 0.2792 0.9070 0.5204
20 -6.6031 -12.4995 182.6386 -0.5086 -0.8496 -0.1399 0.8936 0.5531
HQSkinClass101.jpg
20 -6.6031 -12.4995 182.6386 -0.5086 -0.8496 -0.1399 0.8936 0.5531
20 -4.0813 -12.2078 181.4507 0.1029 -0.8630 -0.4946 0.8694 0.5412
20 -3.4621 -13.0258 183.0252 0.1611 -0.8967 -0.4122 0.8818 0.5229
HQSkinClass101.jpg
20 -0.8318 -12.8461 183.7753 0.1931 -0.9788 -0.0686 0.8800 0.4941
20 -0.7501 -12.1310 185.8775 0.0923 -0.9259 0.3663 0.9040 0.4835
20 -4.3729 -12.9575 185.4052 -0.1377 -0.9503 0.2792 0.9070 0.5204
HQSkinClass101.jpg
20 -4.3729 -12.9575 185.4052 -0.1377 -0.9503 0.2792 0.9070 0.5204
20 -3.4621 -13.0258 183.0252 0.1611 -0.8967 -0.4122 0.8818 0.5229
20 -0.8318 -12.8461 183.7753 0.1931 -0.9788 -0.0686 0.8800 0.4941
HQSkinClass101.jpg
20 1.1829 -13.8895 186.0113 0.2689 -0.8560 0.4415 0.5805 0.1004
20 1.5015 -11.8795 188.8977 0.1262 -0.5463 0.8280 0.5990 0.0707
20 -0.7406 -12.7289 188.5269 -0.2462 -0.5929 0.7667 0.5761 0.0699
HQSkinClass101.jpg
20 -0.7406 -12.7289 188.5269 -0.2462 -0.5929 0.7667 0.5761 0.0699
20 -0.7412 -14.4989 185.0330 -0.2595 -0.9114 0.3194 0.5590 0.1011
20 1.1829 -13.8895 186.0113 0.2689 -0.8560 0.4415 0.5805 0.1004
HQSkinClass101.jpg
20 -8.6730 -7.5902 187.0888 -0.8527 -0.1750 0.4923 0.9613 0.5661
20 -6.9283 -5.4696 189.2165 -0.6461 -0.0401 0.7622 0.9956 0.5518
20 -9.5083 -2.7550 184.4313 -0.9536 0.0318 0.2993 0.9787 0.6187
HQSkinClass101.jpg
20 -9.5083 -2.7550 184.4313 -0.9536 0.0318 0.2993 0.9787 0.6187
20 -10.3826 -6.5767 181.9031 -0.9662 -0.2485 0.0681 0.9317 0.6126
20 -8.6730 -7.5902 187.0888 -0.8527 -0.1750 0.4923 0.9613 0.5661
HQSkinClass101.jpg
20 -9.5083 -2.7550 184.4313 -0.9536 0.0318 0.2993 0.9787 0.6187
20 -10.0545 -1.6741 178.0114 -0.9946 0.0760 0.0704 0.9386 0.6745
20 -10.6758 -4.5148 177.6183 -0.9706 -0.2130 -0.1119 0.9147 0.6562
HQSkinClass101.jpg
20 -10.6758 -4.5148 177.6183 -0.9706 -0.2130 -0.1119 0.9147 0.6562
20 -10.3826 -6.5767 181.9031 -0.9662 -0.2485 0.0681 0.9317 0.6126
20 -9.5083 -2.7550 184.4313 -0.9536 0.0318 0.2993 0.9787 0.6187
HQSkinClass101.jpg
20 6.2905 -8.0711 176.0776 0.5962 -0.7175 -0.3603 0.5539 0.4305
20 9.6972 -6.0004 177.4611 0.8822 -0.4383 -0.1720 0.5267 0.4008
20 7.3073 -10.0478 181.5668 0.7137 -0.6880 -0.1315 0.5820 0.3816
HQSkinClass101.jpg
20 7.3073 -10.0478 181.5668 0.7137 -0.6880 -0.1315 0.5820 0.3816
20 3.5087 -12.4859 179.6436 0.7308 -0.6766 -0.0900 0.6164 0.4143
20 6.2905 -8.0711 176.0776 0.5962 -0.7175 -0.3603 0.5539 0.4305
HQSkinClass101.jpg
20 -10.6758 -4.5148 177.6183 -0.9706 -0.2130 -0.1119 0.9147 0.6562
20 -10.7330 -2.0179 173.9271 -0.9460 -0.2777 -0.1670 0.9041 0.7002
20 -9.5646 -3.0684 173.1094 -0.7529 -0.5390 -0.3777 0.8862 0.6966
HQSkinClass101.jpg
20 -9.5646 -3.0684 173.1094 -0.7529 -0.5390 -0.3777 0.8862 0.6966
20 -8.7617 -6.0603 175.9230 -0.7597 -0.5343 -0.3707 0.8843 0.6538
20 -10.6758 -4.5148 177.6183 -0.9706 -0.2130 -0.1119 0.9147 0.6562
HQSkinClass101.jpg
20 7.1087 -5.2879 171.6503 0.3687 -0.9171 -0.1516 0.5089 0.4579
20 9.2508 -4.6987 172.6858 0.7892 -0.5405 -0.2917 0.4988 0.4370
20 9.6972 -6.0004 177.4611 0.8822 -0.4383 -0.1720 0.5267 0.4008
HQSkinClass101.jpg
20 9.6972 -6.0004 177.4611 0.8822 -0.4383 -0.1720 0.5267 0.4008
20 6.2905 -8.0711 176.0776 0.5962 -0.7175 -0.3603 0.5539 0.4305
20 7.1087 -5.2879 171.6503 0.3687 -0.9171 -0.1516 0.5089 0.4579
HQSkinClass101.jpg
20 8.9100 1.3871 171.8208 0.9553 -0.2686 -0.1234 0.5063 0.3911
20 7.7413 -2.7474 172.1330 0.9546 -0.2742 -0.1168 0.5348 0.4231
20 5.9762 -4.6932 163.7324 0.9546 -0.2546 -0.1548 0.4827 0.4930
HQSkinClass101.jpg
20 5.9762 -4.6932 163.7324 0.9546 -0.2546 -0.1548 0.4827 0.4930
20 7.9198 0.5500 167.6588 0.9585 -0.2173 -0.1844 0.4795 0.4246
20 8.9100 1.3871 171.8208 0.9553 -0.2686 -0.1234 0.5063 0.3911
HQSkinClass101.jpg
20 6.9546 12.4269 163.9468 0.4183 0.8814 0.2195 0.8175 0.4831
20 4.2693 13.0813 161.5052 0.1049 0.9783 0.1785 0.8380 0.4567
20 5.5305 10.5582 175.2835 0.4550 0.8787 0.1443 0.7065 0.4804
HQSkinClass101.jpg
20 5.5305 10.5582 175.2835 0.4550 0.8787 0.1443 0.7065 0.4804
20 8.6864 10.0796 164.2933 0.7355 0.6390 0.2252 0.8110 0.5087
20 6.9546 12.4269 163.9468 0.4183 0.8814 0.2195 0.8175 0.4831
HQSkinClass101.jpg
20 2.0739 2.3486 191.6255 -0.0186 0.1761 0.9842 0.5260 0.5033
20 0.0000 7.3405 188.9174 0.0000 0.6857 0.7279 0.5551 0.4524
20 0.0000 2.1678 190.4485 0.0000 0.1323 0.9912 0.5112 0.4881
HQSkinClass101.jpg
20 10.1594 2.2815 176.2935 0.9987 0.0515 -0.0052 0.6776 0.5742
20 9.9325 -0.2120 171.0268 0.9794 -0.2004 0.0253 0.7098 0.6175
20 9.7346 1.1698 169.3236 0.9993 -0.0308 0.0225 0.7296 0.6147
HQSkinClass101.jpg
20 9.4028 7.0542 175.6893 0.8837 0.4568 0.1021 0.7009 0.5326
20 10.3313 5.1343 167.0709 0.9859 -0.0180 0.1665 0.7647 0.5894
20 10.8338 7.5874 165.2046 0.8749 0.4234 0.2350 0.7918 0.5780
HQSkinClass101.jpg
20 10.3313 5.1343 167.0709 0.9859 -0.0180 0.1665 0.7647 0.5894
20 10.3836 3.1629 167.1875 0.9837 -0.0536 0.1716 0.7549 0.6053
20 11.1848 2.6414 164.0240 0.9702 0.0399 0.2391 0.7793 0.6246
HQSkinClass101.jpg
20 8.9409 -2.4658 169.2037 0.8432 -0.5019 0.1927 0.7066 0.6451
20 8.8101 -4.9092 164.6254 0.9598 -0.2804 0.0128 0.7162 0.6912
20 9.7337 -1.5794 168.3175 0.9755 -0.2187 -0.0237 0.7202 0.6436
HQSkinClass101.jpg
20 10.3836 3.1629 167.1875 0.9837 -0.0536 0.1716 0.7549 0.6053
20 9.7346 1.1698 169.3236 0.9993 -0.0308 0.0225 0.7296 0.6147
20 10.3644 -0.9568 163.0027 0.9761 -0.1570 0.1501 0.7753 0.6574
HQSkinClass101.jpg
20 8.8101 -4.9092 164.6254 0.9598 -0.2804 0.0128 0.7162 0.6912
20 9.4742 -0.6930 167.6257 0.9614 0.0746 -0.2650 0.7307 0.6423
20 9.7337 -1.5794 168.3175 0.9755 -0.2187 -0.0237 0.7202 0.6436
HQSkinClass101.jpg
20 10.8338 7.5874 165.2046 0.8749 0.4234 0.2350 0.8007 0.5394
20 12.1545 7.9424 161.1495 0.6745 0.6834 0.2795 0.8395 0.5489
20 8.6864 10.0796 164.2933 0.7355 0.6390 0.2252 0.8110 0.5087
HQSkinClass101.jpg
20 9.4028 7.0542 175.6893 0.8837 0.4568 0.1021 0.7009 0.5326
20 10.3836 3.1629 167.1875 0.9837 -0.0536 0.1716 0.7549 0.6053
20 10.3313 5.1343 167.0709 0.9859 -0.0180 0.1665 0.7647 0.5894
HQSkinClass101.jpg
20 10.3313 5.1343 167.0709 0.9859 -0.0180 0.1665 0.7647 0.5894
20 11.8239 3.9567 161.8115 0.9625 0.0091 0.2711 0.8043 0.6244
20 10.8338 7.5874 165.2046 0.8749 0.4234 0.2350 0.7918 0.5780
HQSkinClass101.jpg
20 6.9546 12.4269 163.9468 0.4183 0.8814 0.2195 0.8175 0.4831
20 7.6382 13.2910 159.3089 0.0642 0.9793 0.1919 0.8628 0.4852
20 4.2693 13.0813 161.5052 0.1049 0.9783 0.1785 0.8380 0.4567
HQSkinClass101.jpg
20 8.6864 10.0796 164.2933 0.7355 0.6390 0.2252 0.8110 0.5087
20 9.2241 11.2621 160.2272 0.7543 0.5969 0.2733 0.8518 0.5082
20 6.9546 12.4269 163.9468 0.4183 0.8814 0.2195 0.8175 0.4831
HQSkinClass101.jpg
20 5.5305 10.5582 175.2835 0.4550 0.8787 0.1443 0.7065 0.4804
20 10.8338 7.5874 165.2046 0.8749 0.4234 0.2350 0.8007 0.5394
20 8.6864 10.0796 164.2933 0.7355 0.6390 0.2252 0.8110 0.5087
HQSkinClass101.jpg
20 4.2693 13.0813 161.5052 0.1049 0.9783 0.1785 0.8380 0.4567
20 3.7420 13.8041 158.7143 0.1056 0.9673 0.2306 0.8646 0.4479
20 1.3566 13.4930 161.1120 0.1748 0.9727 0.1527 0.8393 0.4283
HQSkinClass101.jpg
20 4.2693 13.0813 161.5052 0.1049 0.9783 0.1785 0.8380 0.4567
20 1.3566 13.4930 161.1120 0.1748 0.9727 0.1527 0.8393 0.4283
20 0.0000 11.8689 174.7887 0.0000 0.9897 0.1431 0.7086 0.4301
HQSkinClass101.jpg
20 0.0000 11.8689 174.7887 0.0000 0.9897 0.1431 0.7086 0.4301
20 5.5305 10.5582 175.2835 0.4550 0.8787 0.1443 0.7065 0.4804
20 4.2693 13.0813 161.5052 0.1049 0.9783 0.1785 0.8380 0.4567
HQSkinClass101.jpg
20 1.3566 13.4930 161.1120 0.1748 0.9727 0.1527 0.8393 0.4283
20 0.0000 14.1908 158.5010 0.0000 0.9900 0.1411 0.8612 0.4161
20 0.0000 11.8689 174.7887 0.0000 0.9897 0.1431 0.7086 0.4301
HQSkinClass101.jpg
20 -6.9546 12.4269 163.9468 -0.4183 0.8814 0.2195 0.8175 0.4831
20 -5.5305 10.5582 175.2835 -0.4507 0.8803 0.1483 0.7065 0.4804
20 -4.2693 13.0813 161.5052 -0.1049 0.9783 0.1785 0.8380 0.4567
HQSkinClass101.jpg
20 -5.5305 10.5582 175.2835 -0.4507 0.8803 0.1483 0.7065 0.4804
20 -6.9546 12.4269 163.9468 -0.4183 0.8814 0.2195 0.8175 0.4831
20 -8.6864 10.0796 164.2933 -0.7339 0.6442 0.2153 0.8110 0.5087
HQSkinClass101.jpg
20 -2.0739 2.3486 191.6255 0.0186 0.1761 0.9842 0.5260 0.5033
20 0.0000 2.1678 190.4485 0.0000 0.1323 0.9912 0.5112 0.4881
20 0.0000 7.3405 188.9174 0.0000 0.6857 0.7279 0.5551 0.4524
HQSkinClass101.jpg
20 -10.1594 2.2815 176.2935 -0.9987 0.0515 -0.0052 0.6776 0.5742
20 -9.7346 1.1698 169.3236 -0.9993 -0.0308 0.0225 0.7296 0.6147
20 -9.9325 -0.2120 171.0268 -0.9794 -0.2004 0.0253 0.7098 0.6175
HQSkinClass101.jpg
20 -9.4028 7.0542 175.6893 -0.8850 0.4528 0.1084 0.7009 0.5326
20 -10.8338 7.5874 165.2046 -0.8819 0.4149 0.2240 0.7918 0.5780
20 -10.3313 5.1343 167.0709 -0.9859 -0.0180 0.1665 0.7647 0.5894
HQSkinClass101.jpg
20 -10.3313 5.1343 167.0709 -0.9859 -0.0180 0.1665 0.7647 0.5894
20 -11.1848 2.6414 164.0240 -0.9702 0.0399 0.2391 0.7793 0.6246
20 -10.3836 3.1629 167.1875 -0.9837 -0.0536 0.1716 0.7549 0.6053
HQSkinClass101.jpg
20 -8.9409 -2.4658 169.2037 -0.8432 -0.5019 0.1927 0.7066 0.6451
20 -9.7337 -1.5794 168.3175 -0.9755 -0.2187 -0.0237 0.7202 0.6436
20 -8.8101 -4.9092 164.6254 -0.9598 -0.2804 0.0128 0.7162 0.6912
HQSkinClass101.jpg
20 -10.3836 3.1629 167.1875 -0.9837 -0.0536 0.1716 0.7549 0.6053
20 -10.3644 -0.9568 163.0027 -0.9761 -0.1570 0.1501 0.7753 0.6574
20 -9.7346 1.1698 169.3236 -0.9993 -0.0308 0.0225 0.7296 0.6147
HQSkinClass101.jpg
20 -8.8101 -4.9092 164.6254 -0.9598 -0.2804 0.0128 0.7162 0.6912
20 -9.7337 -1.5794 168.3175 -0.9755 -0.2187 -0.0237 0.7202 0.6436
20 -9.4742 -0.6930 167.6257 -0.9614 0.0746 -0.2650 0.7307 0.6423
HQSkinClass101.jpg
20 -10.8338 7.5874 165.2046 -0.8819 0.4149 0.2240 0.8007 0.5394
20 -8.6864 10.0796 164.2933 -0.7339 0.6442 0.2153 0.8110 0.5087
20 -12.1545 7.9424 161.1495 -0.6745 0.6834 0.2795 0.8395 0.5489
HQSkinClass101.jpg
20 -9.4028 7.0542 175.6893 -0.8850 0.4528 0.1084 0.7009 0.5326
20 -10.3313 5.1343 167.0709 -0.9859 -0.0180 0.1665 0.7647 0.5894
20 -10.3836 3.1629 167.1875 -0.9837 -0.0536 0.1716 0.7549 0.6053
HQSkinClass101.jpg
20 -10.3313 5.1343 167.0709 -0.9859 -0.0180 0.1665 0.7647 0.5894
20 -10.8338 7.5874 165.2046 -0.8819 0.4149 0.2240 0.7918 0.5780
20 -11.8239 3.9567 161.8115 -0.9625 0.0091 0.2711 0.8043 0.6244
HQSkinClass101.jpg
20 -6.9546 12.4269 163.9468 -0.4183 0.8814 0.2195 0.8175 0.4831
20 -4.2693 13.0813 161.5052 -0.1049 0.9783 0.1785 0.8380 0.4567
20 -7.6382 13.2910 159.3089 -0.0642 0.9793 0.1919 0.8628 0.4852
HQSkinClass101.jpg
20 -8.6864 10.0796 164.2933 -0.7339 0.6442 0.2153 0.8110 0.5087
20 -6.9546 12.4269 163.9468 -0.4183 0.8814 0.2195 0.8175 0.4831
20 -9.2241 11.2621 160.2272 -0.7543 0.5969 0.2733 0.8518 0.5082
HQSkinClass101.jpg
20 -4.2693 13.0813 161.5052 -0.1049 0.9783 0.1785 0.8380 0.4567
20 -1.3566 13.4930 161.1120 -0.1748 0.9727 0.1527 0.8393 0.4283
20 -3.7420 13.8041 158.7143 -0.1056 0.9673 0.2306 0.8646 0.4479
HQSkinClass101.jpg
20 -4.2693 13.0813 161.5052 -0.1049 0.9783 0.1785 0.8380 0.4567
20 -5.5305 10.5582 175.2835 -0.4507 0.8803 0.1483 0.7065 0.4804
20 0.0000 11.8689 174.7887 0.0000 0.9897 0.1431 0.7086 0.4301
HQSkinClass101.jpg
20 0.0000 11.8689 174.7887 0.0000 0.9897 0.1431 0.7086 0.4301
20 -1.3566 13.4930 161.1120 -0.1748 0.9727 0.1527 0.8393 0.4283
20 -4.2693 13.0813 161.5052 -0.1049 0.9783 0.1785 0.8380 0.4567
HQSkinClass101.jpg
20 -1.3566 13.4930 161.1120 -0.1748 0.9727 0.1527 0.8393 0.4283
20 0.0000 11.8689 174.7887 0.0000 0.9897 0.1431 0.7086 0.4301
20 0.0000 14.1908 158.5010 0.0000 0.9900 0.1411 0.8612 0.4161
HQSkinClass101.jpg
20 6.9283 -5.4696 188.9957 0.6703 -0.1667 0.7231 0.5739 0.2933
20 3.1571 -11.2677 188.6273 0.4262 -0.5841 0.6908 0.6327 0.3247
20 7.7442 -9.5619 186.3631 0.7644 -0.5254 0.3738 0.5875 0.3404
HQSkinClass101.jpg
20 -7.5428 -11.1372 185.8556 -0.7162 -0.6341 0.2916 0.9276 0.5478
20 -8.6730 -7.5902 187.0888 -0.8527 -0.1750 0.4923 0.9613 0.5661
20 -10.3826 -6.5767 181.9031 -0.9662 -0.2485 0.0681 0.9317 0.6126
HQSkinClass101.jpg
20 -0.7412 -14.4989 185.0330 -0.2595 -0.9114 0.3194 0.5590 0.1011
20 1.1430 -14.9278 183.7123 0.2616 -0.9244 0.2776 0.5685 0.1212
20 1.1829 -13.8895 186.0113 0.2689 -0.8560 0.4415 0.5805 0.1004
HQSkinClass101.jpg
20 -7.5470 -6.6185 174.1458 -0.7246 -0.4004 -0.5609 0.8519 0.6489
20 -7.9274 -5.2040 174.4758 -0.9134 -0.1581 -0.3751 0.8623 0.6602
20 -6.4063 -1.6560 170.1110 -0.7259 -0.3257 -0.6058 0.8411 0.7141
HQSkinClass101.jpg
20 5.3414 -12.0532 184.9201 0.6108 -0.7720 0.1756 0.6162 0.3607
20 1.1829 -13.8895 186.0113 0.2689 -0.8560 0.4415 0.6599 0.3537
20 1.1430 -14.9278 183.7123 0.2616 -0.9244 0.2776 0.6626 0.3782
HQSkinClass101.jpg
20 2.1605 -6.5284 191.0505 -0.0961 -0.2516 0.9630 0.6210 0.2761
20 -0.0000 -6.7217 189.1629 -0.0135 -0.2271 0.9738 0.6491 0.2742
20 1.5015 -11.8795 188.8977 0.1262 -0.5463 0.8280 0.6478 0.3240
HQSkinClass101.jpg
20 6.9283 -5.4696 188.9957 0.6703 -0.1667 0.7231 0.5739 0.2933
20 7.7442 -9.5619 186.3631 0.7644 -0.5254 0.3738 0.5875 0.3404
20 9.8144 -6.5928 183.3254 0.9562 -0.2552 0.1436 0.5487 0.3531
HQSkinClass101.jpg
20 5.3414 -12.0532 184.9201 0.6108 -0.7720 0.1756 0.6162 0.3607
20 2.2292 -14.6464 181.5658 0.6412 -0.7614 -0.0956 0.6476 0.3990
20 3.5087 -12.4859 179.6436 0.7308 -0.6766 -0.0900 0.6164 0.4143
HQSkinClass101.jpg
20 2.2292 -14.6464 181.5658 0.6412 -0.7614 -0.0956 0.6476 0.3990
20 5.3414 -12.0532 184.9201 0.6108 -0.7720 0.1756 0.6162 0.3607
20 1.1430 -14.9278 183.7123 0.2616 -0.9244 0.2776 0.6626 0.3782
HQSkinClass101.jpg
20 9.7215 -2.0906 172.9459 0.9681 -0.1238 -0.2179 0.4763 0.4247
20 9.2508 -4.6987 172.6858 0.7892 -0.5405 -0.2917 0.4988 0.4370
20 6.3316 -5.3303 166.6091 0.7248 -0.6282 -0.2829 0.4819 0.4990
HQSkinClass101.jpg
20 6.9283 -5.4696 188.9957 0.6703 -0.1667 0.7231 0.5739 0.2933
20 9.8144 -6.5928 183.3254 0.9562 -0.2552 0.1436 0.5487 0.3531
20 9.5083 -2.7550 184.4313 0.9584 -0.0257 0.2841 0.5226 0.3268
HQSkinClass101.jpg
20 -2.1605 -6.5284 191.0505 0.1668 -0.1867 0.9682 0.9967 0.4920
20 -0.6602 -11.3443 188.5359 0.1188 -0.7795 0.6151 0.9382 0.4751
20 -0.0000 -6.7217 189.1629 -0.0135 -0.2271 0.9738 0.9863 0.4634
HQSkinClass101.jpg
20 -1.8347 -12.1172 182.9886 0.2277 -0.4428 -0.8672 0.8707 0.5075
20 -3.4621 -13.0258 183.0252 0.1611 -0.8967 -0.4122 0.8818 0.5229
20 -3.2041 -11.6612 182.6707 0.5252 -0.3056 -0.7942 0.8670 0.5230
HQSkinClass101.jpg
20 -4.7436 -10.4838 189.9034 -0.2744 -0.5468 0.7910 0.9563 0.5121
20 -2.1605 -6.5284 191.0505 0.1668 -0.1867 0.9682 0.9967 0.4920
20 -6.9283 -5.4696 189.2165 -0.6461 -0.0401 0.7622 0.9956 0.5518
HQSkinClass101.jpg
20 -7.5428 -11.1372 185.8556 -0.7162 -0.6341 0.2916 0.9276 0.5478
20 -10.3826 -6.5767 181.9031 -0.9662 -0.2485 0.0681 0.9317 0.6126
20 -8.7592 -8.3480 179.0758 -0.8571 -0.4748 -0.1999 0.8933 0.6138
HQSkinClass101.jpg
20 -3.2041 -11.6612 182.6707 0.5252 -0.3056 -0.7942 0.8670 0.5230
20 -3.4621 -13.0258 183.0252 0.1611 -0.8967 -0.4122 0.8818 0.5229
20 -4.0813 -12.2078 181.4507 0.1029 -0.8630 -0.4946 0.8694 0.5412
HQSkinClass101.jpg
20 5.3414 -12.0532 184.9201 0.6108 -0.7720 0.1756 0.6162 0.3607
20 3.5087 -12.4859 179.6436 0.7308 -0.6766 -0.0900 0.6164 0.4143
20 7.3073 -10.0478 181.5668 0.7137 -0.6880 -0.1315 0.5820 0.3816
HQSkinClass101.jpg
20 7.3073 -10.0478 181.5668 0.7137 -0.6880 -0.1315 0.5820 0.3816
20 9.6972 -6.0004 177.4611 0.8822 -0.4383 -0.1720 0.5267 0.4008
20 9.8144 -6.5928 183.3254 0.9562 -0.2552 0.1436 0.5487 0.3531
HQSkinClass101.jpg
20 5.3414 -12.0532 184.9201 0.6108 -0.7720 0.1756 0.6162 0.3607
20 7.3073 -10.0478 181.5668 0.7137 -0.6880 -0.1315 0.5820 0.3816
20 9.8144 -6.5928 183.3254 0.9562 -0.2552 0.1436 0.5487 0.3531
HQSkinClass101.jpg
20 -0.0000 -6.7217 189.1629 -0.0135 -0.2271 0.9738 0.5999 0.0173
20 -2.4129 -11.6414 187.9318 -0.5194 -0.4420 0.7314 0.5608 0.0582
20 -0.7406 -12.7289 188.5269 -0.2462 -0.5929 0.7667 0.5761 0.0699
HQSkinClass101.jpg
20 1.5015 -11.8795 188.8977 0.1262 -0.5463 0.8280 0.5990 0.0707
20 -0.0000 -6.7217 189.1629 -0.0135 -0.2271 0.9738 0.5999 0.0173
20 -0.7406 -12.7289 188.5269 -0.2462 -0.5929 0.7667 0.5761 0.0699
HQSkinClass101.jpg
20 -9.1749 3.2748 177.5911 -0.8848 -0.4622 0.0590 0.5710 0.3564
20 -7.1555 -1.5525 170.0580 -0.9054 -0.4225 0.0418 0.5348 0.4231
20 -6.8906 -0.5585 179.2075 -0.8705 -0.4859 0.0780 0.6062 0.3841
HQSkinClass101.jpg
20 -7.1555 -1.5525 170.0580 -0.9054 -0.4225 0.0418 0.5348 0.4231
20 -9.1749 3.2748 177.5911 -0.8848 -0.4622 0.0590 0.5710 0.3564
20 -9.3403 3.3132 170.2826 -0.9260 -0.3774 -0.0113 0.5063 0.3911
HQSkinClass101.jpg
20 -0.8318 -12.8461 183.7753 0.1931 -0.9788 -0.0686 0.8800 0.4941
20 -3.4621 -13.0258 183.0252 0.1611 -0.8967 -0.4122 0.8818 0.5229
20 -1.8347 -12.1172 182.9886 0.2277 -0.4428 -0.8672 0.8707 0.5075
HQSkinClass101.jpg
20 -2.1605 -6.5284 191.0505 0.1668 -0.1867 0.9682 0.9967 0.4920
20 -4.7436 -10.4838 189.9034 -0.2744 -0.5468 0.7910 0.9563 0.5121
20 -0.6602 -11.3443 188.5359 0.1188 -0.7795 0.6151 0.9382 0.4751
HQSkinClass101.jpg
20 -6.4063 -1.6560 170.1110 -0.7259 -0.3257 -0.6058 0.8411 0.7141
20 -6.6136 -7.8341 174.5102 -0.4881 -0.6314 -0.6026 0.8433 0.6351
20 -7.5470 -6.6185 174.1458 -0.7246 -0.4004 -0.5609 0.8519 0.6489
HQSkinClass101.jpg
20 -10.6164 -0.9937 174.4705 -0.9887 0.0790 0.1272 0.9153 0.7041
20 -11.1258 1.1914 170.5096 -0.9309 -0.3136 -0.1875 0.9001 0.7480
20 -10.7330 -2.0179 173.9271 -0.9460 -0.2777 -0.1670 0.9041 0.7002
HQSkinClass101.jpg
20 4.4684 -11.8842 177.1162 0.6516 -0.6503 -0.3904 0.5783 0.1954
20 5.6360 -9.2223 176.1740 0.7132 -0.4902 -0.5010 0.5963 0.2185
20 4.7492 -11.3051 177.6263 0.8754 -0.4794 0.0624 0.5861 0.1944
HQSkinClass101.jpg
20 3.7532 -11.6902 176.6996 0.2812 -0.6179 -0.7342 0.5714 0.1996
20 5.6360 -9.2223 176.1740 0.7132 -0.4902 -0.5010 0.5963 0.2185
20 4.4684 -11.8842 177.1162 0.6516 -0.6503 -0.3904 0.5783 0.1954
HQSkinClass101.jpg
20 3.1571 -11.2677 188.6273 0.4262 -0.5841 0.6908 0.6327 0.3247
20 1.5015 -11.8795 188.8977 0.1262 -0.5463 0.8280 0.6478 0.3240
20 1.1829 -13.8895 186.0113 0.2689 -0.8560 0.4415 0.6599 0.3537
HQSkinClass101.jpg
20 1.1829 -13.8895 186.0113 0.2689 -0.8560 0.4415 0.6599 0.3537
20 5.3414 -12.0532 184.9201 0.6108 -0.7720 0.1756 0.6162 0.3607
20 3.1571 -11.2677 188.6273 0.4262 -0.5841 0.6908 0.6327 0.3247
HQSkinClass101.jpg
20 3.1571 -11.2677 188.6273 0.4262 -0.5841 0.6908 0.6327 0.3247
20 5.3414 -12.0532 184.9201 0.6108 -0.7720 0.1756 0.6162 0.3607
20 7.7442 -9.5619 186.3631 0.7644 -0.5254 0.3738 0.5875 0.3404
HQSkinClass101.jpg
20 7.7442 -9.5619 186.3631 0.7644 -0.5254 0.3738 0.5875 0.3404
20 5.3414 -12.0532 184.9201 0.6108 -0.7720 0.1756 0.6162 0.3607
20 9.8144 -6.5928 183.3254 0.9562 -0.2552 0.1436 0.5487 0.3531
HQSkinClass101.jpg
20 -11.1258 1.1914 170.5096 -0.9309 -0.3136 -0.1875 0.9001 0.7480
20 -9.5646 -3.0684 173.1094 -0.7529 -0.5390 -0.3777 0.8862 0.6966
20 -10.7330 -2.0179 173.9271 -0.9460 -0.2777 -0.1670 0.9041 0.7002
HQSkinClass101.jpg
20 -4.7436 -10.4838 189.9034 -0.2744 -0.5468 0.7910 0.9563 0.5121
20 -6.9283 -5.4696 189.2165 -0.6461 -0.0401 0.7622 0.9956 0.5518
20 -8.6730 -7.5902 187.0888 -0.8527 -0.1750 0.4923 0.9613 0.5661
HQSkinClass101.jpg
20 -7.5428 -11.1372 185.8556 -0.7162 -0.6341 0.2916 0.9276 0.5478
20 -4.7436 -10.4838 189.9034 -0.2744 -0.5468 0.7910 0.9563 0.5121
20 -8.6730 -7.5902 187.0888 -0.8527 -0.1750 0.4923 0.9613 0.5661
HQSkinClass101.jpg
20 9.2508 -4.6987 172.6858 0.7892 -0.5405 -0.2917 0.4988 0.4370
20 7.1087 -5.2879 171.6503 0.3687 -0.9171 -0.1516 0.5089 0.4579
20 6.3316 -5.3303 166.6091 0.7248 -0.6282 -0.2829 0.4819 0.4990
HQSkinClass101.jpg
20 5.5305 10.5582 175.2835 0.4550 0.8787 0.1443 0.7065 0.4804
20 9.4028 7.0542 175.6893 0.8837 0.4568 0.1021 0.7009 0.5326
20 10.8338 7.5874 165.2046 0.8749 0.4234 0.2350 0.8007 0.5394
HQSkinClass101.jpg
20 8.2496 -4.1692 180.0826 0.9618 -0.2523 -0.1066 0.6062 0.3841
20 7.7413 -2.7474 172.1330 0.9546 -0.2742 -0.1168 0.5348 0.4231
20 9.2514 0.1000 179.0160 0.9601 -0.2598 -0.1032 0.5710 0.3564
HQSkinClass101.jpg
20 8.9100 1.3871 171.8208 0.9553 -0.2686 -0.1234 0.5063 0.3911
20 9.2514 0.1000 179.0160 0.9601 -0.2598 -0.1032 0.5710 0.3564
20 7.7413 -2.7474 172.1330 0.9546 -0.2742 -0.1168 0.5348 0.4231
HQSkinClass101.jpg
20 9.6404 -1.5643 168.4155 -0.9755 0.2187 0.0237 0.7202 0.6436
20 9.8373 -0.2100 171.0988 -0.9794 0.2004 -0.0253 0.7098 0.6175
20 9.6413 1.1586 169.4119 -0.9993 0.0308 -0.0225 0.7296 0.6147
HQSkinClass101.jpg
20 9.6413 1.1586 169.4119 -0.9993 0.0308 -0.0225 0.7296 0.6147
20 9.3834 -0.6864 167.7303 -0.9614 -0.0746 0.2650 0.7307 0.6423
20 9.6404 -1.5643 168.4155 -0.9755 0.2187 0.0237 0.7202 0.6436
HQSkinClass101.jpg
20 9.6413 1.1586 169.4119 -0.9993 0.0308 -0.0225 0.7296 0.6147
20 10.0620 2.2596 176.3150 -0.9961 0.0034 0.0878 0.6776 0.5742
20 9.3127 6.9866 175.7166 -0.9101 -0.4073 -0.0764 0.7009 0.5326
HQSkinClass101.jpg
20 9.3127 6.9866 175.7166 -0.9101 -0.4073 -0.0764 0.7009 0.5326
20 10.2841 3.1326 167.2963 -0.9837 0.0536 -0.1716 0.7549 0.6053
20 9.6413 1.1586 169.4119 -0.9993 0.0308 -0.0225 0.7296 0.6147
HQSkinClass101.jpg
20 8.8552 -2.4422 169.2932 -0.8432 0.5019 -0.1927 0.7066 0.6451
20 8.9798 -1.7540 172.1894 -0.9334 0.3553 -0.0503 0.6931 0.6250
20 9.8373 -0.2100 171.0988 -0.9794 0.2004 -0.0253 0.7098 0.6175
HQSkinClass101.jpg
20 9.8373 -0.2100 171.0988 -0.9794 0.2004 -0.0253 0.7098 0.6175
20 9.6404 -1.5643 168.4155 -0.9755 0.2187 0.0237 0.7202 0.6436
20 8.8552 -2.4422 169.2932 -0.8432 0.5019 -0.1927 0.7066 0.6451
HQSkinClass101.jpg
20 8.9798 -1.7540 172.1894 -0.9334 0.3553 -0.0503 0.6931 0.6250
20 9.9582 -1.6581 178.0165 -0.9905 0.0852 0.1080 0.6477 0.6023
20 10.0620 2.2596 176.3150 -0.9961 0.0034 0.0878 0.6776 0.5742
HQSkinClass101.jpg
20 10.0620 2.2596 176.3150 -0.9961 0.0034 0.0878 0.6776 0.5742
20 9.8373 -0.2100 171.0988 -0.9794 0.2004 -0.0253 0.7098 0.6175
20 8.9798 -1.7540 172.1894 -0.9334 0.3553 -0.0503 0.6931 0.6250
HQSkinClass101.jpg
20 -9.6404 -1.5643 168.4155 0.9755 0.2187 0.0237 0.7202 0.6436
20 -9.3834 -0.6864 167.7303 0.9614 -0.0746 0.2650 0.7307 0.6423
20 -9.6413 1.1586 169.4119 0.9993 0.0308 -0.0225 0.7296 0.6147
HQSkinClass101.jpg
20 -9.6413 1.1586 169.4119 0.9993 0.0308 -0.0225 0.7296 0.6147
20 -9.8373 -0.2100 171.0988 0.9794 0.2004 -0.0253 0.7098 0.6175
20 -9.6404 -1.5643 168.4155 0.9755 0.2187 0.0237 0.7202 0.6436
HQSkinClass101.jpg
20 -9.6413 1.1586 169.4119 0.9993 0.0308 -0.0225 0.7296 0.6147
20 -10.2841 3.1326 167.2963 0.9837 0.0536 -0.1716 0.7549 0.6053
20 -9.3127 6.9866 175.7166 0.9125 -0.3995 -0.0886 0.7009 0.5326
HQSkinClass101.jpg
20 -9.3127 6.9866 175.7166 0.9125 -0.3995 -0.0886 0.7009 0.5326
20 -10.0620 2.2596 176.3150 0.9961 0.0034 0.0878 0.6776 0.5742
20 -9.6413 1.1586 169.4119 0.9993 0.0308 -0.0225 0.7296 0.6147
HQSkinClass101.jpg
20 -8.8552 -2.4422 169.2932 0.8431 0.5020 -0.1927 0.7066 0.6451
20 -9.6404 -1.5643 168.4155 0.9755 0.2187 0.0237 0.7202 0.6436
20 -9.8373 -0.2100 171.0988 0.9794 0.2004 -0.0253 0.7098 0.6175
HQSkinClass101.jpg
20 -9.8373 -0.2100 171.0988 0.9794 0.2004 -0.0253 0.7098 0.6175
20 -8.9798 -1.7540 172.1894 0.9334 0.3553 -0.0503 0.6931 0.6250
20 -8.8552 -2.4422 169.2932 0.8431 0.5020 -0.1927 0.7066 0.6451
HQSkinClass101.jpg
20 -8.9798 -1.7540 172.1894 0.9334 0.3553 -0.0503 0.6931 0.6250
20 -9.8373 -0.2100 171.0988 0.9794 0.2004 -0.0253 0.7098 0.6175
20 -10.0620 2.2596 176.3150 0.9961 0.0034 0.0878 0.6776 0.5742
HQSkinClass101.jpg
20 -10.0620 2.2596 176.3150 0.9961 0.0034 0.0878 0.6776 0.5742
20 -9.9582 -1.6581 178.0165 0.9971 -0.0660 -0.0391 0.6477 0.6023
20 -8.9798 -1.7540 172.1894 0.9334 0.3553 -0.0503 0.6931 0.6250
HQSkinClass101.jpg
20 -9.3127 6.9866 175.7166 0.9125 -0.3995 -0.0886 0.7009 0.5326
20 -10.7300 7.5147 165.3324 0.8819 -0.4149 -0.2240 0.8007 0.5394
20 -8.6032 9.9830 164.4298 0.7339 -0.6442 -0.2153 0.8110 0.5087
HQSkinClass101.jpg
20 -8.6032 9.9830 164.4298 0.7339 -0.6442 -0.2153 0.8110 0.5087
20 -5.4775 10.4570 175.3147 0.4593 -0.8725 -0.1668 0.7065 0.4804
20 -9.3127 6.9866 175.7166 0.9125 -0.3995 -0.0886 0.7009 0.5326
HQSkinClass101.jpg
20 -7.4747 -6.5551 174.1879 0.7246 0.4004 0.5609 0.8519 0.6489
20 -7.8514 -5.1541 174.5147 0.9134 0.1581 0.3751 0.8623 0.6602
20 -8.6753 -8.2680 179.0707 0.8494 0.3949 0.3501 0.8933 0.6138
HQSkinClass101.jpg
20 -8.6753 -8.2680 179.0707 0.8494 0.3949 0.3501 0.8933 0.6138
20 -7.6083 -10.1588 178.3896 0.5712 0.6500 0.5012 0.8743 0.5975
20 -7.4747 -6.5551 174.1879 0.7246 0.4004 0.5609 0.8519 0.6489
HQSkinClass101.jpg
20 4.4256 -11.7703 177.1298 -0.6516 0.6503 0.3904 0.5783 0.1954
20 2.5490 -13.7183 178.7053 -0.4822 0.8299 0.2807 0.5617 0.1704
20 3.4751 -12.3663 179.6330 -0.7638 0.6452 -0.0190 0.5800 0.1704
HQSkinClass101.jpg
20 3.4751 -12.3663 179.6330 -0.7638 0.6452 -0.0190 0.5800 0.1704
20 4.7037 -11.1968 177.6350 -0.8754 0.4794 -0.0624 0.5861 0.1944
20 4.4256 -11.7703 177.1298 -0.6516 0.6503 0.3904 0.5783 0.1954
HQSkinClass101.jpg
20 -10.5735 -4.4715 177.6271 0.9116 0.3468 0.2206 0.9147 0.6562
20 -10.6302 -1.9986 173.9713 0.9460 0.2777 0.1670 0.9041 0.7002
20 -10.5147 -0.9842 174.5095 0.9887 -0.0790 -0.1272 0.9153 0.7041
HQSkinClass101.jpg
20 -10.5147 -0.9842 174.5095 0.9887 -0.0790 -0.1272 0.9153 0.7041
20 -9.9582 -1.6581 178.0165 0.9971 -0.0660 -0.0391 0.9386 0.6745
20 -10.5735 -4.4715 177.6271 0.9116 0.3468 0.2206 0.9147 0.6562
HQSkinClass101.jpg
20 9.6043 -5.9429 177.4714 -0.8114 0.5216 0.2637 0.5267 0.4008
20 9.9582 -1.6581 178.0165 -0.9905 0.0852 0.1080 0.4900 0.3798
20 9.6283 -2.0706 172.9995 -0.9681 0.1238 0.2179 0.4763 0.4247
HQSkinClass101.jpg
20 9.6283 -2.0706 172.9995 -0.9681 0.1238 0.2179 0.4763 0.4247
20 9.1622 -4.6537 172.7419 -0.7892 0.5405 0.2917 0.4988 0.4370
20 9.6043 -5.9429 177.4714 -0.8114 0.5216 0.2637 0.5267 0.4008
HQSkinClass101.jpg
20 3.7172 -11.5782 176.7172 -0.2812 0.6179 0.7342 0.5714 0.1996
20 1.7953 -13.2751 177.7807 -0.1745 0.8249 0.5377 0.5522 0.1785
20 2.5490 -13.7183 178.7053 -0.4822 0.8299 0.2807 0.5617 0.1704
HQSkinClass101.jpg
20 2.5490 -13.7183 178.7053 -0.4822 0.8299 0.2807 0.5617 0.1704
20 4.4256 -11.7703 177.1298 -0.6516 0.6503 0.3904 0.5783 0.1954
20 3.7172 -11.5782 176.7172 -0.2812 0.6179 0.7342 0.5714 0.1996
HQSkinClass101.jpg
20 -9.2508 3.2815 170.3617 0.9260 0.3774 0.0113 0.5063 0.3911
20 -7.0869 -1.5376 170.1393 0.9054 0.4225 -0.0418 0.5348 0.4231
20 -6.3182 -3.9639 163.2452 0.9420 0.3319 0.0503 0.4827 0.4930
HQSkinClass101.jpg
20 -6.3182 -3.9639 163.2452 0.9420 0.3319 0.0503 0.4827 0.4930
20 -8.0780 1.7776 166.3649 0.9603 0.1775 0.2150 0.4795 0.4246
20 -9.2508 3.2815 170.3617 0.9260 0.3774 0.0113 0.5063 0.3911
HQSkinClass101.jpg
20 2.5490 -13.7183 178.7053 -0.4822 0.8299 0.2807 0.5617 0.1704
20 1.7953 -13.2751 177.7807 -0.1745 0.8249 0.5377 0.5522 0.1785
20 -0.9031 -14.4327 180.0840 0.0670 0.8074 0.5862 0.5330 0.1434
HQSkinClass101.jpg
20 -0.9031 -14.4327 180.0840 0.0670 0.8074 0.5862 0.5330 0.1434
20 0.9388 -15.4526 181.0691 -0.2925 0.8222 0.4883 0.5541 0.1411
20 2.5490 -13.7183 178.7053 -0.4822 0.8299 0.2807 0.5617 0.1704
HQSkinClass101.jpg
20 3.4751 -12.3663 179.6330 -0.7638 0.6452 -0.0190 0.5800 0.1704
20 2.5490 -13.7183 178.7053 -0.4822 0.8299 0.2807 0.5617 0.1704
20 0.9388 -15.4526 181.0691 -0.2925 0.8222 0.4883 0.5541 0.1411
HQSkinClass101.jpg
20 0.9388 -15.4526 181.0691 -0.2925 0.8222 0.4883 0.5541 0.1411
20 2.2078 -14.5061 181.5368 -0.6396 0.6865 0.3459 0.5681 0.1428
20 3.4751 -12.3663 179.6330 -0.7638 0.6452 -0.0190 0.5800 0.1704
HQSkinClass101.jpg
20 -7.6083 -10.1588 178.3896 0.5712 0.6500 0.5012 0.8743 0.5975
20 -5.5209 -10.3872 178.0882 0.1693 0.8142 0.5554 0.8557 0.5874
20 -6.5502 -7.7590 174.5488 0.4881 0.6314 0.6026 0.8433 0.6351
HQSkinClass101.jpg
20 -6.5502 -7.7590 174.5488 0.4881 0.6314 0.6026 0.8433 0.6351
20 -7.4747 -6.5551 174.1879 0.7246 0.4004 0.5609 0.8519 0.6489
20 -7.6083 -10.1588 178.3896 0.5712 0.6500 0.5012 0.8743 0.5975
HQSkinClass101.jpg
20 -10.5735 -4.4715 177.6271 0.9116 0.3468 0.2206 0.9147 0.6562
20 -8.6777 -6.0022 175.9481 0.7597 0.5343 0.3707 0.8843 0.6538
20 -9.4729 -3.0390 173.1614 0.7529 0.5390 0.3777 0.8862 0.6966
HQSkinClass101.jpg
20 -9.4729 -3.0390 173.1614 0.7529 0.5390 0.3777 0.8862 0.6966
20 -10.6302 -1.9986 173.9713 0.9460 0.2777 0.1670 0.9041 0.7002
20 -10.5735 -4.4715 177.6271 0.9116 0.3468 0.2206 0.9147 0.6562
HQSkinClass101.jpg
20 7.0406 -5.2372 171.7163 -0.3687 0.9171 0.1516 0.5089 0.4579
20 6.2302 -7.9938 176.1012 -0.5884 0.7120 0.3832 0.5539 0.4305
20 9.6043 -5.9429 177.4714 -0.8114 0.5216 0.2637 0.5267 0.4008
HQSkinClass101.jpg
20 9.6043 -5.9429 177.4714 -0.8114 0.5216 0.2637 0.5267 0.4008
20 9.1622 -4.6537 172.7419 -0.7892 0.5405 0.2917 0.4988 0.4370
20 7.0406 -5.2372 171.7163 -0.3687 0.9171 0.1516 0.5089 0.4579
HQSkinClass101.jpg
20 8.8246 1.3738 171.8852 -0.9553 0.2686 0.1234 0.5063 0.3911
20 7.8439 0.5447 167.7631 -0.9585 0.2173 0.1844 0.4795 0.4246
20 5.9189 -4.6482 163.8743 -0.9546 0.2546 0.1548 0.4827 0.4930
HQSkinClass101.jpg
20 5.9189 -4.6482 163.8743 -0.9546 0.2546 0.1548 0.4827 0.4930
20 7.6671 -2.7211 172.1944 -0.9546 0.2742 0.1168 0.5348 0.4231
20 8.8246 1.3738 171.8852 -0.9553 0.2686 0.1234 0.5063 0.3911
HQSkinClass101.jpg
20 6.8880 12.3078 164.0866 -0.4183 -0.8814 -0.2195 0.8175 0.4831
20 5.4775 10.4570 175.3147 -0.4677 -0.8694 -0.1591 0.7065 0.4804
20 4.2284 12.9560 161.6684 -0.1049 -0.9783 -0.1785 0.8380 0.4567
HQSkinClass101.jpg
20 5.4775 10.4570 175.3147 -0.4677 -0.8694 -0.1591 0.7065 0.4804
20 6.8880 12.3078 164.0866 -0.4183 -0.8814 -0.2195 0.8175 0.4831
20 8.6032 9.9830 164.4298 -0.7355 -0.6390 -0.2252 0.8110 0.5087
HQSkinClass101.jpg
20 10.0620 2.2596 176.3150 -0.9961 0.0034 0.0878 0.6776 0.5742
20 9.6413 1.1586 169.4119 -0.9993 0.0308 -0.0225 0.7296 0.6147
20 9.8373 -0.2100 171.0988 -0.9794 0.2004 -0.0253 0.7098 0.6175
HQSkinClass101.jpg
20 9.3127 6.9866 175.7166 -0.9101 -0.4073 -0.0764 0.7009 0.5326
20 10.7300 7.5147 165.3324 -0.8749 -0.4234 -0.2350 0.7918 0.5780
20 10.2323 5.0851 167.1808 -0.9859 0.0180 -0.1665 0.7647 0.5894
HQSkinClass101.jpg
20 10.2323 5.0851 167.1808 -0.9859 0.0180 -0.1665 0.7647 0.5894
20 11.0776 2.6161 164.1631 -0.9702 -0.0399 -0.2391 0.7793 0.6246
20 10.2841 3.1326 167.2963 -0.9837 0.0536 -0.1716 0.7549 0.6053
HQSkinClass101.jpg
20 8.8552 -2.4422 169.2932 -0.8432 0.5019 -0.1927 0.7066 0.6451
20 9.6404 -1.5643 168.4155 -0.9755 0.2187 0.0237 0.7202 0.6436
20 8.7257 -4.8622 164.7587 -0.9598 0.2804 -0.0128 0.7162 0.6912
HQSkinClass101.jpg
20 10.2841 3.1326 167.2963 -0.9837 0.0536 -0.1716 0.7549 0.6053
20 10.2651 -0.9476 163.1516 -0.9761 0.1570 -0.1501 0.7753 0.6574
20 9.6413 1.1586 169.4119 -0.9993 0.0308 -0.0225 0.7296 0.6147
HQSkinClass101.jpg
20 8.7257 -4.8622 164.7587 -0.9598 0.2804 -0.0128 0.7162 0.6912
20 9.6404 -1.5643 168.4155 -0.9755 0.2187 0.0237 0.7202 0.6436
20 9.3834 -0.6864 167.7303 -0.9614 -0.0746 0.2650 0.7307 0.6423
HQSkinClass101.jpg
20 10.7300 7.5147 165.3324 -0.8749 -0.4234 -0.2350 0.8007 0.5394
20 8.6032 9.9830 164.4298 -0.7355 -0.6390 -0.2252 0.8110 0.5087
20 12.0380 7.8663 161.3161 -0.6745 -0.6834 -0.2795 0.8395 0.5489
HQSkinClass101.jpg
20 9.3127 6.9866 175.7166 -0.9101 -0.4073 -0.0764 0.7009 0.5326
20 10.2323 5.0851 167.1808 -0.9859 0.0180 -0.1665 0.7647 0.5894
20 10.2841 3.1326 167.2963 -0.9837 0.0536 -0.1716 0.7549 0.6053
HQSkinClass101.jpg
20 10.2323 5.0851 167.1808 -0.9859 0.0180 -0.1665 0.7647 0.5894
20 10.7300 7.5147 165.3324 -0.8749 -0.4234 -0.2350 0.7918 0.5780
20 11.7106 3.9188 161.9718 -0.9625 -0.0091 -0.2711 0.8043 0.6244
HQSkinClass101.jpg
20 6.8880 12.3078 164.0866 -0.4183 -0.8814 -0.2195 0.8175 0.4831
20 4.2284 12.9560 161.6684 -0.1049 -0.9783 -0.1785 0.8380 0.4567
20 7.5650 13.1636 159.4932 -0.0642 -0.9793 -0.1919 0.8628 0.4852
HQSkinClass101.jpg
20 8.6032 9.9830 164.4298 -0.7355 -0.6390 -0.2252 0.8110 0.5087
20 6.8880 12.3078 164.0866 -0.4183 -0.8814 -0.2195 0.8175 0.4831
20 9.1357 11.1542 160.4027 -0.7543 -0.5969 -0.2733 0.8518 0.5082
HQSkinClass101.jpg
20 5.4775 10.4570 175.3147 -0.4677 -0.8694 -0.1591 0.7065 0.4804
20 8.6032 9.9830 164.4298 -0.7355 -0.6390 -0.2252 0.8110 0.5087
20 10.7300 7.5147 165.3324 -0.8749 -0.4234 -0.2350 0.8007 0.5394
HQSkinClass101.jpg
20 4.2284 12.9560 161.6684 -0.1049 -0.9783 -0.1785 0.8380 0.4567
20 1.3436 13.3637 161.2790 -0.1748 -0.9727 -0.1527 0.8393 0.4283
20 3.7061 13.6718 158.9043 -0.1056 -0.9673 -0.2306 0.8646 0.4479
HQSkinClass101.jpg
20 4.2284 12.9560 161.6684 -0.1049 -0.9783 -0.1785 0.8380 0.4567
20 0.0000 11.7552 174.8246 -0.0000 -0.9878 -0.1556 0.7086 0.4301
20 1.3436 13.3637 161.2790 -0.1748 -0.9727 -0.1527 0.8393 0.4283
HQSkinClass101.jpg
20 0.0000 11.7552 174.8246 -0.0000 -0.9878 -0.1556 0.7086 0.4301
20 4.2284 12.9560 161.6684 -0.1049 -0.9783 -0.1785 0.8380 0.4567
20 5.4775 10.4570 175.3147 -0.4677 -0.8694 -0.1591 0.7065 0.4804
HQSkinClass101.jpg
20 1.3436 13.3637 161.2790 -0.1748 -0.9727 -0.1527 0.8393 0.4283
20 0.0000 11.7552 174.8246 -0.0000 -0.9878 -0.1556 0.7086 0.4301
20 0.0000 14.0548 158.6930 -0.0000 -0.9900 -0.1411 0.8612 0.4161
HQSkinClass101.jpg
20 -6.8880 12.3078 164.0866 0.4183 -0.8814 -0.2195 0.8175 0.4831
20 -4.2284 12.9560 161.6684 0.1049 -0.9783 -0.1785 0.8380 0.4567
20 -5.4775 10.4570 175.3147 0.4593 -0.8725 -0.1668 0.7065 0.4804
HQSkinClass101.jpg
20 -5.4775 10.4570 175.3147 0.4593 -0.8725 -0.1668 0.7065 0.4804
20 -8.6032 9.9830 164.4298 0.7339 -0.6442 -0.2153 0.8110 0.5087
20 -6.8880 12.3078 164.0866 0.4183 -0.8814 -0.2195 0.8175 0.4831
HQSkinClass101.jpg
20 -10.0620 2.2596 176.3150 0.9961 0.0034 0.0878 0.6776 0.5742
20 -9.8373 -0.2100 171.0988 0.9794 0.2004 -0.0253 0.7098 0.6175
20 -9.6413 1.1586 169.4119 0.9993 0.0308 -0.0225 0.7296 0.6147
HQSkinClass101.jpg
20 -9.3127 6.9866 175.7166 0.9125 -0.3995 -0.0886 0.7009 0.5326
20 -10.2323 5.0851 167.1808 0.9859 0.0180 -0.1665 0.7647 0.5894
20 -10.7300 7.5147 165.3324 0.8819 -0.4149 -0.2240 0.7918 0.5780
HQSkinClass101.jpg
20 -10.2323 5.0851 167.1808 0.9859 0.0180 -0.1665 0.7647 0.5894
20 -10.2841 3.1326 167.2963 0.9837 0.0536 -0.1716 0.7549 0.6053
20 -11.0776 2.6161 164.1631 0.9702 -0.0399 -0.2391 0.7793 0.6246
HQSkinClass101.jpg
20 -8.8552 -2.4422 169.2932 0.8431 0.5020 -0.1927 0.7066 0.6451
20 -8.7257 -4.8622 164.7587 0.9598 0.2804 -0.0128 0.7162 0.6912
20 -9.6404 -1.5643 168.4155 0.9755 0.2187 0.0237 0.7202 0.6436
HQSkinClass101.jpg
20 -10.2841 3.1326 167.2963 0.9837 0.0536 -0.1716 0.7549 0.6053
20 -9.6413 1.1586 169.4119 0.9993 0.0308 -0.0225 0.7296 0.6147
20 -10.2651 -0.9476 163.1516 0.9761 0.1570 -0.1501 0.7753 0.6574
HQSkinClass101.jpg
20 -8.7257 -4.8622 164.7587 0.9598 0.2804 -0.0128 0.7162 0.6912
20 -9.3834 -0.6864 167.7303 0.9614 -0.0746 0.2650 0.7307 0.6423
20 -9.6404 -1.5643 168.4155 0.9755 0.2187 0.0237 0.7202 0.6436
HQSkinClass101.jpg
20 -10.7300 7.5147 165.3324 0.8819 -0.4149 -0.2240 0.8007 0.5394
20 -12.0380 7.8663 161.3161 0.6745 -0.6834 -0.2795 0.8395 0.5489
20 -8.6032 9.9830 164.4298 0.7339 -0.6442 -0.2153 0.8110 0.5087
HQSkinClass101.jpg
20 -9.3127 6.9866 175.7166 0.9125 -0.3995 -0.0886 0.7009 0.5326
20 -10.2841 3.1326 167.2963 0.9837 0.0536 -0.1716 0.7549 0.6053
20 -10.2323 5.0851 167.1808 0.9859 0.0180 -0.1665 0.7647 0.5894
HQSkinClass101.jpg
20 -10.2323 5.0851 167.1808 0.9859 0.0180 -0.1665 0.7647 0.5894
20 -11.7106 3.9188 161.9718 0.9625 -0.0091 -0.2711 0.8043 0.6244
20 -10.7300 7.5147 165.3324 0.8819 -0.4149 -0.2240 0.7918 0.5780
HQSkinClass101.jpg
20 -6.8880 12.3078 164.0866 0.4183 -0.8814 -0.2195 0.8175 0.4831
20 -7.5650 13.1636 159.4932 0.0642 -0.9793 -0.1919 0.8628 0.4852
20 -4.2284 12.9560 161.6684 0.1049 -0.9783 -0.1785 0.8380 0.4567
HQSkinClass101.jpg
20 -8.6032 9.9830 164.4298 0.7339 -0.6442 -0.2153 0.8110 0.5087
20 -9.1357 11.1542 160.4027 0.7543 -0.5969 -0.2733 0.8518 0.5082
20 -6.8880 12.3078 164.0866 0.4183 -0.8814 -0.2195 0.8175 0.4831
HQSkinClass101.jpg
20 -4.2284 12.9560 161.6684 0.1049 -0.9783 -0.1785 0.8380 0.4567
20 -3.7061 13.6718 158.9043 0.1056 -0.9673 -0.2306 0.8646 0.4479
20 -1.3436 13.3637 161.2790 0.1748 -0.9727 -0.1527 0.8393 0.4283
HQSkinClass101.jpg
20 -4.2284 12.9560 161.6684 0.1049 -0.9783 -0.1785 0.8380 0.4567
20 0.0000 11.7552 174.8246 -0.0000 -0.9878 -0.1556 0.7086 0.4301
20 -5.4775 10.4570 175.3147 0.4593 -0.8725 -0.1668 0.7065 0.4804
HQSkinClass101.jpg
20 0.0000 11.7552 174.8246 -0.0000 -0.9878 -0.1556 0.7086 0.4301
20 -4.2284 12.9560 161.6684 0.1049 -0.9783 -0.1785 0.8380 0.4567
20 -1.3436 13.3637 161.2790 0.1748 -0.9727 -0.1527 0.8393 0.4283
HQSkinClass101.jpg
20 -1.3436 13.3637 161.2790 0.1748 -0.9727 -0.1527 0.8393 0.4283
20 0.0000 14.0548 158.6930 -0.0000 -0.9900 -0.1411 0.8612 0.4161
20 0.0000 11.7552 174.8246 -0.0000 -0.9878 -0.1556 0.7086 0.4301
HQSkinClass101.jpg
20 -7.4747 -6.5551 174.1879 0.7246 0.4004 0.5609 0.8519 0.6489
20 -6.3449 -1.6401 170.1918 0.7259 0.3257 0.6058 0.8411 0.7141
20 -7.8514 -5.1541 174.5147 0.9134 0.1581 0.3751 0.8623 0.6602
HQSkinClass101.jpg
20 9.6283 -2.0706 172.9995 -0.9681 0.1238 0.2179 0.4763 0.4247
20 6.2709 -5.2792 166.7234 -0.7248 0.6282 0.2829 0.4819 0.4990
20 9.1622 -4.6537 172.7419 -0.7892 0.5405 0.2917 0.4988 0.4370
HQSkinClass101.jpg
20 -9.0870 3.2434 177.6002 0.8848 0.4622 -0.0590 0.5710 0.3564
20 -6.8246 -0.5531 179.2011 0.8705 0.4859 -0.0780 0.6062 0.3841
20 -7.0869 -1.5376 170.1393 0.9054 0.4225 -0.0418 0.5348 0.4231
HQSkinClass101.jpg
20 -7.0869 -1.5376 170.1393 0.9054 0.4225 -0.0418 0.5348 0.4231
20 -9.2508 3.2815 170.3617 0.9260 0.3774 0.0113 0.5063 0.3911
20 -9.0870 3.2434 177.6002 0.8848 0.4622 -0.0590 0.5710 0.3564
HQSkinClass101.jpg
20 -6.3449 -1.6401 170.1918 0.7259 0.3257 0.6058 0.8411 0.7141
20 -7.4747 -6.5551 174.1879 0.7246 0.4004 0.5609 0.8519 0.6489
20 -6.5502 -7.7590 174.5488 0.4881 0.6314 0.6026 0.8433 0.6351
HQSkinClass101.jpg
20 -10.5147 -0.9842 174.5095 0.9887 -0.0790 -0.1272 0.9153 0.7041
20 -10.6302 -1.9986 173.9713 0.9460 0.2777 0.1670 0.9041 0.7002
20 -11.0192 1.1800 170.5865 0.9309 0.3136 0.1875 0.9001 0.7480
HQSkinClass101.jpg
20 4.4256 -11.7703 177.1298 -0.6516 0.6503 0.3904 0.5783 0.1954
20 4.7037 -11.1968 177.6350 -0.8754 0.4794 -0.0624 0.5861 0.1944
20 5.5820 -9.1339 176.1967 -0.7132 0.4902 0.5010 0.5963 0.2185
HQSkinClass101.jpg
20 3.7172 -11.5782 176.7172 -0.2812 0.6179 0.7342 0.5714 0.1996
20 4.4256 -11.7703 177.1298 -0.6516 0.6503 0.3904 0.5783 0.1954
20 5.5820 -9.1339 176.1967 -0.7132 0.4902 0.5010 0.5963 0.2185
HQSkinClass101.jpg
20 -11.0192 1.1800 170.5865 0.9309 0.3136 0.1875 0.9001 0.7480
20 -10.6302 -1.9986 173.9713 0.9460 0.2777 0.1670 0.9041 0.7002
20 -9.4729 -3.0390 173.1614 0.7529 0.5390 0.3777 0.8862 0.6966
HQSkinClass101.jpg
20 9.1622 -4.6537 172.7419 -0.7892 0.5405 0.2917 0.4988 0.4370
20 6.2709 -5.2792 166.7234 -0.7248 0.6282 0.2829 0.4819 0.4990
20 7.0406 -5.2372 171.7163 -0.3687 0.9171 0.1516 0.5089 0.4579
HQSkinClass101.jpg
20 5.4775 10.4570 175.3147 -0.4677 -0.8694 -0.1591 0.7065 0.4804
20 10.7300 7.5147 165.3324 -0.8749 -0.4234 -0.2350 0.8007 0.5394
20 9.3127 6.9866 175.7166 -0.9101 -0.4073 -0.0764 0.7009 0.5326
HQSkinClass101.jpg
20 8.1706 -4.1292 180.0678 -0.9618 0.2523 0.1066 0.6062 0.3841
20 9.1628 0.0991 179.0114 -0.9601 0.2598 0.1032 0.5710 0.3564
20 7.6671 -2.7211 172.1944 -0.9546 0.2742 0.1168 0.5348 0.4231
HQSkinClass101.jpg
20 8.8246 1.3738 171.8852 -0.9553 0.2686 0.1234 0.5063 0.3911
20 7.6671 -2.7211 172.1944 -0.9546 0.2742 0.1168 0.5348 0.4231
20 9.1628 0.0991 179.0114 -0.9601 0.2598 0.1032 0.5710 0.3564
HQSkinClass101.jpg
20 9.6043 -5.9429 177.4714 -0.8114 0.5216 0.2637 0.5267 0.4008
20 6.2302 -7.9938 176.1012 -0.5884 0.7120 0.3832 0.5539 0.4305
20 3.4751 -12.3663 179.6330 -0.7638 0.6452 -0.0190 0.6164 0.4143
HQSkinClass101.jpg
20 -8.6753 -8.2680 179.0707 0.8494 0.3949 0.3501 0.8933 0.6138
20 -8.6777 -6.0022 175.9481 0.7597 0.5343 0.3707 0.8843 0.6538
20 -10.5735 -4.4715 177.6271 0.9116 0.3468 0.2206 0.9147 0.6562
end
