//Index Slot    Skill   X    Y    Serial  Option  Drop    Name                          level   DamageMin       DamageMax       AttackSpeed     Dur     MagicDur        MagicPW ReqLvl  ReqStr  ReqDex  ReqEne  ReqVit  ReqLead SetAttr DW      DK      EF      MG      DL      SM      RF
0
0       0       0       1    2    1       1       1       "Kris"                        6       6               11              50              20      0               0       0       40      40      0       0       0       1       1       1       1       1       1       1       1
1       0       0       1    3    1       1       1       "Short Sword"                 3       3               7               20              22      0               0       0       60      0       0       0       0       1       1       1       1       1       1       1       1
2       0       0       1    3    1       1       1       "Rapier"                      9       9               15              40              23      0               0       0       50      40      0       0       0       1       0       1       1       1       1       1       0
3       0       20      1    3    1       1       1       "Katana"                      16      16              26              35              27      0               0       0       80      40      0       0       0       1       0       1       0       1       1       0       0
4       0       21      1    3    1       1       1       "Sword of Assassin"           12      12              18              30              24      0               0       0       60      40      0       0       0       1       0       1       0       1       1       0       0
5       0       22      1    3    1       1       1       "Blade"                       36      36              47              30              39      0               0       0       80      50      0       0       0       1       1       1       1       1       1       0       0
6       0       20      1    3    1       1       1       "Gladius"                     20      20              30              20              30      0               0       0       110     0       0       0       0       1       0       1       1       1       1       0       0
7       0       21      1    3    1       1       1       "Falchion"                    24      24              34              25              34      0               0       0       120     0       0       0       0       1       0       1       0       1       1       0       0
8       0       21      1    3    1       1       1       "Serpent Sword"               30      30              40              20              36      0               0       0       130     0       0       0       0       1       0       1       0       1       1       0       0
9       0       20      2    3    1       1       1       "Sword of Salamander"         32      32              46              30              40      0               0       0       103     0       0       0       0       1       0       1       0       1       0       0       0
10      0       22      2    4    1       1       1       "Light Saber"                 40      47              61              25              50      0               0       0       80      60      0       0       0       1       0       1       1       1       0       0       0
11      0       20      2    3    1       1       1       "Legendary Sword"             44      56              72              20              54      0               0       0       120     0       0       0       0       1       0       1       0       1       0       0       0
12      0       19      2    3    1       1       1       "Heliacal Sword"              56      73              98              25              66      0               0       0       140     0       0       0       0       1       0       1       0       1       0       0       0
13      0       22      1    3    1       1       1       "Double Blade"                48      48              56              30              43      0               0       0       70      70      0       0       0       1       0       1       1       1       0       0       0
14      0       22      1    3    1       1       1       "Lighting Sword"              59      59              67              30              50      0               0       0       90      50      0       0       0       1       0       1       1       1       0       0       0
15      0       23      2    3    1       1       1       "Giant Sword"                 52      60              85              20              60      0               0       0       140     0       0       0       0       1       0       1       0       1       0       0       0
16      0       22      1    4    1       1       1       "Sword of Destruction"        82      82              90              35              84      0               0       0       160     60      0       0       0       1       0       1       0       1       0       0       0
17      0       23      2    4    1       1       1       "Dark Breaker"                104     128             153             40              89      0               0       0       180     50      0       0       0       1       0       2       0       0       0       0       0
18      0       23      2    3    1       1       1       "Thunder Blade"               105     140             168             40              86      0               0       0       180     50      0       0       0       1       0       0       0       1       0       0       0
19      0       22      1    4    1       1       1       "Divine Sword of Archangel"   86      220             230             45              168     0               0       0       140     50      0       0       0       0       0       1       0       1       1       0       0
20      0       22      1    4    1       1       1       "Knight Blade"                140     107             115             35              90      0               0       0       116     38      0       0       0       1       0       2       0       0       0       0       0
21      0       56      2    4    1       1       1       "Dark Reign Blade"            140     115             142             40              100     0               115     0       116     53      9       0       0       1       0       0       0       1       0       0       0
22      0       22      1    4    1       1       1       "Bone Blade"                  147     122             135             40              95      0               0       380     100     35      0       0       0       0       0       2       0       0       0       0       0
23      0       56      2    4    1       1       1       "Explosion Blade"             147     127             155             45              110     0               134     380     98      48      7       0       0       0       0       0       0       1       0       0       0
24      0       22      2    4    1       1       1       "Daybreak"                    115     182             218             40              90      0               0       0       192     30      0       0       0       0       0       2       0       0       0       0       0
25      0       56      2    4    1       1       1       "Sword Dancer"                115     109             136             40              90      0               108     0       136     57      9       0       0       0       0       0       0       1       0       0       0
26      0       22      1    4    1       1       1       "Flameberge"                  137     115             126             40              90      0               0       380     193     53      0       0       0       0       0       2       0       0       0       0       0
27      0       22      1    4    1       1       1       "Sword Breaker"               133     91              99              35              90      0               0       380     53      176     0       0       0       0       0       2       0       0       0       0       0
28      0       56      1    4    1       1       1       "Rune Bastard Sword"          139     98              122             45              90      0               109     380     91      73      17      0       0       0       0       0       0       1       0       0       0
31      0       56      2    4    1       1       1       "Rune Blade"                  100     104             130             35              93      0               104     0       135     62      9       0       0       3       0       0       0       1       0       0       0
32      0       260     1    2    1       1       1       "Claws Earth Dragon"          52      52              58              25              65      0               0       0       85      35      0       0       0       1       0       0       0       0       0       0       1
33      0       261     1    2    1       1       1       "Claws White Tiger"           82      82              88              30              77      0               0       0       100     50      0       0       0       0       0       0       0       0       0       0       1
34      0       260     1    2    1       1       1       "Claws Power"                 105     95              101             35              86      0               0       0       120     60      0       0       0       0       0       0       0       0       0       0       1
35      0       270     1    2    1       1       1       "Claws Phoenix"               147     122             128             40              98      0               0       380     101     51      0       0       0       0       0       0       0       0       0       0       1
47      0       56      1    4    1       1       1       "Blade Imperial"              115     130             140             30              100     0               140     0       36      4       0       0       0       0       0       0       0       3       0       0       0
51      0       22      1    4    1       1       1       "Imperial Sword"              200     200             230             45              170     0               0       0       60      30      0       0       0       0       0       3       0       0       0       0       0
52      0       270     1    2    1       1       1       "Claws Lightning"             139     26              34              40              95      0               0       380     78      25      0       0       0       0       0       0       0       0       0       0       3
60      0       270     1    2    1       1       1       "Claws Imperial"              100     121             130             35              160     0               0       0       68      23      0       0       0       0       0       0       0       0       0       0       3
61      0       270     1    2    1       1       1       "Claws Imperial"              200     148             168             40              100     0               0       0       47      14      0       0       0       0       0       0       0       0       0       0       3
81      0       270     1    2    1       1       1       "Claws Blood Dragon"          200     195             206             35              100     0               0       380     47      14      0       0       0       0       0       0       0       0       0       0       3
83      0       56      1    4    1       1       1       "Blade Imperial"              145     170             242             45              110     0               160     0       98      48      7       0       0       0       0       0       0       3       0       0       0
100     0       22      1    4    1       1       1       "Sword Blood God"             160     210             240             40              100     0               0       380     165     51      0       0       0       0       0       3       0       0       0       0       0
101     0       56      1    4    1       1       1       "Blade Blood God"             160     210             240             45              100     0               170     380     120     72      0       0       0       0       0       0       0       3       0       0       0
102     0       270     1    2    1       1       1       "Claws Blood God"             160     150             170             35              100     0               0       380     95      30      0       0       0       0       0       0       0       0       0       0       3
103     0       22      1    4    1       1       1       "Sword Dark God"              170     220             250             40              100     0               0       380     165     51      0       0       0       0       0       3       0       0       0       0       0
104     0       56      1    4    1       1       1       "Blade Dark God"              170     220             250             45              100     0               175     380     116     53      9       0       0       0       0       0       0       3       0       0       0
105     0       270     1    2    1       1       1       "Claws Dark God"              170     160             180             35              100     0               0       380     95      30      0       0       0       0       0       0       0       0       0       0       3
106     0       22      1    4    1       1       1       "Sword Holy God"              180     230             260             40              100     0               0       380     152     47      0       0       0       0       0       3       0       0       0       0       0
107     0       56      1    4    1       1       1       "Blade Holy God"              180     230             260             45              100     0               180     380     111     67      0       0       0       0       0       0       0       3       0       0       0
108     0       270     1    2    1       1       1       "Claws Holy God"              180     170             190             35              100     0               0       380     88      28      0       0       0       0       0       0       0       0       0       0       3
109     0       22      1    4    1       1       1       "Sword Awakening"             190     240             270             40              100     0               0       380     141     44      0       0       0       0       0       3       0       0       0       0       0
110     0       56      1    4    1       1       1       "Blade Awakening"             190     240             270             45              100     0               185     380     103     62      0       0       0       0       0       0       0       3       0       0       0
111     0       270     1    2    1       1       1       "Claws Awakening"             190     180             200             35              100     0               0       380     82      26      0       0       0       0       0       0       0       0       0       0       3
112     0       22      1    4    1       1       1       "Sword Blue Eye"              200     250             280             40              100     0               0       380     83      24      0       0       0       0       0       3       0       0       0       0       0
113     0       56      1    4    1       1       1       "Blade Blue Eye"              200     250             280             45              100     0               190     380     60      35      6       0       0       0       0       0       0       3       0       0       0
114     0       270     1    2    1       1       1       "Claws Blue Eye"              200     190             210             35              100     0               0       380     47      14      0       0       0       0       0       0       0       0       0       0       3
115     0       22      1    4    1       1       1       "Sword Silver Heart"          210     260             290             40              100     0               0       380     84      25      0       0       0       0       0       3       0       0       0       0       0
116     0       56      1    4    1       1       1       "Blade Silver Heart"          210     260             290             45              100     0               195     380     60      35      6       0       0       0       0       0       0       3       0       0       0
117     0       270     1    2    1       1       1       "Claws Silver Heart"          210     200             220             35              100     0               0       380     47      14      0       0       0       0       0       0       0       0       0       0       3
118     0       22      1    4    1       1       1       "Sword Fierce Lion"           220     270             300             40              100     0               0       380     84      25      0       0       0       0       0       3       0       0       0       0       0
119     0       56      1    4    1       1       1       "Blade Fierce Lion"           220     270             300             45              100     0               200     380     60      35      6       0       0       0       0       0       0       3       0       0       0
120     0       270     1    2    1       1       1       "Claws Fierce Lion"           220     210             230             35              100     0               0       380     47      14      0       0       0       0       0       0       0       0       0       0       3
121     0       22      1    4    1       1       1       "Sword Nebula"                230     280             310             40              100     0               0       380     84      25      0       0       0       0       0       3       0       0       0       0       0
122     0       56      1    4    1       1       1       "Blade Nebula"                230     280             310             45              100     0               205     380     60      35      6       0       0       0       0       0       0       3       0       0       0
123     0       270     1    2    1       1       1       "Claws Nebula"                230     220             240             35              100     0               0       380     47      14      0       0       0       0       0       0       0       0       0       0       3
124     0       22      1    4    1       1       1       "Sword Apocalypse"            240     290             320             40              100     0               0       380     84      25      0       0       0       0       0       3       0       0       0       0       0
125     0       56      1    4    1       1       1       "Blade Apocalypse"            240     290             320             45              100     0               210     380     60      35      6       0       0       0       0       0       0       3       0       0       0
126     0       270     1    2    1       1       1       "Claws Apocalypse"            240     230             250             35              100     0               0       380     47      14      0       0       0       0       0       0       0       0       0       0       3
127     0       22      1    4    1       1       1       "Sword Thunder"               250     300             330             40              100     0               0       380     84      25      0       0       0       0       0       3       0       0       0       0       0
128     0       56      1    4    1       1       1       "Blade Thunder"               250     300             330             45              100     0               215     380     60      35      6       0       0       0       0       0       0       3       0       0       0
129     0       270     1    2    1       1       1       "Claws Thunder"               250     240             260             35              100     0               0       380     78      25      0       0       0       0       0       0       0       0       0       0       3
130     0       22      1    4    1       1       1       "Sword Legendary"             260     310             340             40              100     0               0       380     84      25      0       0       0       0       0       3       0       0       0       0       0
131     0       56      1    4    1       1       1       "Blade Legendary"             260     310             340             45              100     0               220     380     60      35      6       0       0       0       0       0       0       3       0       0       0
132     0       270     1    2    1       1       1       "Claws Legendary"             260     250             270             35              100     0               0       380     78      25      0       0       0       0       0       0       0       0       0       0       3
133     0       22      1    4    1       1       1       "Sword Azure Dragon"          270     320             350             40              100     0               0       380     84      25      0       0       0       0       0       3       0       0       0       0       0
134     0       56      1    4    1       1       1       "Blade Azure Dragon"          270     320             350             45              100     0               225     380     60      35      6       0       0       0       0       0       0       3       0       0       0
135     0       270     1    2    1       1       1       "Claws Azure Dragon"          270     260             280             35              100     0               0       380     78      25      0       0       0       0       0       0       0       0       0       0       3
136     0       22      1    4    1       1       1       "Sword Celestial"             280     330             360             40              100     0               0       380     84      25      0       0       0       0       0       3       0       0       0       0       0
137     0       56      1    4    1       1       1       "Blade Celestial"             280     330             360             45              100     0               230     380     60      35      6       0       0       0       0       0       0       3       0       0       0
138     0       270     1    2    1       1       1       "Claws Celestial"             280     270             290             35              100     0               0       380     78      25      0       0       0       0       0       0       0       0       0       0       3
end

//Index Slot    Skill   X    Y    Serial  Option  Drop    Name                          level   DamageMin       DamageMax       AttackSpeed     Dur     MagicDur        MagicPW ReqLvl  ReqStr  ReqDex  ReqEne  ReqVit  ReqLead SetAttr DW      DK      EF      MG      DL      SM      RF
1
0       0       0       1    3    1       1       1       "Small Axe"                   1       1               6               20              18      0               0       0       50      0       0       0       0       1       1       1       1       1       1       1       1
1       0       0       1    3    1       1       1       "Hand Axe"                    4       4               9               30              20      0               0       0       70      0       0       0       0       1       1       1       1       1       1       1       1
2       0       19      1    3    1       1       1       "Double Axe"                  14      14              24              20              26      0               0       0       90      0       0       0       0       1       0       1       0       1       1       0       0
3       0       19      1    3    1       1       1       "Tomahawk"                    18      18              28              30              28      0               0       0       100     0       0       0       0       1       0       1       0       1       1       0       1
4       0       0       1    3    1       1       1       "Elven Axe"                   26      26              38              40              32      0               0       0       50      70      0       0       0       1       1       0       1       1       0       1       0
5       0       19      2    3    1       1       1       "Battle Axe"                  30      36              44              20              36      0               0       0       120     0       0       0       0       1       0       1       1       1       0       0       0
6       0       19      2    3    1       1       1       "Nikea Axe"                   34      38              50              30              44      0               0       0       130     0       0       0       0       1       0       1       1       1       0       0       0
7       0       19      2    3    1       1       1       "Larkan Axe"                  46      54              67              25              55      0               0       0       140     0       0       0       0       1       0       1       0       1       0       0       0
8       0       19      2    3    1       1       1       "Crescent Axe"                54      69              89              30              65      0               0       0       100     40      0       0       0       1       1       1       0       1       0       0       0
end

//Index Slot    Skill   X    Y    Serial  Option  Drop    Name                          level   DamageMin       DamageMax       AttackSpeed     Dur     MagicDur        MagicPW ReqLvl  ReqStr  ReqDex  ReqEne  ReqVit  ReqLead SetAttr DW      DK      EF      MG      DL      SM      RF
2
0       0       0       1    3    1       1       1       "Mace"                        7       7               13              15              21      0               0       0       100     0       0       0       0       1       0       1       0       1       1       0       1
1       0       19      1    3    1       1       1       "Morning Star"                13      13              22              15              25      0               0       0       100     0       0       0       0       1       0       1       0       1       1       0       1
2       0       0       1    3    1       1       1       "Flail"                       22      22              32              15              32      0               0       0       80      50      0       0       0       1       0       1       0       1       1       0       1
3       0       19      2    3    1       1       1       "Great Hammer"                38      45              56              15              50      0               0       0       150     0       0       0       0       1       0       1       0       1       0       0       1
4       0       19      2    3    1       1       1       "Crystal Morning Star"        66      78              107             30              72      0               0       0       130     0       0       0       0       1       1       1       1       1       0       0       1
5       0       23      2    4    1       1       1       "Crystal Sword"               72      89              120             40              76      0               0       0       130     70      0       0       0       1       1       1       1       1       0       0       0
6       0       23      2    4    1       1       1       "Chaos Dragon Axe"            75      102             130             35              80      0               0       0       140     50      0       0       0       0       0       1       0       1       0       0       0
7       0       0       1    3    1       1       1       "Elemental Mace"              90      62              80              50              50      0               0       0       15      42      0       0       0       1       0       0       2       0       0       0       0
8       0       66      1    3    1       1       1       "Battle Scepter"              54      41              52              45              40      0               3       0       80      17      0       0       0       1       0       0       0       0       1       0       0
9       0       66      1    3    1       1       1       "Master Scepter"              72      57              68              45              45      0               20      0       87      18      0       0       0       1       0       0       0       0       1       0       0
10      0       66      1    4    1       1       1       "Great Scepter"               82      74              85              45              65      0               35      0       100     21      0       0       0       1       0       0       0       0       1       0       0
11      0       66      1    4    1       1       1       "Lord Scepter"                98      91              102             40              72      0               52      0       105     23      0       0       0       1       0       0       0       0       1       0       0
12      0       66      1    4    1       1       1       "Great Lord Scepter"          140     108             120             40              84      0               67      0       90      20      0       0       0       1       0       0       0       0       1       0       0
13      0       66      1    4    1       1       1       "Divine Scepter of Archangel" 150     200             223             45              90      0               138     0       75      16      0       0       0       1       0       0       0       0       1       0       0
14      0       66      1    4    1       1       1       "Soleil Sceptor"              146     130             153             40              95      0               84      380     80      15      0       0       0       0       0       0       0       0       1       0       0
15      0       66      1    4    1       1       1       "Shining Scepter"             110     99              111             40              78      0               60      0       108     22      0       0       0       0       0       0       0       0       1       0       0
16      0       0       1    3    1       1       1       "Frost Mace"                  121     106             146             50              80      0               0       380     27      19      0       0       0       1       0       0       2       0       0       0       0
17      0       66      1    4    1       1       1       "Absolute Scepter"            135     114             132             40              90      0               72      380     119     24      0       0       0       0       0       0       0       0       1       0       0
24      0       19      1    3    1       1       1       "King Mace"                   130     133             143             65              100     0               0       0       144     100     0       0       0       0       0       3       0       0       0       0       0
25      0       66      1    4    1       1       1       "Staff Imperial"              150     220             243             45              100     0               138     0       75      16      0       0       0       0       0       0       0       0       3       0       0
100     0       66      1    4    1       1       1       "Staff Blood God"             160     230             260             40              100     0               104     380     114     23      0       0       0       0       0       0       0       0       3       0       0
101     0       66      1    4    1       1       1       "Staff Dark God"              170     240             270             40              100     0               114     380     114     23      0       0       0       0       0       0       0       0       3       0       0
102     0       66      1    4    1       1       1       "Staff Holy God"              180     250             280             40              100     0               124     380     105     22      0       0       0       0       0       0       0       0       3       0       0
103     0       66      1    4    1       1       1       "Staff Awakening"             190     260             290             40              100     0               134     380     98      21      0       0       0       0       0       0       0       0       3       0       0
104     0       66      1    4    1       1       1       "Staff Blue Eye"              200     270             300             40              100     0               144     380     57      11      0       0       0       0       0       0       0       0       3       0       0
105     0       66      1    4    1       1       1       "Staff Silver Heart"          210     280             310             45              100     0               154     380     57      11      0       0       0       0       0       0       0       0       3       0       0
106     0       66      1    4    1       1       1       "Staff Fierce Lion"           220     290             320             45              100     0               164     380     57      11      0       0       0       0       0       0       0       0       3       0       0
107     0       66      1    4    1       1       1       "Staff Nebula"                230     300             330             45              100     0               174     380     57      11      0       0       0       0       0       0       0       0       3       0       0
108     0       66      1    4    1       1       1       "Staff Apocalypse"            240     310             340             45              100     0               184     380     57      11      0       0       0       0       0       0       0       0       3       0       0
109     0       66      1    4    1       1       1       "Staff Thunder"               250     320             350             45              100     0               194     380     57      11      0       0       0       0       0       0       0       0       3       0       0
110     0       66      1    4    1       1       1       "Staff Legendary"             260     330             360             45              100     0               194     380     57      11      0       0       0       0       0       0       0       0       3       0       0
111     0       66      1    4    1       1       1       "Staff Azure Dragon"          270     340             370             45              100     0               194     380     57      11      0       0       0       0       0       0       0       0       3       0       0
112     0       66      1    4    1       1       1       "Staff Celestial"             280     350             380             45              100     0               194     380     57      11      0       0       0       0       0       0       0       0       3       0       0
end

//Index Slot    Skill   X    Y    Serial  Option  Drop    Name                          level   DamageMin       DamageMax       AttackSpeed     Dur     MagicDur        MagicPW ReqLvl  ReqStr  ReqDex  ReqEne  ReqVit  ReqLead SetAttr DW      DK      EF      MG      DL      SM      RF
3
0       0       22      2    4    1       1       1       "Light Spear"                 42      50              63              25              56      0               0       0       60      70      0       0       0       1       0       1       1       1       0       0       0
1       0       0       2    4    1       1       1       "Spear"                       23      30              41              30              42      0               0       0       70      50      0       0       0       1       0       1       1       1       0       0       0
2       0       0       2    4    1       1       1       "Dragon Lance"                15      21              33              30              34      0               0       0       70      50      0       0       0       1       0       1       1       1       0       0       0
3       0       0       2    4    1       1       1       "Giant Trident"               29      35              43              25              44      0               0       0       90      30      0       0       0       1       0       1       1       1       0       0       0
4       0       20      2    4    1       1       1       "Serpent Spear"               46      58              80              20              58      0               0       0       90      30      0       0       0       1       0       1       1       1       0       0       0
5       0       0       2    4    1       1       1       "Double Poleaxe"              13      19              31              30              38      0               0       0       70      50      0       0       0       1       0       1       1       1       0       0       0
6       0       0       2    4    1       1       1       "Halberd"                     19      25              35              30              40      0               0       0       70      50      0       0       0       1       0       1       1       1       0       0       0
7       0       22      2    4    1       1       1       "Berdysh"                     37      42              54              30              54      0               0       0       80      50      0       0       0       1       0       1       1       1       0       0       0
8       0       22      2    4    1       1       1       "Great Scythe"                54      71              92              25              68      0               0       0       90      50      0       0       0       1       0       1       1       1       0       0       0
9       0       22      2    4    1       1       1       "Bill of Balrog"              63      76              102             25              74      0               0       0       80      50      0       0       0       1       0       1       1       1       0       0       0
10      0       22      2    4    1       1       1       "Dragon Spear"                92      112             140             35              85      0               0       0       170     60      0       0       0       1       0       2       0       0       0       0       0
11      0       22      2    4    1       1       1       "Beuroba Spear"               147     190             226             40              90      0               0       0       152     25      0       0       0       1       0       2       0       1       0       0       0
end

//Index Slot    Skill   X    Y    Serial  Option  Drop    Name                          level   DamageMin       DamageMax       AttackSpeed     Dur     MagicDur        MagicPW ReqLvl  ReqStr  ReqDex  ReqEne  ReqVit  ReqLead SetAttr DW      DK      EF      MG      DL      SM      RF
4
0       1       24      2    3    1       1       1       "Short Bow"                   2       3               5               30              20      0               0       0       20      80      0       0       0       2       0       0       1       0       0       0       0
1       1       24      2    3    1       1       1       "Bow"                         8       9               13              30              24      0               0       0       30      90      0       0       0       2       0       0       1       0       0       0       0
2       1       24      2    3    1       1       1       "Elven Bow"                   16      17              24              30              28      0               0       0       30      90      0       0       0       2       0       0       1       0       0       0       0
3       1       24      2    3    1       1       1       "Battle Bow"                  26      28              37              30              36      0               0       0       30      90      0       0       0       2       0       0       1       0       0       0       0
4       1       24      2    4    1       1       1       "Tiger Bow"                   40      42              52              30              43      0               0       0       30      100     0       0       0       2       0       0       1       0       0       0       0
5       1       24      2    4    1       1       1       "Silver Bow"                  56      59              71              40              48      0               0       0       30      100     0       0       0       2       0       0       1       0       0       0       0
6       1       24      2    4    1       1       1       "Chaos Nature Bow"            75      88              106             35              68      0               0       0       40      150     0       0       0       0       0       0       1       0       0       0       0
7       1       0       1    1    1       1       1       "Bolt"                        0       0               0               0               255     0               0       0       0       0       0       0       0       0       0       0       1       0       0       0       0
8       0       24      2    2    1       1       1       "Crossbow"                    4       5               8               40              22      0               0       0       20      90      0       0       0       2       0       0       1       0       0       0       0
9       0       24      2    2    1       1       1       "Golden Crossbow"             12      13              19              40              26      0               0       0       30      90      0       0       0       2       0       0       1       0       0       0       0
10      0       24      2    2    1       1       1       "Arquebus"                    20      22              30              40              31      0               0       0       30      90      0       0       0       2       0       0       1       0       0       0       0
11      0       24      2    3    1       1       1       "Light Crossbow"              32      35              44              40              40      0               0       0       30      90      0       0       0       2       0       0       1       0       0       0       0
12      0       24      2    3    1       1       1       "Serpent Crossbow"            48      50              61              40              45      0               0       0       30      100     0       0       0       2       0       0       1       0       0       0       0
13      0       24      2    3    1       1       1       "Bluewing Crossbow"           68      68              82              40              56      0               0       0       40      110     0       0       0       2       0       0       1       0       0       0       0
14      0       24      2    3    1       1       1       "Aquagold Crossbow"           72      78              92              30              60      0               0       0       50      130     0       0       0       2       0       0       1       0       0       0       0
15      0       0       1    1    1       1       1       "Arrow"                       0       0               0               0               255     0               0       0       0       0       0       0       0       0       0       0       1       0       0       0       0
16      0       24      2    4    1       1       1       "Saint Crossbow"              84      102             127             35              72      0               0       0       50      160     0       0       0       2       0       0       1       0       0       0       0
17      1       24      2    4    1       1       1       "Celestial Bow"               92      127             155             35              76      0               0       0       54      198     0       0       0       2       0       0       2       0       0       0       0
18      0       24      2    3    1       1       1       "Divine Crossbow of Archangel"100     224             246             45              200     0               0       0       40      110     0       0       0       0       0       0       1       0       0       0       0
19      0       24      2    3    1       1       1       "Great Reign Crossbow"        100     150             172             40              80      0               0       0       61      285     0       0       0       2       0       0       2       0       0       0       0
20      1       24      2    4    1       1       1       "Arrow Viper Bow"             135     166             190             45              86      0               0       0       52      245     0       0       0       2       0       0       2       0       0       0       0
21      1       24      2    4    1       1       1       "Sylph Wind Bow"              147     177             200             45              93      0               0       380     46      210     0       0       0       0       0       0       2       0       0       0       0
22      1       24      2    4    1       1       1       "Albatross Bow"               110     155             177             45              70      0               0       0       60      265     0       0       0       0       0       0       2       0       0       0       0
23      1       24      2    4    1       1       1       "Dark Stinger"                134     162             184             45              80      0               0       380     32      209     0       0       0       2       0       0       2       0       0       0       0
24      1       24      2    4    1       1       1       "Air Lyn Bow"                 147     170             194             45              88      0               0       0       49      226     0       0       0       0       0       0       2       0       0       0       0
30      0       24      2    3    1       1       1       "Crossbow Imperial"           145     240             260             45              200     0               0       0       40      70      0       0       0       0       0       0       3       0       0       0       0
100     1       24      2    4    1       1       1       "Bow Blood God"               160     250             270             45              100     0               0       380     31      198     0       0       0       0       0       0       3       0       0       0       0
101     1       24      2    4    1       1       1       "Bow Dark God"                180     260             280             45              100     0               0       250     31      198     0       0       0       0       0       0       3       0       0       0       0
102     1       24      2    4    1       1       1       "Bow Holy God"                190     270             290             45              100     0               0       300     29      183     0       0       0       0       0       0       3       0       0       0       0
103     1       24      2    4    1       1       1       "Bow Awakening"               200     280             300             45              100     0               0       380     27      170     0       0       0       0       0       0       3       0       0       0       0
104     1       24      2    4    1       1       1       "Bow Blue Eye"                210     290             310             45              100     0               0       380     14      100     0       0       0       0       0       0       3       0       0       0       0
105     1       24      2    4    1       1       1       "Bow Silver Heart"            220     300             320             55              100     0               0       380     14      99      0       0       0       0       0       0       3       0       0       0       0
106     1       24      2    4    1       1       1       "Bow Fierce Lion"             230     310             330             55              100     0               0       380     14      99      0       0       0       0       0       0       3       0       0       0       0
107     1       24      2    4    1       1       1       "Bow Nebula"                  240     320             340             55              100     0               0       380     14      99      0       0       0       0       0       0       3       0       0       0       0
108     1       24      2    4    1       1       1       "Bow Apocalypse"              250     330             350             55              100     0               0       380     14      99      0       0       0       0       0       0       3       0       0       0       0
109     1       24      2    4    1       1       1       "Bow Thunder"                 260     340             360             55              100     0               0       380     14      99      0       0       0       0       0       0       3       0       0       0       0
110     1       24      2    4    1       1       1       "Bow Legendary"               270     350             370             55              100     0               0       380     14      99      0       0       0       0       0       0       3       0       0       0       0
111     1       24      2    4    1       1       1       "Bow Azure Dragon"            280     360             380             55              100     0               0       380     14      99      0       0       0       0       0       0       3       0       0       0       0
112     1       24      2    4    1       1       1       "Bow Celestial"               290     370             390             55              100     0               0       380     14      99      0       0       0       0       0       0       3       0       0       0       0
end

//Index Slot    Skill   X    Y    Serial  Option  Drop    Name                          level   DamageMin       DamageMax       AttackSpeed     Dur     MagicDur        MagicPW ReqLvl  ReqStr  ReqDex  ReqEne  ReqVit  ReqLead SetAttr DW      DK      EF      MG      DL      SM      RF
5
0       0       0       1    3    1       1       1       "Skull Staff"                 6       3               4               20              0       20              6       0       40      0       0       0       0       3       1       0       0       1       0       1       0
1       0       0       2    3    1       1       1       "Angelic Staff"               18      10              12              25              0       38              20      0       50      0       0       0       0       3       1       0       0       1       0       0       0
2       0       0       2    3    1       1       1       "Serpent Staff"               30      17              18              25              0       50              34      0       50      0       0       0       0       3       1       0       0       1       0       0       0
3       0       0       2    4    1       1       1       "Thunder Staff"               42      23              25              25              0       60              46      0       40      10      0       0       0       3       1       0       0       1       0       0       0
4       0       0       2    4    1       1       1       "Gorgon Staff"                52      29              32              25              0       65              58      0       50      0       0       0       0       3       1       0       0       1       0       0       0
5       0       0       1    4    1       1       1       "Legendary Staff"             59      29              31              25              0       66              59      0       50      0       0       0       0       3       1       0       0       1       0       0       0
6       0       0       1    4    1       1       1       "Staff of Resurrection"       70      35              39              25              0       70              70      0       60      10      0       0       0       3       1       0       0       1       0       0       0
7       0       0       2    4    1       1       1       "Chaos Lighting Staff"        75      47              48              30              0       70              94      0       60      10      0       0       0       0       1       0       0       1       0       0       0
8       0       0       2    4    1       1       1       "Staff of Destruction"        90      50              54              30              0       85              101     0       60      10      0       0       0       3       1       0       0       1       0       0       0
9       0       0       1    4    1       1       1       "Crystall Staff"              100     46              48              30              0       91              92      0       52      16      0       0       0       3       2       0       0       0       0       0       0
10      0       0       1    4    1       1       1       "Divine Staff of Archangel"   104     153             165             30              0       182             156     0       36      4       0       0       0       0       1       0       0       1       0       0       0
11      0       0       1    4    1       1       1       "Staff of Kundun"             140     55              61              30              0       95              110     0       45      16      0       0       0       0       2       0       0       1       0       0       0
12      0       0       1    4    1       1       1       "Grand Viper Staff"           147     66              74              30              0       100             130     380     39      13      0       0       0       0       2       0       0       0       0       0       0
13      0       0       1    4    1       1       1       "Platina Staff"               110     51              53              30              0       78              120     0       50      16      0       0       0       0       2       0       0       0       0       0       0
14      0       0       1    4    1       1       1       "Mystery Stick"               28      17              18              25              0       50              34      0       34      14      0       0       0       0       0       0       0       0       0       1       0
15      0       0       1    4    1       1       1       "Violent Wind Stick"          42      23              25              25              0       60              46      0       33      17      0       0       0       0       0       0       0       0       0       1       0
16      0       0       1    4    1       1       1       "Red Wing Stick"              59      29              31              25              0       65              59      0       36      14      0       0       0       0       0       0       0       0       0       1       0
17      0       0       1    4    1       1       1       "Ancient Stick"               78      38              40              25              0       81              76      0       50      19      0       0       0       0       0       0       0       0       0       1       0
18      0       0       1    4    1       1       1       "Black Rose Stick"            100     46              48              30              0       91              92      0       54      15      0       0       0       0       0       0       0       0       0       2       0
19      0       0       1    4    1       1       1       "Aura Stick"                  110     51              53              30              0       95              110     380     64      15      0       0       0       0       0       0       0       0       0       2       0
21      1       223     1    2    1       1       1       "Book of Samut"               52      0               0               25              0       60              46      0       0       20      135     0       0       0       0       0       0       0       0       1       0
22      1       224     1    2    1       1       1       "Book of Neil"                59      0               0               25              0       65              59      0       0       25      168     0       0       0       0       0       0       0       0       1       0
23      1       225     1    2    1       1       1       "Book of Ghost Phantom"       65      0               0               25              0       50              72      0       0       30      201     0       0       0       0       0       0       0       0       1       0
30      0       0       1    4    1       1       1       "Deadly Staff"                138     57              59              30              0       91              126     380     47      18      0       0       0       3       0       0       0       1       0       0       0
31      0       0       1    4    1       1       1       "Imperial Staff"              137     57              61              30              0       182             124     380     48      14      0       0       0       0       2       0       0       0       0       0       0
32      0       0       1    4    1       1       1       "Demonic Staff"               149     59              61              30              0       130             120     380     56      14      0       0       0       0       0       0       0       0       0       2       0
33      0       0       1    4    1       1       1       "Gaion Staff"                 147     55              57              30              0       78              124     0       50      12      0       0       0       0       2       0       0       1       0       0       0
34      0       0       1    4    1       1       1       "Raven Stick"                 147     70              78              30              0       98              130     0       50      14      0       0       0       0       0       0       0       0       0       2       0
35      0       0       1    4    1       1       1       "Summon Stick"                149     67              69              30              0       80              130     380     46      13      0       0       0       0       3       0       0       3       0       0       0
36      0       0       1    4    1       1       1       "Stick Heavenly Maiden"       104     153             165             30              0       182             146     0       55      13      0       0       0       0       0       0       0       0       0       1       0
49      0       0       1    4    1       1       1       "Fire Dragon Stick"           104     80              90              30              0       182             150     0       36      4       0       0       0       0       1       0       0       1       0       0       0
50      0       0       1    4    1       1       1       "Book Heavenly Maiden"        200     80              90              30              0       182             150     0       30      13      0       0       0       0       0       0       0       0       0       3       0
100     0       0       1    4    1       1       1       "Stick Blood God"             150     90              100             30              0       100             155     0       47      14      0       0       0       0       3       0       0       3       0       0       0
101     0       0       1    4    1       1       1       "Book Blood God"              150     90              100             30              0       150             155     0       42      15      0       0       0       0       0       0       0       0       0       3       0
102     0       0       1    4    1       1       1       "Stick Dark God"              160     100             110             30              0       100             160     250     47      14      0       0       0       0       3       0       0       3       0       0       0
103     0       0       1    4    1       1       1       "Book Dark God"               160     100             110             30              0       100             160     250     42      15      0       0       0       0       0       0       0       0       0       3       0
104     0       0       1    4    1       1       1       "Stick Holy God"              180     110             120             30              0       100             165     300     44      13      0       0       0       0       3       0       0       3       0       0       0
105     0       0       1    4    1       1       1       "Book Holy God"               180     110             120             30              0       100             165     300     39      14      0       0       0       0       0       0       0       0       0       3       0
106     0       0       1    4    1       1       1       "Stick Awakening"             200     120             130             30              0       100             170     350     41      12      0       0       0       0       3       0       0       3       0       0       0
107     0       0       1    4    1       1       1       "Book Awakening"              200     120             130             30              0       100             170     350     37      13      0       0       0       0       0       0       0       0       0       3       0
108     0       0       1    4    1       1       1       "Stick Blue Eye"              220     130             140             30              0       100             175     380     20      6       0       0       0       0       3       0       0       3       0       0       0
109     0       0       1    4    1       1       1       "Book Blue Eye"               220     130             140             30              0       100             175     380     20      6       0       0       0       0       0       0       0       0       0       3       0
110     0       0       1    4    1       1       1       "Stick Silver Heart"          220     140             150             30              0       100             180     380     20      6       0       0       0       0       3       0       0       3       0       0       0
111     0       0       1    4    1       1       1       "Book Silver Heart"           220     140             150             30              0       100             180     380     20      6       0       0       0       0       0       0       0       0       0       3       0
112     0       0       1    4    1       1       1       "Stick Fierce Lion"           220     150             160             30              0       245             185     380     20      6       0       0       0       0       3       0       0       3       0       0       0
113     0       0       1    4    1       1       1       "Book Fierce Lion"            220     150             160             30              0       100             185     380     20      6       0       0       0       0       0       0       0       0       0       3       0
114     0       0       1    4    1       1       1       "Stick Nebula"                220     160             170             30              0       245             190     380     20      6       0       0       0       0       3       0       0       3       0       0       0
115     0       0       1    4    1       1       1       "Book Nebula"                 220     160             170             30              0       100             190     380     20      6       0       0       0       0       0       0       0       0       0       3       0
116     0       0       1    4    1       1       1       "Stick Apocalypse"            220     170             180             30              0       245             195     380     20      6       0       0       0       0       3       0       0       3       0       0       0
117     0       0       1    4    1       1       1       "Book Apocalypse"             220     170             180             30              0       100             195     380     20      6       0       0       0       0       0       0       0       0       0       3       0
118     0       0       1    4    1       1       1       "Stick Thunder"               220     180             190             30              0       245             200     380     20      6       0       0       0       0       3       0       0       3       0       0       0
119     0       0       1    4    1       1       1       "Book Thunder"                220     180             190             30              0       100             200     380     20      6       0       0       0       0       0       0       0       0       0       3       0
120     0       0       1    4    1       1       1       "Stick Legendary"             220     190             200             30              0       245             205     380     20      6       0       0       0       0       3       0       0       3       0       0       0
121     0       0       1    4    1       1       1       "Book Legendary"              220     190             200             30              0       100             205     380     20      6       0       0       0       0       0       0       0       0       0       3       0
122     0       0       1    4    1       1       1       "Stick Azure Dragon"          220     200             210             30              0       245             210     380     20      6       0       0       0       0       3       0       0       3       0       0       0
123     0       0       1    4    1       1       1       "Book Azure Dragon"           220     200             210             30              0       100             210     380     20      6       0       0       0       0       0       0       0       0       0       3       0
124     0       0       1    4    1       1       1       "Stick Celestial"             220     210             220             30              0       245             215     380     20      6       0       0       0       0       3       0       0       3       0       0       0
125     0       0       1    4    1       1       1       "Book Celestial"              220     210             220             30              0       100             215     380     20      6       0       0       0       0       0       0       0       0       0       3       0
end

//Index Slot    Skill   X    Y    Serial  Option  Drop    Name                          level   Defense SuccessfulBlocking      Dur     ReqLvl  ReqStr  ReqDex  ReqEne  ReqVit  ReqLead SetAttr DW      DK      EF      MG      DL      SM      RF
6
0       1       0       2    2    1       1       1       "Small Shield"                1       1       3                       22      0       70      0       0       0       0       4       1       1       1       1       1       0       0
1       1       0       2    2    1       1       1       "Horn Shield"                 7       3       9                       28      0       100     0       0       0       0       4       0       1       0       1       1       0       0
2       1       0       2    2    1       1       1       "Kite Shield"                 10      4       12                      32      0       110     0       0       0       0       4       0       1       0       1       1       0       0
3       1       0       2    2    1       1       1       "Elven Shield"                19      8       21                      36      0       30      100     0       0       0       4       0       0       1       0       0       0       0
4       1       18      2    2    1       1       1       "Buckler"                     5       2       6                       24      0       80      0       0       0       0       4       1       1       1       1       1       0       0
5       1       18      2    2    1       1       1       "Dragon Slayer Shield"        22      10      36                      44      0       100     40      0       0       0       4       0       1       0       1       1       0       0
6       1       18      2    2    1       1       1       "Skull Shield"                9      5       15                      34      0       110     0       0       0       0       4       1       1       1       1       1       0       0
7       1       18      2    2    1       1       1       "Spiked Shield"               19      9       30                      40      0       130     0       0       0       0       4       0       1       0       1       1       0       0
8       1       18      2    2    1       1       1       "Tower Shield"                25      11      40                      46      0       130     0       0       0       0       4       0       1       1       1       1       0       0
9       1       18      2    2    1       1       1       "Plate Shield"                86      8       25                      38      0       120     0       0       0       0       4       0       1       0       1       1       0       0
10      1       18      2    2    1       1       1       "Large Round Shield"          16      6       18                      35      0       120     0       0       0       0       4       0       1       0       1       1       0       0
11      1       18      2    2    1       1       1       "Serpent Shield"              28      12      45                      48      0       130     0       0       0       0       4       0       1       1       1       1       0       0
12      1       18      2    2    1       1       1       "Bronze Shield"               77      13      54                      52      0       140     0       0       0       0       4       0       1       0       1       0       0       0
13      1       18      2    2    1       1       1       "Dragon Shield"               89      14      60                      60      0       120     40      0       0       0       4       0       1       0       1       0       0       0
14      1       0       2    3    1       1       1       "Legendary Shield"            82      7       48                      50      0       90      25      0       0       0       4       1       0       1       1       0       0       0
15      1       0       2    3    1       1       1       "Grand Soul Shield"           86      12      55                      55      0       70      23      0       0       0       4       2       0       0       0       0       0       0
16      1       0       2    2    1       1       1       "Elemental Shield"            24      11      28                      51      0       30      60      30      0       0       4       0       0       2       0       0       0       0
17      1       18      2    2    1       1       1       "Crimson Glory"               31     19      90                      51      380     95      48      0       0       0       4       0       2       0       0       0       0       0
18      1       18      2    2    1       1       1       "Salamander Shield"           33     20      96                      51      380     80      61      0       0       0       4       0       0       0       1       0       0       0
19      1       0       2    2    1       1       1       "Frost Barrier"               37      14      58                      51      380     26      53      26      0       0       4       0       0       2       0       0       0       0
20      1       18      2    2    1       1       1       "Guardian Shield"             13     12      30                      51      380     54      18      0       0       0       4       2       0       0       0       0       0       0
21      1       18      2    2    1       1       1       "Cross Shield"                35      16      75                      65      0       140     55      0       0       0       4       0       0       0       0       1       0       0
100     1       18      2    2    1       1       1       "Blood God Shield"            37     50      100                     100     380     50      55      0       0       0       0       3       3       0       3       3       3       0
101     1       18      2    2    1       1       1       "Shield Dark God"             49     50      120                     100     380     50      55      0       0       0       0       3       3       0       3       3       3       0
102     1       18      2    2    1       1       1       "Shield Holy God"             57     50      140                     100     380     50      55      0       0       0       0       3       3       0       3       3       3       0
103     1       18      2    2    1       1       1       "Shield Awakening"            29     50      160                     100     380     50      55      0       0       0       0       3       3       0       3       3       3       0
104     1       18      2    2    1       1       1       "Shield Blue Eye"             41     50      180                     100     380     50      55      0       0       0       0       3       3       0       3       3       3       0
105     1       18      2    2    1       1       1       "Shield Silver Heart"         65     50      200                     100     380     50      55      0       0       0       0       3       3       0       3       3       3       0
106     1       18      2    2    1       1       1       "Shield Fierce Lion"          53     50      220                     100     380     50      55      0       0       0       0       3       3       0       3       3       3       0
107     1       18      2    2    1       1       1       "Shield Nebula"               61     50      240                     100     380     50      55      0       0       0       0       3       3       0       3       3       3       0
108     1       18      2    2    1       1       1       "Shield Apocalypse"           25     50      4                       100     380     50      55      0       0       0       0       3       3       0       3       3       3       0
109     1       18      2    2    1       1       1       "Shield Thunder"              69     50      24                      100     380     50      55      0       0       0       0       3       3       0       3       3       3       0
110     1       18      2    2    1       1       1       "Shield Legendary"            82     50      24                      100     380     50      55      0       0       0       0       3       3       0       3       3       3       0
111     1       18      2    2    1       1       1       "Shield Azure Dragon"         33     50      24                      100     380     50      55      0       0       0       0       3       3       0       3       3       3       0
112     1       18      2    2    1       1       1       "Shield Celestial"            45     50      24                      100     380     50      55      0       0       0       0       3       3       0       3       3       3       0
end

//Index Slot    Skill   X    Y    Serial  Option  Drop    Name                          level   Defense MagicDefense    Dur     ReqLvl  ReqStr  ReqDex  ReqEne  ReqVit  ReqLead SetAttr DW      DK      EF      MG      DL      SM      RF
7
0       2       0       2    2    1       1       1       "Bronze Helm"                 77      9       0               34      0       80      20      0       0       0       4       0       1       0       0       1       0       0
1       2       0       2    2    1       1       1       "Dragon Helm"                 89      24      0               68      0       120     30      0       0       0       4       0       1       0       0       0       0       0
2       2       0       2    2    1       1       1       "Pad Helm"                    17       4       0               28      0       20      0       0       0       0       4       1       0       0       0       0       0       0
3       2       0       2    2    1       1       1       "Legendary Helm"              82      18      0               42      0       30      0       0       0       0       4       1       0       0       0       0       0       0
4       2       0       2    2    1       1       1       "Bone Helm"                   21      9       0               30      0       30      0       0       0       0       4       1       0       0       0       0       0       0
5       2       0       2    2    1       1       1       "Leather Helm"                34       5       0               30      0       80      0       0       0       0       4       0       1       0       0       1       0       1
6       2       0       2    2    1       1       1       "Scale Helm"                  80      12      0               40      0       110     0       0       0       0       4       0       1       0       0       1       0       1
7       2       0       2    2    1       1       1       "Sphinx Mask"                 73      13      0               36      0       30      0       0       0       0       4       1       0       0       0       0       0       0
8       2       0       2    2    1       1       1       "Brass Helm"                  83      17      0               44      0       100     30      0       0       0       4       0       1       0       0       0       0       1
9       2       0       2    2    1       1       1       "Plate Helm"                  86      20      0               50      0       130     0       0       0       0       4       0       1       0       0       0       0       1
10      2       0       2    2    1       1       1       "Vine Helm"                   42       4       0               22      0       30      60      0       0       0       4       0       0       1       0       0       0       0
11      2       0       2    2    1       1       1       "Silk Helm"                   46      8       0               26      0       30      70      0       0       0       4       0       0       1       0       0       0       0
12      2       0       2    2    1       1       1       "Wind Helm"                   55      12      0               32      0       30      80      0       0       0       4       0       0       1       0       0       0       0
13      2       0       2    2    1       1       1       "Spirit Helm"                 60      16      0               38      0       40      80      0       0       0       4       0       0       1       0       0       0       0
14      2       0       2    2    1       1       1       "Guardian Helm"               64      23      0               45      0       40      80      0       0       0       4       0       0       1       0       0       0       0
16      2       0       2    2    1       1       1       "Black Dragon Helm"           95      30      0               74      0       170     60      0       0       0       4       0       1       0       0       0       0       0
17      2       0       2    2    1       1       1       "Dark Phoenix Helm"           98      43      0               80      0       205     62      0       0       0       4       0       2       0       0       0       0       0
18      2       0       2    2    1       1       1       "Grand Soul Helm"             86      27      0               67      0       59      20      0       0       0       4       2       0       0       0       0       0       0
19      2       0       2    2    1       1       1       "Divine Helm"                 87      37      0               74      0       50      110     0       0       0       4       0       0       2       0       0       0       0
21      2       0       2    2    1       1       1       "Great Dragon Helm"           104     53      0               86      0       200     58      0       0       0       4       0       2       0       0       0       0       0
22      2       0       2    2    1       1       1       "Dark Soul Helm"              90     36      0               75      0       55      18      0       0       0       4       2       0       0       0       0       0       0
24      2       0       2    2    1       1       1       "Red Spirit Helm"             78      46      0               80      0       52      115     0       0       0       4       0       0       2       0       0       0       0
25      2       0       2    2    1       1       1       "Light Plate Mask"            91      20      0               42      0       70      20      0       0       0       4       0       0       0       0       1       0       0
26      2       0       2    2    1       1       1       "Adamantine Mask"             94      24      0               56      0       77      21      0       0       0       4       0       0       0       0       1       0       0
27      2       0       2    2    1       1       1       "Dark Steel Mask"             97      26      0               70      0       84      22      0       0       0       4       0       0       0       0       1       0       0
28      2       0       2    2    1       1       1       "Dark Master Mask"            103     34      0               78      0       80      21      0       0       0       4       0       0       0       0       1       0       0
29      2       0       2    2    1       1       1       "Dragon Knight Helm"          110     66      0               90      380     170     60      0       0       0       0       0       2       0       0       0       0       0
30      2       0       2    2    1       1       1       "Venom Mist Helm"             98     48      0               86      380     44      15      0       0       0       0       2       0       0       0       0       0       0
31      2       0       2    2    1       1       1       "Sylphid Ray Helm"            91     57      0               86      380     38      80      0       0       0       0       0       0       2       0       0       0       0
33      2       0       2    2    1       1       1       "Sunlight Mask"               113     46      0               82      380     62      16      0       0       0       0       0       0       0       0       1       0       0
34      2       0       2    2    1       1       1       "Ashcrow Helm"                92      27      0               72      0       160     50      0       0       0       0       0       1       0       0       0       0       0
35      2       0       2    2    1       1       1       "Eclipse Helm"                78      22      0               54      0       53      12      0       0       0       0       1       0       0       0       0       0       0
36      2       0       2    2    1       1       1       "Iris Helm"                   73      30      0               59      0       50      70      0       0       0       0       0       0       1       0       0       0       0
38      2       0       2    2    1       1       1       "Glorious Mask"               100      30      0               74      0       80      21      0       0       0       0       0       0       0       0       1       0       0
39      2       0       2    2    1       1       1       "Violent Wind Helm"           1      13      0               36      0       31      0       0       0       0       4       0       0       0       0       0       1       0
40      2       0       2    2    1       1       1       "Red Wing Helm"               9      18      0               42      0       26      4       0       0       0       4       0       0       0       0       0       1       0
41      2       0       2    2    1       1       1       "Ancient Helm"                17      24      0               54      0       52      16      0       0       0       4       0       0       0       0       0       1       0
42      2       0       2    2    1       1       1       "Black Rose Helm"             25      32      0               67      0       60      20      0       0       0       0       0       0       0       0       0       2       0
43      2       0       2    2    1       1       1       "Aura Helm"                   40     43      0               75      380     56      20      0       0       0       0       0       0       0       0       0       2       0
44      2       0       2    2    1       1       1       "Lilium Helm"                 32     35      0               86      380     62      20      170     0       0       0       0       0       0       0       0       2       0
45      2       0       2    2    1       1       1       "Titan  Helm"                 107     63      0               86      380     222     32      0       0       0       0       0       1       0       0       0       0       0
46      2       0       2    2    1       1       1       "Brave Helm"                  101     51      0               86      380     74      162     0       0       0       0       0       1       0       0       0       0       0
49      2       0       2    2    1       1       1       "Seraphim Helm"               82     50      0               86      380     55      197     0       0       0       0       0       0       1       0       0       0       0
50      2       0       2    2    1       1       1       "Faith Helm"                  69     44      0               86      380     32      29      138     0       0       0       0       0       1       0       0       0       0
51      2       0       2    2    1       1       1       "Paewang Mask"                107     44      0               86      380     105     38      0       0       0       0       0       0       0       0       1       0       0
52      2       0       2    2    1       1       1       "Hades Helm"                  94     41      0               86      380     60      15      181     0       0       0       1       0       0       0       0       0       0
53      2       0       2    2    1       1       1       "Queen Helm"                  150     80      0               86      380     60      15      0       0       0       0       0       0       0       0       0       3       0
59      2       0       2    2    1       1       1       "Helm Earth Dragon"           29      24      0               52      0       85      0       0       75      0       2       0       0       0       0       0       0       1
60      2       0       2    2    1       1       1       "Helm White Tiger"            36      32      0               68      0       100     0       0       90      0       0       0       0       0       0       0       0       1
61      2       0       2    2    1       1       1       "Helm Power"                  44      45      0               82      0       115     0       0       100     0       0       0       0       0       0       0       0       1
73      2       0       2    2    1       1       1       "Helm White Dragon"           58     60      0               88      380     97      0       0       85      0       0       0       0       0       0       0       0       1
77      2       0       2    2    1       1       1       "Helm Blood Dragon"           51     60      0               88      380     97      0       0       85      0       0       0       0       0       0       0       0       3
100     2       0       2    2    1       1       1       "Helm Blood God DK"           114     68      0               90      380     170     60      0       0       0       0       0       3       0       0       0       0       0
101     2       0       2    2    1       1       1       "Helm Blood God DW"           102     50      0               86      380     44      15      0       0       0       0       3       0       0       0       0       0       0
102     2       0       2    2    1       1       1       "Helm Blood God ELF"          96     59      0               86      380     38      80      0       0       0       0       0       0       3       0       0       0       0
103     2       0       2    2    1       1       1       "Helm Blood God SM"           48     46      0               86      380     62      20      170     0       0       0       0       0       0       0       0       3       0
105     2       0       2    2    1       1       1       "Helm Blood God DL"           110     35      0               82      380     62      16      0       0       0       0       0       0       0       0       3       0       0
106     2       0       2    2    1       1       1       "Helm Blood God RF"           65     62      0               88      380     97      0       0       85      0       0       0       0       0       0       0       0       3
107     2       0       2    2    1       1       1       "Helm Dark God DK"            120     72      0               90      380     170     60      0       0       0       0       0       3       0       0       0       0       0
108     2       0       2    2    1       1       1       "Helm Dark God DW"            110     54      0               86      380     44      15      0       0       0       0       3       0       0       0       0       0       0
109     2       0       2    2    1       1       1       "Helm Dark God Elf"           105     63      0               86      380     38      80      0       0       0       0       0       0       3       0       0       0       0
110     2       0       2    2    1       1       1       "Helm Dark God SM"            64     50      0               82      380     62      16      0       0       0       0       0       0       0       0       0       3       0
112     2       0       2    2    1       1       1       "Helm Dark God DL"            119     39      0               86      380     62      20      170     0       0       0       0       0       0       0       3       0       0
113     2       0       2    2    1       1       1       "Helm Dark God RF"            79     66      0               88      380     97      0       0       85      0       0       0       0       0       0       0       0       3
114     2       0       2    2    1       1       1       "Helm Holy God DK"            123     74      0               90      380     170     60      0       0       0       0       0       3       0       0       0       0       0
115     2       0       2    2    1       1       1       "Helm Holy God DW"            114     56      0               86      380     44      15      0       0       0       0       3       0       0       0       0       0       0
116     2       0       2    2    1       1       1       "Helm Holy God Elf"           109     65      0               86      380     38      80      0       0       0       0       0       0       3       0       0       0       0
117     2       0       2    2    1       1       1       "Helm Holy God SM"            72     52      0               82      380     62      16      0       0       0       0       0       0       0       0       0       3       0
119     2       0       2    2    1       1       1       "Helm Holy God DL"            122     41      0               86      380     62      20      170     0       0       0       0       0       0       0       3       0       0
120     2       0       2    2    1       1       1       "Helm Holy God RF"            86     68      0               88      380     97      0       0       85      0       0       0       0       0       0       0       0       3
121     2       0       2    2    1       1       1       "Helm Awakening DK"           117     70      0               90      380     170     60      0       0       0       0       0       3       0       0       0       0       0
122     2       0       2    2    1       1       1       "Helm Awakening DW"           106     52      0               86      380     44      15      0       0       0       0       3       0       0       0       0       0       0
123     2       0       2    2    1       1       1       "Helm Awakening Elf"          100     61      0               86      380     38      80      0       0       0       0       0       0       3       0       0       0       0
124     2       0       2    2    1       1       1       "Helm Awakening SM"           56     48      0               82      380     62      16      0       0       0       0       0       0       0       0       0       3       0
126     2       0       2    2    1       1       1       "Helm Awakening DL"           116     37      0               86      380     62      20      170     0       0       0       0       0       0       0       3       0       0
127     2       0       2    2    1       1       1       "Helm Awakening RF"           72     64      0               88      380     97      0       0       85      0       0       0       0       0       0       0       0       3
128     2       0       2    2    1       1       1       "Helm Blue Eye DK"            126     76      0               90      380     170     60      0       0       0       0       0       3       0       0       0       0       0
129     2       0       2    2    1       1       1       "Helm Blue Eye DW"            118     58      0               86      380     44      15      0       0       0       0       3       0       0       0       0       0       0
130     2       0       2    2    1       1       1       "Helm Blue Eye Elf"           114     67      0               86      380     38      80      0       0       0       0       0       0       3       0       0       0       0
131     2       0       2    2    1       1       1       "Helm Blue Eye SM"            79     54      0               82      380     62      16      0       0       0       0       0       0       0       0       0       3       0
133     2       0       2    2    1       1       1       "Helm Blue Eye DL"            125     43      0               86      380     62      20      170     0       0       0       0       0       0       0       3       0       0
134     2       0       2    2    1       1       1       "Helm Blue Eye RF"            93     70      0               88      380     97      0       0       85      0       0       0       0       0       0       0       0       3
135     2       0       2    2    1       1       1       "Helm Silver Heart DK"        129     78      0               90      380     170     60      0       0       0       0       0       3       0       0       0       0       0
136     2       0       2    2    1       1       1       "Helm Silver Heart DW"        122     60      0               86      380     44      15      0       0       0       0       3       0       0       0       0       0       0
137     2       0       2    2    1       1       1       "Helm Silver Heart Elf"       118     69      0               86      380     38      80      0       0       0       0       0       0       3       0       0       0       0
138     2       0       2    2    1       1       1       "Helm Silver Heart SM"        87     56      0               75      380     57      19      0       0       0       0       0       0       0       0       0       3       0
140     2       0       2    2    1       1       1       "Helm Silver Heart DL"        128     45      0               82      380     62      16      170     0       0       0       0       0       0       0       3       0       0
141     2       0       2    2    1       1       1       "Helm Silver Heart RF"        100     72      0               88      380     97      0       0       85      0       0       0       0       0       0       0       0       3
142     2       0       2    2    1       1       1       "Helm Fierce Lion DK"         132     80      0               90      380     170     60      0       0       0       0       0       3       0       0       0       0       0
143     2       0       2    2    1       1       1       "Helm Fierce Lion DW"         126     62      0               86      380     44      15      0       0       0       0       3       0       0       0       0       0       0
144     2       0       2    2    1       1       1       "Helm Fierce Lion Elf"        123     71      0               86      380     38      80      0       0       0       0       0       0       3       0       0       0       0
145     2       0       2    2    1       1       1       "Helm Fierce Lion SM"         95     58      0               75      380     57      19      0       0       0       0       0       0       0       0       0       3       0
147     2       0       2    2    1       1       1       "Helm Fierce Lion DL"         131     47      0               82      380     62      16      170     0       0       0       0       0       0       0       3       0       0
148     2       0       2    2    1       1       1       "Helm Fierce Lion RF"         107     74      0               88      380     97      0       0       85      0       0       0       0       0       0       0       0       3
149     2       0       2    2    1       1       1       "Helm Nebula DK"              147     82      0               90      380     170     60      0       0       0       0       0       3       0       0       0       0       0
150     2       0       2    2    1       1       1       "Helm Nebula DW"              146     64      0               86      380     44      15      0       0       0       0       3       0       0       0       0       0       0
151     2       0       2    2    1       1       1       "Helm Nebula Elf"             145     73      0               86      380     38      80      0       0       0       0       0       0       3       0       0       0       0
152     2       0       2    2    1       1       1       "Helm Nebula SM"              134     60      0               75      380     57      19      0       0       0       0       0       0       0       0       0       3       0
154     2       0       2    2    1       1       1       "Helm Nebula DL"              147     49      0               82      380     62      16      170     0       0       0       0       0       0       0       3       0       0
155     2       0       2    2    1       1       1       "Helm Nebula RF"              143     76      0               88      380     97      0       0       85      0       0       0       0       0       0       0       0       3
156     2       0       2    2    1       1       1       "Helm Apocalypse DK"          135     82      0               90      380     170     60      0       0       0       0       0       3       0       0       0       0       0
157     2       0       2    2    1       1       1       "Helm Apocalypse DW"          130     64      0               86      380     44      15      0       0       0       0       3       0       0       0       0       0       0
158     2       0       2    2    1       1       1       "Helm Apocalypse Elf"         127     73      0               86      380     38      80      0       0       0       0       0       0       3       0       0       0       0
159     2       0       2    2    1       1       1       "Helm Apocalypse SM"          103     60      0               75      380     57      19      0       0       0       0       0       0       0       0       0       3       0
161     2       0       2    2    1       1       1       "Helm Apocalypse DL"          134     49      0               82      380     62      16      170     0       0       0       0       0       0       0       3       0       0
162     2       0       2    2    1       1       1       "Helm Apocalypse RF"          115     76      0               88      380     97      0       0       85      0       0       0       0       0       0       0       0       3
163     2       0       2    2    1       1       1       "Helm Thunder DK"             150     82      0               90      380     170     60      0       0       0       0       0       3       0       0       0       0       0
164     2       0       2    2    1       1       1       "Helm Thunder DW"             150     64      0               86      380     44      15      0       0       0       0       3       0       0       0       0       0       0
165     2       0       2    2    1       1       1       "Helm Thunder Elf"            150     73      0               86      380     38      80      0       0       0       0       0       0       3       0       0       0       0
166     2       0       2    2    1       1       1       "Helm Thunder SM"             142     60      0               75      380     57      19      0       0       0       0       0       0       0       0       0       3       0
168     2       0       2    2    1       1       1       "Helm Thunder DL"             150     49      0               82      380     62      16      170     0       0       0       0       0       0       0       3       0       0
169     2       0       2    2    1       1       1       "Helm Thunder RF"             150     76      0               88      380     97      0       0       85      0       0       0       0       0       0       0       0       3
170     2       0       2    2    1       1       1       "Helm Legendary DK"           144     82      0               90      380     170     60      0       0       0       0       0       3       0       0       0       0       0
171     2       0       2    2    1       1       1       "Helm Legendary DW"           142     64      0               86      380     44      15      0       0       0       0       3       0       0       0       0       0       0
172     2       0       2    2    1       1       1       "Helm Legendary Elf"          141     73      0               86      380     38      80      0       0       0       0       0       0       3       0       0       0       0
173     2       0       2    2    1       1       1       "Helm Legendary SM"           126     60      0               75      380     57      19      0       0       0       0       0       0       0       0       0       3       0
175     2       0       2    2    1       1       1       "Helm Legendary DL"           144     49      0               82      380     62      16      170     0       0       0       0       0       0       0       3       0       0
176     2       0       2    2    1       1       1       "Helm Legendary RF"           136     76      0               88      380     97      0       0       85      0       0       0       0       0       0       0       0       3
177     2       0       2    2    1       1       1       "Helm Azure Dragon DK"        138     82      0               90      380     170     60      0       0       0       0       0       3       0       0       0       0       0
178     2       0       2    2    1       1       1       "Helm Azure Dragon DW"        134     64      0               86      380     44      15      0       0       0       0       3       0       0       0       0       0       0
179     2       0       2    2    1       1       1       "Helm Azure Dragon Elf"       132     73      0               86      380     38      80      0       0       0       0       0       0       3       0       0       0       0
180     2       0       2    2    1       1       1       "Helm Azure Dragon SM"        111     60      0               75      380     57      19      0       0       0       0       0       0       0       0       0       3       0
182     2       0       2    2    1       1       1       "Helm Azure Dragon DL"        138     49      0               82      380     62      16      170     0       0       0       0       0       0       0       3       0       0
183     2       0       2    2    1       1       1       "Helm Azure Dragon RF"        122     76      0               88      380     97      0       0       85      0       0       0       0       0       0       0       0       3
184     2       0       2    2    1       1       1       "Helm Celestial DK"           141     82      0               90      380     170     60      0       0       0       0       0       3       0       0       0       0       0
185     2       0       2    2    1       1       1       "Helm Celestial DW"           138     64      0               86      380     44      15      0       0       0       0       3       0       0       0       0       0       0
186     2       0       2    2    1       1       1       "Helm Celestial Elf"          136     73      0               86      380     38      80      0       0       0       0       0       0       3       0       0       0       0
187     2       0       2    2    1       1       1       "Helm Celestial SM"           119     60      0               75      380     57      19      0       0       0       0       0       0       0       0       0       3       0
189     2       0       2    2    1       1       1       "Helm Celestial DL"           141     49      0               82      380     62      16      170     0       0       0       0       0       0       0       3       0       0
190     2       0       2    2    1       1       1       "Helm Celestial RF"           129     76      0               88      380     97      0       0       85      0       0       0       0       0       0       0       0       3
end

//Index Slot    Skill   X    Y    Serial  Option  Drop    Name                          level   Defense MagicDefense    Dur     ReqLvl  ReqStr  ReqDex  ReqEne  ReqVit  ReqLead SetAttr DW      DK      EF      MG      DL      SM      RF
8
0       3       0       2    2    1       1       1       "Bronze Armor"                77      14      0               34      0       80      20      0       0       0       4       0       1       0       1       1       0       0
1       3       0       2    3    1       1       1       "Dragon Armor"                89      37      0               68      0       120     30      0       0       0       4       0       1       0       1       0       0       0
2       3       0       2    2    1       1       1       "Pad Armor"                   17      7       0               28      0       30      0       0       0       0       4       1       0       0       1       0       0       0
3       3       0       2    2    1       1       1       "Legendary Armor"             82      22      0               42      0       40      0       0       0       0       4       1       0       0       1       0       0       0
4       3       0       2    2    1       1       1       "Bone Armor"                  21      13      0               30      0       40      0       0       0       0       4       1       0       0       1       0       0       0
5       3       0       2    3    1       1       1       "Leather Armor"               34      10      0               30      0       80      0       0       0       0       4       0       1       0       1       1       0       1
6       3       0       2    2    1       1       1       "Scale Armor"                 80      18      0               40      0       110     0       0       0       0       4       0       1       0       1       1       0       1
7       3       0       2    3    1       1       1       "Sphinx Armor"                73      17      0               36      0       40      0       0       0       0       4       1       0       0       1       0       0       0
8       3       0       2    2    1       1       1       "Brass Armor"                 83      22      0               44      0       100     30      0       0       0       4       0       1       0       1       0       0       1
9       3       0       2    2    1       1       1       "Plate Armor"                 86      30      0               50      0       130     0       0       0       0       4       0       1       0       1       0       0       1
10      3       0       2    2    1       1       1       "Vine Armor"                  42      8       0               22      0       30      60      0       0       0       4       0       0       1       0       0       0       0
11      3       0       2    2    1       1       1       "Silk Armor"                  46      12      0               26      0       30      70      0       0       0       4       0       0       1       0       0       0       0
12      3       0       2    2    1       1       1       "Wind Armor"                  55      16      0               32      0       30      80      0       0       0       4       0       0       1       0       0       0       0
13      3       0       2    2    1       1       1       "Spirit Armor"                60      21      0               38      0       40      80      0       0       0       4       0       0       1       0       0       0       0
14      3       0       2    2    1       1       1       "Guardian Armor"              64      29      0               45      0       40      80      0       0       0       4       0       0       1       0       0       0       0
15      3       0       2    3    1       1       1       "Storm Crow Armor"            93      44      0               80      0       150     70      0       0       0       4       0       0       0       1       0       0       0
16      3       0       2    3    1       1       1       "Black Dragon Armor"          95      48      0               74      0       170     60      0       0       0       4       0       1       0       0       0       0       0
17      3       0       2    3    1       1       1       "Dark Phoenix Armor"          98     63      0               80      0       214     65      0       0       0       4       0       2       0       0       0       0       0
18      3       0       2    3    1       1       1       "Grand Soul Armor"            86      33      0               67      0       59      20      0       0       0       4       2       0       0       0       0       0       0
19      3       0       2    2    1       1       1       "Divine Armor"                87      44      0               74      0       50      110     0       0       0       4       0       0       2       0       0       0       0
20      3       0       2    3    1       1       1       "Thunder Hawk Armor"          101     60      0               82      0       170     70      0       0       0       4       0       0       0       1       0       0       0
21      3       0       2    3    1       1       1       "Great Dragon Armor"          104     75      0               86      0       200     58      0       0       0       4       0       2       0       0       0       0       0
22      3       0       2    3    1       1       1       "Dark Soul Armor"             90     43      0               75      0       55      18      0       0       0       4       2       0       0       0       0       0       0
23      3       0       2    3    1       1       1       "Hurricane Armor"             107     73      0               90      0       162     66      0       0       0       4       0       0       0       1       0       0       0
24      3       0       2    2    1       1       1       "Red Sprit Armor"             51     55      0               80      0       52      115     0       0       0       4       0       0       2       0       0       0       0
25      3       0       2    3    1       1       1       "Light Plate Armor"           91      25      0               42      0       70      20      0       0       0       4       0       0       0       0       1       0       0
26      3       0       2    3    1       1       1       "Adamantine Armor"            94      36      0               56      0       77      21      0       0       0       4       0       0       0       0       1       0       0
27      3       0       2    3    1       1       1       "Dark Steel Armor"            97      43      0               70      0       84      22      0       0       0       4       0       0       0       0       1       0       0
28      3       0       2    3    1       1       1       "Dark Master Armor"           103     51      0               78      0       80      21      0       0       0       4       0       0       0       0       1       0       0
29      3       0       2    3    1       1       1       "Dragon Knight Armor"         110     88      0               90      380     170     60      0       0       0       0       0       2       0       0       0       0       0
30      3       0       2    3    1       1       1       "Venom Mist Armor"            98     57      0               86      380     44      15      0       0       0       0       2       0       0       0       0       0       0
31      3       0       2    3    1       1       1       "Sylphid Ray Armor"           91     68      0               86      380     38      80      0       0       0       0       0       0       2       0       0       0       0
32      3       0       2    3    1       1       1       "Volcano Armor"               113     86      0               95      380     145     60      0       0       0       0       0       0       0       1       0       0       0
33      3       0       2    3    1       1       1       "Sunlight Armor"              113     64      0               82      380     62      16      0       0       0       0       0       0       0       0       1       0       0
34      3       0       2    3    1       1       1       "Ashcrow Armor"               92      42      0               72      0       160     50      0       0       0       0       0       1       0       0       0       0       0
35      3       0       2    3    1       1       1       "Eclipse Armor"               78      27      0               54      0       53      12      0       0       0       0       1       0       0       0       0       0       0
36      3       0       2    3    1       1       1       "Iris Armor"                  73      36      0               59      0       50      70      0       0       0       0       0       0       1       0       0       0       0
37      3       0       2    3    1       1       1       "Valiant Armor"               98     52      0               81      0       155     50      0       0       0       0       0       0       0       1       0       0       0
38      3       0       2    3    1       1       1       "Glorious Armor"              100     47      0               74      0       80      21      0       0       0       0       0       0       0       0       1       0       0
39      3       0       2    2    1       1       1       "Violent Wind Armor"          1      22      0               36      0       39      0       0       0       0       4       0       0       0       0       0       1       0
40      3       0       2    2    1       1       1       "Red Wing Armor"              9      28      0               42      0       35      8       0       0       0       4       0       0       0       0       0       1       0
41      3       0       2    2    1       1       1       "Ancient Armor"               17      35      0               54      0       52      16      0       0       0       4       0       0       0       0       0       1       0
42      3       0       2    2    1       1       1       "Black Rose Armor"            25      45      0               67      0       60      20      0       0       0       0       0       0       0       0       0       2       0
43      3       0       2    2    1       1       1       "Aura Armor"                  40     56      0               75      380     57      19      0       0       0       0       0       0       0       0       0       2       0
44      3       0       2    2    1       1       1       "Lilium Armor"                32     49      0               86      380     62      20      170     0       0       0       0       0       0       0       0       2       0
45      3       0       2    3    1       1       1       "Titan  Armor"                107     81      0               86      380     222     32      0       0       0       0       0       1       0       0       0       0       0
46      3       0       2    3    1       1       1       "Brave Armor"                 101     62      0               86      380     74      162     0       0       0       0       0       1       0       0       0       0       0
47      3       0       2    3    1       1       1       "Phantom  Armor"              110     80      0               86      380     212     57      0       0       0       0       0       0       0       1       0       0       0
48      3       0       2    3    1       1       1       "Destroy Armor"               104     66      0               86      380     62      19      165     0       0       0       0       0       0       1       0       0       0
49      3       0       2    2    1       1       1       "Seraphim Armor"              82     60      0               86      380     55      197     0       0       0       0       0       0       1       0       0       0       0
50      3       0       2    2    1       1       1       "Faith Armor"                 69     52      0               86      380     32      29      138     0       0       0       0       0       1       0       0       0       0
51      3       0       2    3    1       1       1       "Paewang Armor"               107     58      0               86      380     105     38      0       0       0       0       0       0       0       0       1       0       0
52      3       0       2    3    1       1       1       "Hades Armor"                 94     50      0               86      380     60      15      181     0       0       0       1       0       0       0       0       0       0
53      3       0       2    2    1       1       1       "Queen Amor"                  150     80      0               86      380     60      15      0       0       0       0       0       0       0       0       0       3       0
59      3       0       2    3    1       1       1       "Armor Earth Dragon"          29      43      0               52      0       85      0       0       75      0       0       0       0       0       0       0       0       1
60      3       0       2    3    1       1       1       "Armor White Tiger"           36      51      0               68      0       100     0       0       90      0       0       0       0       0       0       0       0       1
61      3       0       2    3    1       1       1       "Armor Power"                 44     59      0               82      0       115     0       0       100     0       0       0       0       0       0       0       0       1
73      3       0       2    3    1       1       1       "Armor White Dragon"          58     78      0               88      380     97      0       0       85      0       0       0       0       0       0       0       0       1
77      3       0       2    3    1       1       1       "Armor Blood Dragon"          51     78      0               88      380     97      0       0       85      0       0       0       0       0       0       0       0       3
100     3       0       2    3    1       1       1       "Armor Blood God DK"          114     90      0               90      380     170     60      0       0       0       0       0       3       0       0       0       0       0
101     3       0       2    3    1       1       1       "Armor Blood God DW"          102     59      0               86      380     44      15      0       0       0       0       3       0       0       0       0       0       0
102     3       0       2    3    1       1       1       "Armor Blood God Elf"         96     70      0               86      380     38      80      0       0       0       0       0       0       3       0       0       0       0
103     3       0       2    2    1       1       1       "Armor Blood God SM"          48     58      0               75      380     57      19      0       0       0       0       0       0       0       0       0       3       0
104     3       0       2    3    1       1       1       "Armor Blood God MG"          116     88      0               95      380     145     60      0       0       0       0       0       0       0       3       0       0       0
105     3       0       2    3    1       1       1       "Armor Blood God DL"          110     66      0               82      380     62      16      0       0       0       0       0       0       0       0       3       0       0
106     3       0       2    3    1       1       1       "Armor Blood God RF"          65     80      0               88      380     97      0       0       85      0       0       0       0       0       0       0       0       3
107     3       0       2    3    1       1       1       "Armor Dark God DK"           120     94      0               90      380     170     60      0       0       0       0       0       3       0       0       0       0       0
108     3       0       2    3    1       1       1       "Armor Dark God DW"           110     63      0               86      380     44      15      0       0       0       0       3       0       0       0       0       0       0
109     3       0       2    3    1       1       1       "Armor Dark God Elf"          105     75      0               86      380     38      80      0       0       0       0       0       0       3       0       0       0       0
110     3       0       2    2    1       1       1       "Armor Dark God SM"           64     62      0               75      380     57      19      0       0       0       0       0       0       0       0       0       3       0
111     3       0       2    3    1       1       1       "Armor Dark God MG"           121     92      0               95      380     145     60      0       0       0       0       0       0       0       3       0       0       0
112     3       0       2    3    1       1       1       "Armor Dark God DL"           119     70      0               82      380     62      16      0       0       0       0       0       0       0       0       3       0       0
113     3       0       2    3    1       1       1       "Armor Dark God RF"           79     84      0               88      380     97      0       0       85      0       0       0       0       0       0       0       0       3
114     3       0       2    3    1       1       1       "Armor Holy God DK"           123     96      0               90      380     170     60      0       0       0       0       0       3       0       0       0       0       0
115     3       0       2    3    1       1       1       "Armor Holy God DW"           114     65      0               86      380     44      15      0       0       0       0       3       0       0       0       0       0       0
116     3       0       2    3    1       1       1       "Armor Holy God Elf"          109     77      0               86      380     38      80      0       0       0       0       0       0       3       0       0       0       0
117     3       0       2    2    1       1       1       "Armor Holy God SM"           72     64      0               75      380     57      19      0       0       0       0       0       0       0       0       0       3       0
118     3       0       2    3    1       1       1       "Armor Holy God MG"           124     94      0               95      380     145     60      0       0       0       0       0       0       0       3       0       0       0
119     3       0       2    3    1       1       1       "Armor Holy God DL"           122     72      0               82      380     62      16      0       0       0       0       0       0       0       0       3       0       0
120     3       0       2    3    1       1       1       "Armor Holy God RF"           86     86      0               88      380     97      0       0       85      0       0       0       0       0       0       0       0       3
121     3       0       2    3    1       1       1       "Armor Awakening DK"          117     92      0               90      380     170     60      0       0       0       0       0       3       0       0       0       0       0
122     3       0       2    3    1       1       1       "Armor Awakening DW"          106     61      0               86      380     44      15      0       0       0       0       3       0       0       0       0       0       0
123     3       0       2    3    1       1       1       "Armor Awakening Elf"         100     73      0               86      380     38      80      0       0       0       0       0       0       3       0       0       0       0
124     3       0       2    2    1       1       1       "Armor Awakening SM"          56     60      0               75      380     57      19      0       0       0       0       0       0       0       0       0       3       0
125     3       0       2    3    1       1       1       "Armor Awakening MG"          118     90      0               95      380     145     60      0       0       0       0       0       0       0       3       0       0       0
126     3       0       2    3    1       1       1       "Armor Awakening DL"          116     68      0               82      380     62      16      0       0       0       0       0       0       0       0       3       0       0
127     3       0       2    3    1       1       1       "Armor Awakening RF"          72     82      0               88      380     97      0       0       85      0       0       0       0       0       0       0       0       3
128     3       0       2    3    1       1       1       "Armor Blue Eye DK"           126     98      0               90      380     170     60      0       0       0       0       0       3       0       0       0       0       0
129     3       0       2    3    1       1       1       "Armor Blue Eye DW"           118     67      0               86      380     44      15      0       0       0       0       3       0       0       0       0       0       0
130     3       0       2    3    1       1       1       "Armor Blue Eye Elf"          114     79      0               86      380     38      80      0       0       0       0       0       0       3       0       0       0       0
131     3       0       2    2    1       1       1       "Armor Blue Eye SM"           79     66      0               75      380     57      19      0       0       0       0       0       0       0       0       0       3       0
132     3       0       2    3    1       1       1       "Armor Blue Eye MG"           127     96      0               95      380     145     60      0       0       0       0       0       0       0       3       0       0       0
133     3       0       2    3    1       1       1       "Armor Blue Eye DL"           125     74      0               82      380     62      16      0       0       0       0       0       0       0       0       3       0       0
134     3       0       2    3    1       1       1       "Armor Blue Eye RF"           93     88      0               88      380     97      0       0       85      0       0       0       0       0       0       0       0       3
135     3       0       2    3    1       1       1       "Armor Silver Heart DK"       129     100     0               90      380     170     60      0       0       0       0       0       3       0       0       0       0       0
136     3       0       2    3    1       1       1       "Armor Silver Heart DW"       122     69      0               86      380     44      15      0       0       0       0       3       0       0       0       0       0       0
137     3       0       2    3    1       1       1       "Armor Silver Heart Elf"      118     81      0               86      380     38      80      0       0       0       0       0       0       3       0       0       0       0
138     3       0       2    2    1       1       1       "Armor Silver Heart SM"       87     68      0               75      380     57      19      0       0       0       0       0       0       0       0       0       3       0
139     3       0       2    3    1       1       1       "Armor Silver Heart MG"       130     98      0               95      380     145     60      0       0       0       0       0       0       0       3       0       0       0
140     3       0       2    3    1       1       1       "Armor Silver Heart DL"       128     76      0               82      380     62      16      0       0       0       0       0       0       0       0       3       0       0
141     3       0       2    3    1       1       1       "Armor Silver Heart RF"       100     90      0               88      380     97      0       0       85      0       0       0       0       0       0       0       0       3
142     3       0       2    3    1       1       1       "Armor Fierce Lion DK"        132     102     0               90      380     170     60      0       0       0       0       0       3       0       0       0       0       0
143     3       0       2    3    1       1       1       "Armor Fierce Lion DW"        126     71      0               86      380     44      15      0       0       0       0       3       0       0       0       0       0       0
144     3       0       2    3    1       1       1       "Armor Fierce Lion Elf"       123     83      0               86      380     38      80      0       0       0       0       0       0       3       0       0       0       0
145     3       0       2    2    1       1       1       "Armor Fierce Lion SM"        95     70      0               75      380     57      19      0       0       0       0       0       0       0       0       0       3       0
146     3       0       2    3    1       1       1       "Armor Fierce Lion MG"        133     100     0               95      380     145     60      0       0       0       0       0       0       0       3       0       0       0
147     3       0       2    3    1       1       1       "Armor Fierce Lion DL"        131     78      0               82      380     62      16      0       0       0       0       0       0       0       0       3       0       0
148     3       0       2    3    1       1       1       "Armor Fierce Lion RF"        107     92      0               88      380     97      0       0       85      0       0       0       0       0       0       0       0       3
149     3       0       2    3    1       1       1       "Armor Nebula DK"             147     104     0               90      380     170     60      0       0       0       0       0       3       0       0       0       0       0
150     3       0       2    3    1       1       1       "Armor Nebula DW"             146     73      0               86      380     44      15      0       0       0       0       3       0       0       0       0       0       0
151     3       0       2    3    1       1       1       "Armor Nebula Elf"            145     85      0               86      380     38      80      0       0       0       0       0       0       3       0       0       0       0
152     3       0       2    2    1       1       1       "Armor Nebula SM"             134     72      0               75      380     57      19      0       0       0       0       0       0       0       0       0       3       0
153     3       0       2    3    1       1       1       "Armor Nebula MG"             147     102     0               95      380     145     60      0       0       0       0       0       0       0       3       0       0       0
154     3       0       2    3    1       1       1       "Armor Nebula DL"             147     80      0               82      380     62      16      0       0       0       0       0       0       0       0       3       0       0
155     3       0       2    3    1       1       1       "Armor Nebula RF"             143     94      0               88      380     97      0       0       85      0       0       0       0       0       0       0       0       3
156     3       0       2    3    1       1       1       "Armor Apocalypse DK"         135     104     0               90      380     170     60      0       0       0       0       0       3       0       0       0       0       0
157     3       0       2    3    1       1       1       "Armor Apocalypse DW"         130     73      0               86      380     44      15      0       0       0       0       3       0       0       0       0       0       0
158     3       0       2    3    1       1       1       "Armor Apocalypse Elf"        127     85      0               86      380     38      80      0       0       0       0       0       0       3       0       0       0       0
159     3       0       2    2    1       1       1       "Armor Apocalypse SM"         103     72      0               75      380     57      19      0       0       0       0       0       0       0       0       0       3       0
160     3       0       2    3    1       1       1       "Armor Apocalypse MG"         136     102     0               95      380     145     60      0       0       0       0       0       0       0       3       0       0       0
161     3       0       2    3    1       1       1       "Armor Apocalypse DL"         134     80      0               82      380     62      16      0       0       0       0       0       0       0       0       3       0       0
162     3       0       2    3    1       1       1       "Armor Apocalypse RF"         115     94      0               88      380     97      0       0       85      0       0       0       0       0       0       0       0       3
163     3       0       2    3    1       1       1       "Armor Thunder DK"            150     104     0               90      380     170     60      0       0       0       0       0       3       0       0       0       0       0
164     3       0       2    3    1       1       1       "Armor Thunder DW"            150     73      0               86      380     44      15      0       0       0       0       3       0       0       0       0       0       0
165     3       0       2    3    1       1       1       "Armor Thunder Elf"           150     85      0               86      380     38      80      0       0       0       0       0       0       3       0       0       0       0
166     3       0       2    2    1       1       1       "Armor Thunder SM"            142     72      0               75      380     57      19      0       0       0       0       0       0       0       0       0       3       0
167     3       0       2    3    1       1       1       "Armor Thunder MG"            150     102     0               95      380     145     60      0       0       0       0       0       0       0       3       0       0       0
168     3       0       2    3    1       1       1       "Armor Thunder DL"            150     80      0               82      380     62      16      0       0       0       0       0       0       0       0       3       0       0
169     3       0       2    3    1       1       1       "Armor Thunder RF"            150     94      0               88      380     97      0       0       85      0       0       0       0       0       0       0       0       3
170     3       0       2    3    1       1       1       "Armor Legendary DK"          144     104     0               90      380     170     60      0       0       0       0       0       3       0       0       0       0       0
171     3       0       2    3    1       1       1       "Armor Legendary DW"          142     73      0               86      380     44      15      0       0       0       0       3       0       0       0       0       0       0
172     3       0       2    3    1       1       1       "Armor Legendary Elf"         141     85      0               86      380     38      80      0       0       0       0       0       0       3       0       0       0       0
173     3       0       2    2    1       1       1       "Armor Legendary SM"          126     72      0               75      380     57      19      0       0       0       0       0       0       0       0       0       3       0
174     3       0       2    3    1       1       1       "Armor Legendary MG"          144     102     0               95      380     145     60      0       0       0       0       0       0       0       3       0       0       0
175     3       0       2    3    1       1       1       "Armor Legendary DL"          144     80      0               82      380     62      16      0       0       0       0       0       0       0       0       3       0       0
176     3       0       2    3    1       1       1       "Armor Legendary RF"          136     94      0               88      380     97      0       0       85      0       0       0       0       0       0       0       0       3
177     3       0       2    3    1       1       1       "Armor Azure Dragon DK"       138     104     0               90      380     170     60      0       0       0       0       0       3       0       0       0       0       0
178     3       0       2    3    1       1       1       "Armor Azure Dragon DW"       134     73      0               86      380     44      15      0       0       0       0       3       0       0       0       0       0       0
179     3       0       2    3    1       1       1       "Armor Azure Dragon Elf"      132     85      0               86      380     38      80      0       0       0       0       0       0       3       0       0       0       0
180     3       0       2    2    1       1       1       "Armor Azure Dragon SM"       111     72      0               75      380     57      19      0       0       0       0       0       0       0       0       0       3       0
181     3       0       2    3    1       1       1       "Armor Azure Dragon MG"       139     102     0               95      380     145     60      0       0       0       0       0       0       0       3       0       0       0
182     3       0       2    3    1       1       1       "Armor Azure Dragon DL"       138     80      0               82      380     62      16      0       0       0       0       0       0       0       0       3       0       0
183     3       0       2    3    1       1       1       "Armor Azure Dragon RF"       122     94      0               88      380     97      0       0       85      0       0       0       0       0       0       0       0       3
184     3       0       2    3    1       1       1       "Armor Celestial DK"          141     104     0               90      380     170     60      0       0       0       0       0       3       0       0       0       0       0
185     3       0       2    3    1       1       1       "Armor Celestial DW"          138     73      0               86      380     44      15      0       0       0       0       3       0       0       0       0       0       0
186     3       0       2    3    1       1       1       "Armor Celestial Elf"         136     85      0               86      380     38      80      0       0       0       0       0       0       3       0       0       0       0
187     3       0       2    2    1       1       1       "Armor Celestial SM"          119     72      0               75      380     57      19      0       0       0       0       0       0       0       0       0       3       0
188     3       0       2    3    1       1       1       "Armor Celestial MG"          141     102     0               95      380     145     60      0       0       0       0       0       0       0       3       0       0       0
189     3       0       2    3    1       1       1       "Armor Celestial DL"          141     80      0               82      380     62      16      0       0       0       0       0       0       0       0       3       0       0
190     3       0       2    3    1       1       1       "Armor Celestial RF"          129     94      0               88      380     97      0       0       85      0       0       0       0       0       0       0       0       3
end

//Index Slot    Skill   X    Y    Serial  Option  Drop    Name                          level   Defense MagicDefense    Dur     ReqLvl  ReqStr  ReqDex  ReqEne  ReqVit  ReqLead SetAttr DW      DK      EF      MG      DL      SM      RF
9
0       4       0       2    2    1       1       1       "Bronze Pants"                77      10      0               34      0       80      20      0       0       0       4       0       1       0       1       1       0       0
1       4       0       2    2    1       1       1       "Dragon Pants"                89      26      0               68      0       120     30      0       0       0       4       0       1       0       1       0       0       0
2       4       0       2    2    1       1       1       "Pad Pants"                   17       5       0               28      0       30      0       0       0       0       4       1       0       0       1       0       0       0
3       4       0       2    2    1       1       1       "Legendary Pants"             82      20      0               42      0       40      0       0       0       0       4       1       0       0       1       0       0       0
4       4       0       2    2    1       1       1       "Bone Pants"                  21      10      0               30      0       40      0       0       0       0       4       1       0       0       1       0       0       0
5       4       0       2    2    1       1       1       "Leather Pants"               34       7       0               30      0       80      0       0       0       0       4       0       1       0       1       1       0       1
6       4       0       2    2    1       1       1       "Scale Pants"                 80      14      0               40      0       110     0       0       0       0       4       0       1       0       1       1       0       1
7       4       0       2    2    1       1       1       "Sphinx Pants"                73      15      0               36      0       40      0       0       0       0       4       1       0       0       1       0       0       0
8       4       0       2    2    1       1       1       "Brass Pants"                 83      18      0               44      0       100     30      0       0       0       4       0       1       0       1       0       0       1
9       4       0       2    2    1       1       1       "Plate Pants"                 86      22      0               50      0       130     0       0       0       0       4       0       1       0       1       0       0       1
10      4       0       2    2    1       1       1       "Vine Pants"                  42       6       0               22      0       30      60      0       0       0       4       0       0       1       0       0       0       0
11      4       0       2    2    1       1       1       "Silk Pants"                  46      10      0               26      0       30      70      0       0       0       4       0       0       1       0       0       0       0
12      4       0       2    2    1       1       1       "Wind Pants"                  55      14      0               32      0       30      80      0       0       0       4       0       0       1       0       0       0       0
13      4       0       2    2    1       1       1       "Spirit Pants"                60      18      0               38      0       40      80      0       0       0       4       0       0       1       0       0       0       0
14      4       0       2    2    1       1       1       "Guardian Pants"              64      25      0               45      0       40      80      0       0       0       4       0       0       1       0       0       0       0
15      4       0       2    2    1       1       1       "Storm Crow Pants"            93      34      0               80      0       150     70      0       0       0       4       0       0       0       1       0       0       0
16      4       0       2    2    1       1       1       "Black Dragon Pants"          95      40      0               74      0       170     60      0       0       0       4       0       1       0       0       0       0       0
17      4       0       2    2    1       1       1       "Dark Phoenix Pants"          98      54      0               80      0       207     63      0       0       0       4       0       2       0       0       0       0       0
18      4       0       2    2    1       1       1       "Grand Soul Pants"            86      30      0               67      0       59      20      0       0       0       4       2       0       0       0       0       0       0
19      4       0       2    2    1       1       1       "Divine Pants"                87      39      0               74      0       50      110     0       0       0       4       0       0       2       0       0       0       0
20      4       0       2    2    1       1       1       "Thunder Hawk Pants"          101      49      0               82      0       150     70      0       0       0       4       0       0       0       1       0       0       0
21      4       0       2    2    1       1       1       "Great Dragon Pants"          104     65      0               86      0       200     58      0       0       0       4       0       2       0       0       0       0       0
22      4       0       2    2    1       1       1       "Dark Soul Pants"             90     39      0               75      0       55      18      0       0       0       4       2       0       0       0       0       0       0
23      4       0       2    2    1       1       1       "Hurricane Pants"             107     61      0               90      0       162     66      0       0       0       4       0       0       0       1       0       0       0
24      4       0       2    2    1       1       1       "Red Spirit Pants"            78     48      0               80      0       52      115     0       0       0       4       0       0       2       0       0       0       0
25      4       0       2    2    1       1       1       "Light Plate Pants"           91      21      0               42      0       70      20      0       0       0       4       0       0       0       0       1       0       0
26      4       0       2    2    1       1       1       "Adamantine Pants"            94      26      0               56      0       77      21      0       0       0       4       0       0       0       0       1       0       0
27      4       0       2    2    1       1       1       "Dark Steel Pants"            97      31      0               70      0       84      22      0       0       0       4       0       0       0       0       1       0       0
28      4       0       2    2    1       1       1       "Dark Master Pants"           103     39      0               78      0       80      21      0       0       0       4       0       0       0       0       1       0       0
29      4       0       2    2    1       1       1       "Dragon Knight Pants"         110     78      0               90      380     170     60      0       0       0       0       0       2       0       0       0       0       0
30      4       0       2    2    1       1       1       "Venom Mist Pants"            98     55      0               86      380     44      15      0       0       0       0       2       0       0       0       0       0       0
31      4       0       2    2    1       1       1       "Sylphid Ray Pants"           91     61      0               86      380     38      80      0       0       0       0       0       0       2       0       0       0       0
32      4       0       2    2    1       1       1       "Volcano Pants"               113     74      0               95      380     145     60      0       0       0       0       0       0       0       1       0       0       0
33      4       0       2    2    1       1       1       "Sunlight Pants"              113     52      0               82      380     62      16      0       0       0       0       0       0       0       0       1       0       0
34      4       0       2    2    1       1       1       "Ashcrow Pants"               92      33      0               72      0       160     50      0       0       0       0       0       1       0       0       0       0       0
35      4       0       2    2    1       1       1       "Eclipse Pants"               78      25      0               54      0       53      12      0       0       0       0       1       0       0       0       0       0       0
36      4       0       2    2    1       1       1       "Iris Pants"                  73      32      0               59      0       50      70      0       0       0       0       0       0       1       0       0       0       0
37      4       0       2    2    1       1       1       "Valiant Pants"               98     41      0               81      0       155     50      0       0       0       0       0       0       0       1       0       0       0
38      4       0       2    2    1       1       1       "Glorious Pants"              100     35      0               74      0       80      21      0       0       0       0       0       0       0       0       1       0       0
39      4       0       2    2    1       1       1       "Violent Wind Pants"          1      16      0               36      0       36      0       0       0       0       4       0       0       0       0       0       1       0
40      4       0       2    2    1       1       1       "Red Wing Pants"              9      22      0               42      0       35      7       0       0       0       4       0       0       0       0       0       1       0
41      4       0       2    2    1       1       1       "Ancient Pants"               17      28      0               54      0       49      16      0       0       0       4       0       0       0       0       0       1       0
42      4       0       2    2    1       1       1       "Black Rose Pants"            25      37      0               67      0       60      20      0       0       0       0       0       0       0       0       0       2       0
43      4       0       2    2    1       1       1       "Aura Pants"                  40     49      0               75      380     57      19      0       0       0       0       0       0       0       0       0       2       0
44      4       0       2    2    1       1       1       "Lilium Pants"                32     41      0               86      380     62      20      170     0       0       0       0       0       0       0       0       2       0
45      4       0       2    2    1       1       1       "Titan  Pants"                107     74      0               86      380     222     32      0       0       0       0       0       1       0       0       0       0       0
46      4       0       2    2    1       1       1       "Brave Pants"                 101     58      0               86      380     74      162     0       0       0       0       0       1       0       0       0       0       0
47      4       0       2    2    1       1       1       "Phantom  Pants"              110     66      0               86      380     212     57      0       0       0       0       0       0       0       1       0       0       0
48      4       0       2    2    1       1       1       "Destroy Pants"               104     51      0               86      380     62      19      165     0       0       0       0       0       0       1       0       0       0
49      4       0       2    2    1       1       1       "Seraphim Pants"              82     53      0               86      380     55      197     0       0       0       0       0       0       1       0       0       0       0
50      4       0       2    2    1       1       1       "Divine Pants"                87     46      0               86      380     32      29      138     0       0       0       0       0       1       0       0       0       0
51      4       0       2    2    1       1       1       "Paewang Pants"               107     46      0               86      380     105     38      0       0       0       0       0       0       0       0       1       0       0
52      4       0       2    2    1       1       1       "Hades Pants"                 94     44      0               86      380     60      15      181     0       0       0       1       0       0       0       0       0       0
53      4       0       2    2    1       1       1       "Queen Pants"                 150     80      0               86      380     60      15      0       0       0       0       0       0       0       0       0       3       0
59      4       0       2    2    1       1       1       "Pants Earth Dragon"          29      33      0               52      0       85      0       0       75      0       0       0       0       0       0       0       0       1
60      4       0       2    2    1       1       1       "Pants White Tiger"           36      41      0               68      0       100     0       0       90      0       0       0       0       0       0       0       0       1
61      4       0       2    2    1       1       1       "Pants Power"                 44      49      0               82      0       115     0       0       100     0       0       0       0       0       0       0       0       1
73      4       0       2    2    1       1       1       "Pants White Dragon"          58     68      0               88      380     97      0       0       85      0       0       0       0       0       0       0       0       1
77      4       0       2    2    1       1       1       "Pants Blood Dragon"          51     68      0               88      380     97      0       0       85      0       0       0       0       0       0       0       0       3
100     4       0       2    2    1       1       1       "Pants Blood God DK"          114     80      0               90      380     170     60      0       0       0       0       0       3       0       0       0       0       0
101     4       0       2    2    1       1       1       "Pants Blood God DW"          102     57      0               86      380     44      15      0       0       0       0       3       0       0       0       0       0       0
102     4       0       2    2    1       1       1       "Pants Blood God Elf"         96     63      0               86      380     38      80      0       0       0       0       0       0       3       0       0       0       0
103     4       0       2    2    1       1       1       "Pants Blood God SM"          48     51      0               75      380     57      19      0       0       0       0       0       0       0       0       0       3       0
104     4       0       2    2    1       1       1       "Pants Blood God MG"          116     76      0               95      380     145     60      0       0       0       0       0       0       0       3       0       0       0
105     4       0       2    2    1       1       1       "Pants Blood God DL"          110     54      0               82      380     62      16      0       0       0       0       0       0       0       0       3       0       0
106     4       0       2    2    1       1       1       "Pants Blood God RF"          65     70      0               88      380     97      0       0       85      0       0       0       0       0       0       0       0       3
107     4       0       2    2    1       1       1       "Pants Dark God DK"           120     82      0               90      380     170     60      0       0       0       0       0       3       0       0       0       0       0
108     4       0       2    2    1       1       1       "Pants Dark God DW"           110     59      0               86      380     44      15      0       0       0       0       3       0       0       0       0       0       0
109     4       0       2    2    1       1       1       "Pants Dark God Elf"          105     65      0               86      380     38      80      0       0       0       0       0       0       3       0       0       0       0
110     4       0       2    2    1       1       1       "Pants Dark God SM"           64     53      0               75      380     57      19      0       0       0       0       0       0       0       0       0       3       0
111     4       0       2    2    1       1       1       "Pants Dark God MG"           121     78      0               95      380     145     60      0       0       0       0       0       0       0       3       0       0       0
112     4       0       2    2    1       1       1       "Pants Dark God DL"           119     56      0               82      380     62      16      0       0       0       0       0       0       0       0       3       0       0
113     4       0       2    2    1       1       1       "Pants Dark God RF"           79     72      0               88      380     97      0       0       85      0       0       0       0       0       0       0       0       3
114     4       0       2    2    1       1       1       "Pants Holy God DK"           123     84      0               90      380     170     60      0       0       0       0       0       3       0       0       0       0       0
115     4       0       2    2    1       1       1       "Pants Holy God DW"           114     61      0               86      380     44      15      0       0       0       0       3       0       0       0       0       0       0
116     4       0       2    2    1       1       1       "Pants Holy God Elf"          109     67      0               86      380     38      80      0       0       0       0       0       0       3       0       0       0       0
117     4       0       2    2    1       1       1       "Pants Holy God SM"           72     55      0               75      380     57      19      0       0       0       0       0       0       0       0       0       3       0
118     4       0       2    2    1       1       1       "Pants Holy God MG"           124     80      0               95      380     145     60      0       0       0       0       0       0       0       3       0       0       0
119     4       0       2    2    1       1       1       "Pants Holy God DL"           122     58      0               82      380     62      16      0       0       0       0       0       0       0       0       3       0       0
120     4       0       2    2    1       1       1       "Pants Holy God RF"           86     74      0               88      380     97      0       0       85      0       0       0       0       0       0       0       0       3
121     4       0       2    2    1       1       1       "Pants Awakening DK"          117     86      0               90      380     170     60      0       0       0       0       0       3       0       0       0       0       0
122     4       0       2    2    1       1       1       "Pants Awakening DW"          106     63      0               86      380     44      15      0       0       0       0       3       0       0       0       0       0       0
123     4       0       2    2    1       1       1       "Pants Awakening Elf"         100     69      0               86      380     38      80      0       0       0       0       0       0       3       0       0       0       0
124     4       0       2    2    1       1       1       "Pants Awakening SM"          56     57      0               75      380     57      19      0       0       0       0       0       0       0       0       0       3       0
125     4       0       2    2    1       1       1       "Pants Awakening MG"          118     82      0               95      380     145     60      0       0       0       0       0       0       0       3       0       0       0
126     4       0       2    2    1       1       1       "Pants Awakening DL"          116     60      0               82      380     62      16      0       0       0       0       0       0       0       0       3       0       0
127     4       0       2    2    1       1       1       "Pants Awakening RF"          72     76      0               88      380     97      0       0       85      0       0       0       0       0       0       0       0       3
128     4       0       2    2    1       1       1       "Pants Blue Eye DK"           126     88      0               90      380     170     60      0       0       0       0       0       3       0       0       0       0       0
129     4       0       2    2    1       1       1       "Pants Blue Eye DW"           118     65      0               86      380     44      15      0       0       0       0       3       0       0       0       0       0       0
130     4       0       2    2    1       1       1       "Pants Blue Eye Elf"          114     71      0               86      380     38      80      0       0       0       0       0       0       3       0       0       0       0
131     4       0       2    2    1       1       1       "Pants Blue Eye SM"           79     59      0               75      380     57      19      0       0       0       0       0       0       0       0       0       3       0
132     4       0       2    2    1       1       1       "Pants Blue Eye MG"           127     84      0               95      380     145     60      0       0       0       0       0       0       0       3       0       0       0
133     4       0       2    2    1       1       1       "Pants Blue Eye DL"           125     62      0               82      380     62      16      0       0       0       0       0       0       0       0       3       0       0
134     4       0       2    2    1       1       1       "Pants Blue Eye RF"           93     78      0               88      380     97      0       0       85      0       0       0       0       0       0       0       0       3
135     4       0       2    2    1       1       1       "Pants Silver Heart DK"       129     92      0               90      380     170     60      0       0       0       0       0       3       0       0       0       0       0
136     4       0       2    2    1       1       1       "Pants Silver Heart DW"       122     68      0               86      380     44      15      0       0       0       0       3       0       0       0       0       0       0
137     4       0       2    2    1       1       1       "Pants Silver Heart Elf"      118     75      0               86      380     38      80      0       0       0       0       0       0       3       0       0       0       0
138     4       0       2    2    1       1       1       "Pants Silver Heart SM"       87     63      0               75      380     57      19      0       0       0       0       0       0       0       0       0       3       0
139     4       0       2    2    1       1       1       "Pants Silver Heart MG"       130     88      0               95      380     145     60      0       0       0       0       0       0       0       3       0       0       0
140     4       0       2    2    1       1       1       "Pants Silver Heart DL"       128     66      0               82      380     62      16      0       0       0       0       0       0       0       0       3       0       0
141     4       0       2    2    1       1       1       "Pants Silver Heart RF"       100     82      0               88      380     97      0       0       85      0       0       0       0       0       0       0       0       3
142     4       0       2    2    1       1       1       "Pants Fierce Lion DK"        132     96      0               90      380     170     60      0       0       0       0       0       3       0       0       0       0       0
143     4       0       2    2    1       1       1       "Pants Fierce Lion DW"        126     72      0               86      380     44      15      0       0       0       0       3       0       0       0       0       0       0
144     4       0       2    2    1       1       1       "Pants Fierce Lion Elf"       123     77      0               86      380     38      80      0       0       0       0       0       0       3       0       0       0       0
145     4       0       2    2    1       1       1       "Pants Fierce Lion SM"        95     67      0               75      380     57      19      0       0       0       0       0       0       0       0       0       3       0
146     4       0       2    2    1       1       1       "Pants Fierce Lion MG"        133     92      0               95      380     145     60      0       0       0       0       0       0       0       3       0       0       0
147     4       0       2    2    1       1       1       "Pants Fierce Lion DL"        131     70      0               82      380     62      16      0       0       0       0       0       0       0       0       3       0       0
148     4       0       2    2    1       1       1       "Pants Fierce Lion RF"        107     86      0               88      380     97      0       0       85      0       0       0       0       0       0       0       0       3
149     4       0       2    2    1       1       1       "Pants Nebula DK"             147     100     0               90      380     170     60      0       0       0       0       0       3       0       0       0       0       0
150     4       0       2    2    1       1       1       "Pants Nebula DW"             146     76      0               86      380     44      15      0       0       0       0       3       0       0       0       0       0       0
151     4       0       2    2    1       1       1       "Pants Nebula Elf"            145     81      0               86      380     38      80      0       0       0       0       0       0       3       0       0       0       0
152     4       0       2    2    1       1       1       "Pants Nebula SM"             134     71      0               75      380     57      19      0       0       0       0       0       0       0       0       0       3       0
153     4       0       2    2    1       1       1       "Pants Nebula MG"             147     96      0               95      380     145     60      0       0       0       0       0       0       0       3       0       0       0
154     4       0       2    2    1       1       1       "Pants Nebula DL"             147     74      0               82      380     62      16      0       0       0       0       0       0       0       0       3       0       0
155     4       0       2    2    1       1       1       "Pants Nebula RF"             143     90      0               88      380     97      0       0       85      0       0       0       0       0       0       0       0       3
156     4       0       2    2    1       1       1       "Pants Apocalypse DK"         135     100     0               90      380     170     60      0       0       0       0       0       3       0       0       0       0       0
157     4       0       2    2    1       1       1       "Pants Apocalypse DW"         130     76      0               86      380     44      15      0       0       0       0       3       0       0       0       0       0       0
158     4       0       2    2    1       1       1       "Pants Apocalypse Elf"        127     81      0               86      380     38      80      0       0       0       0       0       0       3       0       0       0       0
159     4       0       2    2    1       1       1       "Pants Apocalypse SM"         103     71      0               75      380     57      19      0       0       0       0       0       0       0       0       0       3       0
160     4       0       2    2    1       1       1       "Pants Apocalypse MG"         136     96      0               95      380     145     60      0       0       0       0       0       0       0       3       0       0       0
161     4       0       2    2    1       1       1       "Pants Apocalypse DL"         134     74      0               82      380     62      16      0       0       0       0       0       0       0       0       3       0       0
162     4       0       2    2    1       1       1       "Pants Apocalypse RF"         115     90      0               88      380     97      0       0       85      0       0       0       0       0       0       0       0       3
163     4       0       2    2    1       1       1       "Pants Thunder DK"            150     100     0               90      380     170     60      0       0       0       0       0       3       0       0       0       0       0
164     4       0       2    2    1       1       1       "Pants Thunder DW"            150     76      0               86      380     44      15      0       0       0       0       3       0       0       0       0       0       0
165     4       0       2    2    1       1       1       "Pants Thunder Elf"           150     81      0               86      380     38      80      0       0       0       0       0       0       3       0       0       0       0
166     4       0       2    2    1       1       1       "Pants Thunder SM"            142     71      0               75      380     57      19      0       0       0       0       0       0       0       0       0       3       0
167     4       0       2    2    1       1       1       "Pants Thunder MG"            150     96      0               95      380     145     60      0       0       0       0       0       0       0       3       0       0       0
168     4       0       2    2    1       1       1       "Pants Thunder DL"            150     74      0               82      380     62      16      0       0       0       0       0       0       0       0       3       0       0
169     4       0       2    2    1       1       1       "Pants Thunder RF"            150     90      0               88      380     97      0       0       85      0       0       0       0       0       0       0       0       3
170     4       0       2    2    1       1       1       "Pants Legendary DK"          144     100     0               90      380     170     60      0       0       0       0       0       3       0       0       0       0       0
171     4       0       2    2    1       1       1       "Pants Legendary DW"          142     76      0               86      380     44      15      0       0       0       0       3       0       0       0       0       0       0
172     4       0       2    2    1       1       1       "Pants Legendary Elf"         141     81      0               86      380     38      80      0       0       0       0       0       0       3       0       0       0       0
173     4       0       2    2    1       1       1       "Pants Legendary SM"          126     71      0               75      380     57      19      0       0       0       0       0       0       0       0       0       3       0
174     4       0       2    2    1       1       1       "Pants Legendary MG"          144     96      0               95      380     145     60      0       0       0       0       0       0       0       3       0       0       0
175     4       0       2    2    1       1       1       "Pants Legendary DL"          144     74      0               82      380     62      16      0       0       0       0       0       0       0       0       3       0       0
176     4       0       2    2    1       1       1       "Pants Legendary RF"          136     90      0               88      380     97      0       0       85      0       0       0       0       0       0       0       0       3
177     4       0       2    2    1       1       1       "Pants Azure Dragon DK"       138     100     0               90      380     170     60      0       0       0       0       0       3       0       0       0       0       0
178     4       0       2    2    1       1       1       "Pants Azure Dragon DW"       134     76      0               86      380     44      15      0       0       0       0       3       0       0       0       0       0       0
179     4       0       2    2    1       1       1       "Pants Azure Dragon Elf"      132     81      0               86      380     38      80      0       0       0       0       0       0       3       0       0       0       0
180     4       0       2    2    1       1       1       "Pants Azure Dragon SM"       111     71      0               75      380     57      19      0       0       0       0       0       0       0       0       0       3       0
181     4       0       2    2    1       1       1       "Pants Azure Dragon MG"       139     96      0               95      380     145     60      0       0       0       0       0       0       0       3       0       0       0
182     4       0       2    2    1       1       1       "Pants Azure Dragon DL"       138     74      0               82      380     62      16      0       0       0       0       0       0       0       0       3       0       0
183     4       0       2    2    1       1       1       "Pants Azure Dragon RF"       122     90      0               88      380     97      0       0       85      0       0       0       0       0       0       0       0       3
184     4       0       2    2    1       1       1       "Pants Celestial DK"          141     100     0               90      380     170     60      0       0       0       0       0       3       0       0       0       0       0
185     4       0       2    2    1       1       1       "Pants Celestial DW"          138     76      0               86      380     44      15      0       0       0       0       3       0       0       0       0       0       0
186     4       0       2    2    1       1       1       "Pants Celestial Elf"         136     81      0               86      380     38      80      0       0       0       0       0       0       3       0       0       0       0
187     4       0       2    2    1       1       1       "Pants Celestial SM"          119     71      0               75      380     57      19      0       0       0       0       0       0       0       0       0       3       0
188     4       0       2    2    1       1       1       "Pants Celestial MG"          141     96      0               95      380     145     60      0       0       0       0       0       0       0       3       0       0       0
189     4       0       2    2    1       1       1       "Pants Celestial DL"          141     74      0               82      380     62      16      0       0       0       0       0       0       0       0       3       0       0
190     4       0       2    2    1       1       1       "Pants Celestial RF"          129     90      0               88      380     97      0       0       85      0       0       0       0       0       0       0       0       3
end

//Index Slot    Skill   X    Y    Serial  Option  Drop    Name                          level   Defense AttackSpeed     Dur     ReqLvl  ReqStr  ReqDex  ReqEne  ReqVit  ReqLead SetAttr DW      DK      EF      MG      DL      SM      RF
10
0       5       0       2    2    1       1       1       "Bronze Gloves"               77      4       4               34      0       80      20      0       0       0       4       0       1       0       1       1       0       0
1       5       0       2    2    1       1       1       "Dragon Gloves"               89      14      6               68      0       120     30      0       0       0       4       0       1       0       1       0       0       0
2       5       0       2    2    1       1       1       "Pad Gloves"                  17       2       0               28      0       20      0       0       0       0       4       1       0       0       1       0       0       0
3       5       0       2    2    1       1       1       "Legendary Gloves"            82      11      0               42      0       20      0       0       0       0       4       1       0       0       1       0       0       0
4       5       0       2    2    1       1       1       "Bone Gloves"                 21      5       0               30      0       20      0       0       0       0       4       1       0       0       1       0       0       0
5       5       0       2    2    1       1       1       "Leather Gloves"              34       2       8               30      0       80      0       0       0       0       4       0       1       0       1       1       0       0
6       5       0       2    2    1       1       1       "Scale Gloves"                80      7       10              40      0       110     0       0       0       0       4       0       1       0       1       1       0       0
7       5       0       2    2    1       1       1       "Sphinx Gloves"               73      8       0               36      0       20      0       0       0       0       4       1       0       0       1       0       0       0
8       5       0       2    2    1       1       1       "Brass Gloves"                83      9       8               44      0       100     30      0       0       0       4       0       1       0       1       0       0       0
9       5       0       2    2    1       1       1       "Plate Gloves"                86      12      4               50      0       130     0       0       0       0       4       0       1       0       1       0       0       0
10      5       0       2    2    1       1       1       "Vine Gloves"                 42       2       4               22      0       30      60      0       0       0       4       0       0       1       0       0       0       0
11      5       0       2    2    1       1       1       "Silk Gloves"                 46      4       8               26      0       30      70      0       0       0       4       0       0       1       0       0       0       0
12      5       0       2    2    1       1       1       "Wind Gloves"                 55      6       10              32      0       30      80      0       0       0       4       0       0       1       0       0       0       0
13      5       0       2    2    1       1       1       "Spirit Gloves"               60      9       4               38      0       40      80      0       0       0       4       0       0       1       0       0       0       0
14      5       0       2    2    1       1       1       "Guardian Gloves"             64      15      6               45      0       40      80      0       0       0       4       0       0       1       0       0       0       0
15      5       0       2    2    1       1       1       "Storm Crow Gloves"           93      20      6               80      0       150     70      0       0       0       4       0       0       0       1       0       0       0
16      5       0       2    2    1       1       1       "Black Dragon Gloves"         95      22      6               74      0       170     60      0       0       0       4       0       1       0       0       0       0       0
17      5       0       2    2    1       1       1       "Dark Phoenix Gloves"         98      37      6               80      0       205     63      0       0       0       4       0       2       0       0       0       0       0
18      5       0       2    2    1       1       1       "Grand Soul Gloves"           86      20      5               67      0       49      10      0       0       0       4       2       0       0       0       0       0       0
19      5       0       2    2    1       1       1       "Divine Gloves"               87      29      6               74      0       50      110     0       0       0       4       0       0       2       0       0       0       0
20      5       0       2    2    1       1       1       "Thunder Hawk Gloves"         101      34      7               82      0       150     70      0       0       0       4       0       0       0       1       0       0       0
21      5       0       2    2    1       1       1       "Great Dragon Gloves"         104      48      6               86      0       200     58      0       0       0       4       0       2       0       0       0       0       0
22      5       0       2    2    1       1       1       "Dark Soul Gloves"            90      30      6               75      0       55      18      0       0       0       4       2       0       0       0       0       0       0
23      5       0       2    2    1       1       1       "Hurricane Gloves"            107     45      7               90      0       162     66      0       0       0       4       0       0       0       1       0       0       0
24      5       0       2    2    1       1       1       "Red Spirit Gloves"           78      38      6               80      0       52      115     0       0       0       4       0       0       2       0       0       0       0
25      5       0       2    2    1       1       1       "Light Plate Gloves"          91      12      7               42      0       70      20      0       0       0       4       0       0       0       0       1       0       0
26      5       0       2    2    1       1       1       "Adamantine Gloves"           94      18      6               56      0       77      21      0       0       0       4       0       0       0       0       1       0       0
27      5       0       2    2    1       1       1       "Dark Steel Gloves"           97      21      5               70      0       84      22      0       0       0       4       0       0       0       0       1       0       0
28      5       0       2    2    1       1       1       "Dark Master Gloves"          103      29      4               78      0       80      21      0       0       0       4       0       0       0       0       1       0       0
29      5       0       2    2    1       1       1       "Dragon Knight Gloves"        110     60      7               90      380     170     60      0       0       0       0       0       2       0       0       0       0       0
30      5       0       2    2    1       1       1       "Venom Mist Gloves"           98     44      7               86      380     44      15      0       0       0       0       2       0       0       0       0       0       0
31      5       0       2    2    1       1       1       "Sylphid Ray Gloves"          91     50      7               86      380     38      80      0       0       0       0       0       0       2       0       0       0       0
32      5       0       2    2    1       1       1       "Volcano Gloves"              113     55      7               95      380     145     60      0       0       0       0       0       0       0       1       0       0       0
33      5       0       2    2    1       1       1       "Sunlight Gloves"             113     40      5               82      380     62      16      0       0       0       0       0       0       0       0       1       0       0
34      5       0       2    2    1       1       1       "Ashcrow Gloves"              92      18      6               72      0       160     50      0       0       0       0       0       1       0       0       0       0       0
35      5       0       2    2    1       1       1       "Eclipse Gloves"              78      15      6               54      0       53      12      0       0       0       0       1       0       0       0       0       0       0
36      5       0       2    2    1       1       1       "Iris Gloves"                 73      22      6               59      0       50      70      0       0       0       0       0       0       1       0       0       0       0
37      5       0       2    2    1       1       1       "Valiant Gloves"              98      27      7               81      0       155     50      0       0       0       0       0       0       0       1       0       0       0
38      5       0       2    2    1       1       1       "Glorious Gloves"             100      25      5               74      0       80      21      0       0       0       0       0       0       0       0       1       0       0
39      5       0       2    2    1       1       1       "Violent Wind Gloves"         1      9       6               36      0       22      0       0       0       0       4       0       0       0       0       0       1       0
40      5       0       2    2    1       1       1       "Red Wing Gloves"             9      13      8               42      0       18      4       0       0       0       4       0       0       0       0       0       1       0
41      5       0       2    2    1       1       1       "Ancient Gloves"              17      19      7               54      0       52      16      0       0       0       4       0       0       0       0       0       1       0
42      5       0       2    2    1       1       1       "Black Rose Gloves"           25      26      6               67      0       50      10      0       0       0       0       0       0       0       0       0       2       0
43      5       0       2    2    1       1       1       "Aura Gloves"                 40      34      6               75      380     56      20      0       0       0       0       0       0       0       0       0       2       0
44      5       0       2    2    1       1       1       "Lilium Gloves"               32     29      0               86      380     62      20      170     0       0       0       0       0       0       0       0       2       0
45      5       0       2    2    1       1       1       "Titan  Gloves"               107     56      7               86      380     222     32      0       0       0       0       0       1       0       0       0       0       0
46      5       0       2    2    1       1       1       "Brave Gloves"                101      42      7               86      380     74      162     0       0       0       0       0       1       0       0       0       0       0
47      5       0       2    2    1       1       1       "Phantom  Gloves"             110     49      7               86      380     212     57      0       0       0       0       0       0       0       1       0       0       0
48      5       0       2    2    1       1       1       "Destroy Gloves"              104      40      7               86      380     62      19      165     0       0       0       0       0       0       1       0       0       0
49      5       0       2    2    1       1       1       "Seraphim Gloves"             82     43      7               86      380     55      197     0       0       0       0       0       0       1       0       0       0       0
50      5       0       2    2    1       1       1       "Faith Gloves"                69      36      7               86      380     32      29      138     0       0       0       0       0       1       0       0       0       0
51      5       0       2    2    1       1       1       "Royal Gloves"                41     34      7               86      380     105     38      0       0       0       0       0       0       0       0       1       0       0
52      5       0       2    2    1       1       1       "Hades Gloves"                94     31      7               86      380     60      15      181     0       0       0       1       0       0       0       0       0       0
53      5       0       2    2    1       1       1       "Queen Gloves"                150      80      7               86      380     60      15      0       0       0       0       0       0       0       0       0       3       0
100     5       0       2    2    1       1       1       "Gloves Blood God DK"         114     62      7               90      380     170     60      0       0       0       0       0       3       0       0       0       0       0
101     5       0       2    2    1       1       1       "Gloves Blood God DW"         102     46      7               86      380     44      15      0       0       0       0       3       0       0       0       0       0       0
102     5       0       2    2    1       1       1       "Gloves Blood God Elf"        96     52      7               86      380     38      80      0       0       0       0       0       0       3       0       0       0       0
103     5       0       2    2    1       1       1       "Gloves Blood God SM"         48      36      6               75      380     56      20      0       0       0       0       0       0       0       0       0       3       0
104     5       0       2    2    1       1       1       "Gloves Blood God MG"         116     57      7               95      380     145     60      0       0       0       0       0       0       0       3       0       0       0
105     5       0       2    2    1       1       1       "Gloves Blood God DL"         110     42      5               82      380     62      16      0       0       0       0       0       0       0       0       3       0       0
107     5       0       2    2    1       1       1       "Gloves Dark God DK"          120     66      7               90      380     170     60      0       0       0       0       0       3       0       0       0       0       0
108     5       0       2    2    1       1       1       "Gloves Dark God DW"          110     50      7               86      380     44      15      0       0       0       0       3       0       0       0       0       0       0
109     5       0       2    2    1       1       1       "Gloves Dark God Elf"         105     56      7               86      380     38      80      0       0       0       0       0       0       3       0       0       0       0
110     5       0       2    2    1       1       1       "Gloves Dark God SM"          64      40      6               75      380     56      20      0       0       0       0       0       0       0       0       0       3       0
111     5       0       2    2    1       1       1       "Gloves Dark God MG"          121     61      7               95      380     145     60      0       0       0       0       0       0       0       3       0       0       0
112     5       0       2    2    1       1       1       "Gloves Dark God DL"          119     46      5               82      380     62      16      0       0       0       0       0       0       0       0       3       0       0
114     5       0       2    2    1       1       1       "Gloves Holy God DK"          123     68      7               90      380     170     60      0       0       0       0       0       3       0       0       0       0       0
115     5       0       2    2    1       1       1       "Gloves Holy God DW"          114     52      7               86      380     44      15      0       0       0       0       3       0       0       0       0       0       0
116     5       0       2    2    1       1       1       "Gloves Holy God Elf"         109     58      7               86      380     38      80      0       0       0       0       0       0       3       0       0       0       0
117     5       0       2    2    1       1       1       "Gloves Holy God SM"          72      42      6               75      380     56      20      0       0       0       0       0       0       0       0       0       3       0
118     5       0       2    2    1       1       1       "Gloves Holy God MG"          124     63      7               95      380     145     60      0       0       0       0       0       0       0       3       0       0       0
119     5       0       2    2    1       1       1       "Gloves Holy God DL"          122     48      5               82      380     62      16      0       0       0       0       0       0       0       0       3       0       0
121     5       0       2    2    1       1       1       "Gloves Awakening DK"         117     64      7               90      380     170     60      0       0       0       0       0       3       0       0       0       0       0
122     5       0       2    2    1       1       1       "Gloves Awakening DW"         106     48      7               86      380     44      15      0       0       0       0       3       0       0       0       0       0       0
123     5       0       2    2    1       1       1       "Gloves Awakening Elf"        100     54      7               86      380     38      80      0       0       0       0       0       0       3       0       0       0       0
124     5       0       2    2    1       1       1       "Gloves Awakening SM"         56      38      6               75      380     56      20      0       0       0       0       0       0       0       0       0       3       0
125     5       0       2    2    1       1       1       "Gloves Awakening MG"         118     59      7               95      380     145     60      0       0       0       0       0       0       0       3       0       0       0
126     5       0       2    2    1       1       1       "Gloves Awakening DL"         116     44      5               82      380     62      16      0       0       0       0       0       0       0       0       3       0       0
128     5       0       2    2    1       1       1       "Gloves Blue Eye DK"          126     70      7               90      380     170     60      0       0       0       0       0       3       0       0       0       0       0
129     5       0       2    2    1       1       1       "Gloves Blue Eye DW"          118     54      7               86      380     44      15      0       0       0       0       3       0       0       0       0       0       0
130     5       0       2    2    1       1       1       "Gloves Blue Eye Elf"         114     60      7               86      380     38      80      0       0       0       0       0       0       3       0       0       0       0
131     5       0       2    2    1       1       1       "Gloves Blue Eye SM"          79      44      6               75      380     56      20      0       0       0       0       0       0       0       0       0       3       0
132     5       0       2    2    1       1       1       "Gloves Blue Eye MG"          127     65      7               95      380     145     60      0       0       0       0       0       0       0       3       0       0       0
133     5       0       2    2    1       1       1       "Gloves Blue Eye DL"          125     50      5               82      380     62      16      0       0       0       0       0       0       0       0       3       0       0
135     5       0       2    2    1       1       1       "Gloves Silver Heart DK"      129     72      7               90      380     170     60      0       0       0       0       0       3       0       0       0       0       0
136     5       0       2    2    1       1       1       "Gloves Silver Heart DW"      122     56      7               86      380     44      15      0       0       0       0       3       0       0       0       0       0       0
137     5       0       2    2    1       1       1       "Gloves Silver Heart Elf"     118     62      7               86      380     38      80      0       0       0       0       0       0       3       0       0       0       0
138     5       0       2    2    1       1       1       "Gloves Silver Heart SM"      87      46      6               75      380     56      20      0       0       0       0       0       0       0       0       0       3       0
139     5       0       2    2    1       1       1       "Gloves Silver Heart MG"      130     67      7               95      380     145     60      0       0       0       0       0       0       0       3       0       0       0
140     5       0       2    2    1       1       1       "Gloves Silver Heart DL"      128     52      5               82      380     62      16      0       0       0       0       0       0       0       0       3       0       0
142     5       0       2    2    1       1       1       "Gloves Fierce Lion DK"       132     74      7               90      380     170     60      0       0       0       0       0       3       0       0       0       0       0
143     5       0       2    2    1       1       1       "Gloves Fierce Lion DW"       126     58      7               86      380     44      15      0       0       0       0       3       0       0       0       0       0       0
144     5       0       2    2    1       1       1       "Gloves Fierce Lion Elf"      123     64      7               86      380     38      80      0       0       0       0       0       0       3       0       0       0       0
145     5       0       2    2    1       1       1       "Gloves Fierce Lion SM"       95      48      6               75      380     56      20      0       0       0       0       0       0       0       0       0       3       0
146     5       0       2    2    1       1       1       "Gloves Fierce Lion MG"       133     69      7               95      380     145     60      0       0       0       0       0       0       0       3       0       0       0
147     5       0       2    2    1       1       1       "Gloves Fierce Lion DL"       131     54      5               82      380     62      16      0       0       0       0       0       0       0       0       3       0       0
149     5       0       2    2    1       1       1       "Gloves Nebula DK"            147     76      7               90      380     170     60      0       0       0       0       0       3       0       0       0       0       0
150     5       0       2    2    1       1       1       "Gloves Nebula DW"            146     60      7               86      380     44      15      0       0       0       0       3       0       0       0       0       0       0
151     5       0       2    2    1       1       1       "Gloves Nebula Elf"           145     66      7               86      380     38      80      0       0       0       0       0       0       3       0       0       0       0
152     5       0       2    2    1       1       1       "Gloves Nebula SM"            134      50      6               75      380     56      20      0       0       0       0       0       0       0       0       0       3       0
153     5       0       2    2    1       1       1       "Gloves Nebula MG"            147     71      7               95      380     145     60      0       0       0       0       0       0       0       3       0       0       0
154     5       0       2    2    1       1       1       "Gloves Nebula DL"            147     56      5               82      380     62      16      0       0       0       0       0       0       0       0       3       0       0
156     5       0       2    2    1       1       1       "Gloves Apocalypse DK"        135     76      7               90      380     170     60      0       0       0       0       0       3       0       0       0       0       0
157     5       0       2    2    1       1       1       "Gloves Apocalypse DW"        130     60      7               86      380     44      15      0       0       0       0       3       0       0       0       0       0       0
158     5       0       2    2    1       1       1       "Gloves Apocalypse Elf"       127     66      7               86      380     38      80      0       0       0       0       0       0       3       0       0       0       0
159     5       0       2    2    1       1       1       "Gloves Apocalypse SM"        103      50      6               75      380     56      20      0       0       0       0       0       0       0       0       0       3       0
160     5       0       2    2    1       1       1       "Gloves Apocalypse MG"        136     71      7               95      380     145     60      0       0       0       0       0       0       0       3       0       0       0
161     5       0       2    2    1       1       1       "Gloves Apocalypse DL"        134     56      5               82      380     62      16      0       0       0       0       0       0       0       0       3       0       0
163     5       0       2    2    1       1       1       "Gloves Thunder DK"           150     76      7               90      380     170     60      0       0       0       0       0       3       0       0       0       0       0
164     5       0       2    2    1       1       1       "Gloves Thunder DW"           150     60      7               86      380     44      15      0       0       0       0       3       0       0       0       0       0       0
165     5       0       2    2    1       1       1       "Gloves Thunder Elf"          150     66      7               86      380     38      80      0       0       0       0       0       0       3       0       0       0       0
166     5       0       2    2    1       1       1       "Gloves Thunder SM"           142      50      6               75      380     56      20      0       0       0       0       0       0       0       0       0       3       0
167     5       0       2    2    1       1       1       "Gloves Thunder MG"           150     71      7               95      380     145     60      0       0       0       0       0       0       0       3       0       0       0
168     5       0       2    2    1       1       1       "Gloves Thunder DL"           150     56      5               82      380     62      16      0       0       0       0       0       0       0       0       3       0       0
170     5       0       2    2    1       1       1       "Gloves Legendary DK"         144     76      7               90      380     170     60      0       0       0       0       0       3       0       0       0       0       0
171     5       0       2    2    1       1       1       "Gloves Legendary DW"         142     60      7               86      380     44      15      0       0       0       0       3       0       0       0       0       0       0
172     5       0       2    2    1       1       1       "Gloves Legendary Elf"        141     66      7               86      380     38      80      0       0       0       0       0       0       3       0       0       0       0
173     5       0       2    2    1       1       1       "Gloves Legendary SM"         126      50      6               75      380     56      20      0       0       0       0       0       0       0       0       0       3       0
174     5       0       2    2    1       1       1       "Gloves Legendary MG"         144     71      7               95      380     145     60      0       0       0       0       0       0       0       3       0       0       0
175     5       0       2    2    1       1       1       "Gloves Legendary DL"         144     56      5               82      380     62      16      0       0       0       0       0       0       0       0       3       0       0
177     5       0       2    2    1       1       1       "Gloves Azure Dragon DK"      138     76      7               90      380     170     60      0       0       0       0       0       3       0       0       0       0       0
178     5       0       2    2    1       1       1       "Gloves Azure Dragon DW"      134     60      7               86      380     44      15      0       0       0       0       3       0       0       0       0       0       0
179     5       0       2    2    1       1       1       "Gloves Azure Dragon Elf"     132     66      7               86      380     38      80      0       0       0       0       0       0       3       0       0       0       0
180     5       0       2    2    1       1       1       "Gloves Azure Dragon SM"      111      50      6               75      380     56      20      0       0       0       0       0       0       0       0       0       3       0
181     5       0       2    2    1       1       1       "Gloves Azure Dragon MG"      139     71      7               95      380     145     60      0       0       0       0       0       0       0       3       0       0       0
182     5       0       2    2    1       1       1       "Gloves Azure Dragon DL"      138     56      5               82      380     62      16      0       0       0       0       0       0       0       0       3       0       0
184     5       0       2    2    1       1       1       "Gloves Celestial DK"         141     76      7               90      380     170     60      0       0       0       0       0       3       0       0       0       0       0
185     5       0       2    2    1       1       1       "Gloves Celestial DW"         138     60      7               86      380     44      15      0       0       0       0       3       0       0       0       0       0       0
186     5       0       2    2    1       1       1       "Gloves Celestial Elf"        136     66      7               86      380     38      80      0       0       0       0       0       0       3       0       0       0       0
187     5       0       2    2    1       1       1       "Gloves Celestial SM"         119      50      6               75      380     56      20      0       0       0       0       0       0       0       0       0       3       0
188     5       0       2    2    1       1       1       "Gloves Celestial MG"         141     71      7               95      380     145     60      0       0       0       0       0       0       0       3       0       0       0
189     5       0       2    2    1       1       1       "Gloves Celestial DL"         141     56      5               82      380     62      16      0       0       0       0       0       0       0       0       3       0       0
end

//Index Slot    Skill   X    Y    Serial  Option  Drop    Name                          level   Defense WalkSpeed       Dur     ReqLvl  ReqStr  ReqDex  ReqEne  ReqVit  ReqLead SetAttr DW      DK      EF      MG      DL      SM      RF
11
0       6       0       2    2    1       1       1       "Bronze Boots"                77      4       10              34      0       80      20      0       0       0       4       0       1       0       1       1       0       0
1       6       0       2    2    1       1       1       "Dragon Boots"                89      15      2               68      0       120     30      0       0       0       4       0       1       0       1       0       0       0
2       6       0       2    2    1       1       1       "Pad Boots"                   17       3       10              28      0       20      0       0       0       0       4       1       0       0       1       0       0       0
3       6       0       2    2    1       1       1       "Legendary Boots"             82      12      0               42      0       30      0       0       0       0       4       1       0       0       1       0       0       0
4       6       0       2    2    1       1       1       "Bone Boots"                  21      6       6               30      0       30      0       0       0       0       4       1       0       0       1       0       0       0
5       6       0       2    2    1       1       1       "Leather Boots"               34       2       12              30      0       80      0       0       0       0       4       0       1       0       1       1       0       1
6       6       0       2    2    1       1       1       "Scale Boots"                 80      8       8               40      0       110     0       0       0       0       4       0       1       0       1       1       0       1
7       6       0       2    2    1       1       1       "Sphinx Boots"                73      9       8               36      0       30      0       0       0       0       4       1       0       0       1       0       0       0
8       6       0       2    2    1       1       1       "Brass Boots"                 83      10      6               44      0       100     30      0       0       0       4       0       1       0       1       0       0       1
9       6       0       2    2    1       1       1       "Plate Boots"                 86      12      4               50      0       130     0       0       0       0       4       0       1       0       1       0       0       1
10      6       0       2    2    1       1       1       "Vine Boots"                  42       2       0               22      0       30      60      0       0       0       4       0       0       1       0       0       0       0
11      6       0       2    2    1       1       1       "Silk Boots"                  46      4       0               26      0       30      70      0       0       0       4       0       0       1       0       0       0       0
12      6       0       2    2    1       1       1       "Wind Boots"                  55      7       0               32      0       30      80      0       0       0       4       0       0       1       0       0       0       0
13      6       0       2    2    1       1       1       "Spirit Boots"                60      10      0               38      0       40      80      0       0       0       4       0       0       1       0       0       0       0
14      6       0       2    2    1       1       1       "Guardian Boots"              64      16      0               45      0       40      80      0       0       0       4       0       0       1       0       0       0       0
15      6       0       2    2    1       1       1       "Storm Crow Boots"            93      22      2               80      0       150     70      0       0       0       4       0       0       0       1       0       0       0
16      6       0       2    2    1       1       1       "Black Dragon Boots"          95      24      2               74      0       170     60      0       0       0       4       0       1       0       0       0       0       0
17      6       0       2    2    1       1       1       "Dark Phoenix Boots"          98      40      2               80      0       198     60      0       0       0       4       0       2       0       0       0       0       0
18      6       0       2    2    1       1       1       "Grand Soul Boots"            86      22      0               67      0       59      10      0       0       0       4       2       0       0       0       0       0       0
19      6       0       2    2    1       1       1       "Divine Boots"                87      30      0               74      0       50      110     0       0       0       4       0       0       2       0       0       0       0
20      6       0       2    2    1       1       1       "Thunder Hawk Boots"          101      37      2               82      0       150     70      0       0       0       4       0       0       0       1       0       0       0
21      6       0       2    2    1       1       1       "Great Dragon Boots"          104      50      0               86      0       200     58      0       0       0       4       0       2       0       0       0       0       0
22      6       0       2    2    1       1       1       "Dark Soul Boots"             90      31      0               75      0       55      18      0       0       0       4       2       0       0       0       0       0       0
23      6       0       2    2    1       1       1       "Hurricane Boots"             107     50      0               90      0       162     66      0       0       0       4       0       0       0       1       0       0       0
24      6       0       2    2    1       1       1       "Red Spirit Boots"            78      40      0               80      0       52      115     0       0       0       4       0       0       2       0       0       0       0
25      6       0       2    2    1       1       1       "Light Plate Boots"           91      13      0               42      0       70      20      0       0       0       4       0       0       0       0       1       0       0
26      6       0       2    2    1       1       1       "Adamantine Boots"            94      20      0               56      0       77      21      0       0       0       4       0       0       0       0       1       0       0
27      6       0       2    2    1       1       1       "Dark Steel Boots"            97      25      0               70      0       84      22      0       0       0       4       0       0       0       0       1       0       0
28      6       0       2    2    1       1       1       "Dark Master Boots"           103      33      0               78      0       80      21      0       0       0       4       0       0       0       0       1       0       0
29      6       0       2    2    1       1       1       "Dragon Knight Boots"         110     63      0               90      380     170     60      0       0       0       0       0       2       0       0       0       0       0
30      6       0       2    2    1       1       1       "Venom Mist Boots"            98     47      0               86      380     44      15      0       0       0       0       2       0       0       0       0       0       0
31      6       0       2    2    1       1       1       "Sylphid Ray Boots"           91     53      0               86      380     38      80      0       0       0       0       0       0       2       0       0       0       0
32      6       0       2    2    1       1       1       "Volcano Boots"               113     61      0               95      380     145     60      0       0       0       0       0       0       0       1       0       0       0
33      6       0       2    2    1       1       1       "Sunlight Boots"              113     44      0               82      380     62      16      0       0       0       0       0       0       0       0       1       0       0
34      6       0       2    2    1       1       1       "Ashcrow Boots"               92      19      0               72      0       160     50      0       0       0       0       0       1       0       0       0       0       0
35      6       0       2    2    1       1       1       "Eclipse Boots"               78      17      0               54      0       53      12      0       0       0       0       1       0       0       0       0       0       0
36      6       0       2    2    1       1       1       "Iris Boots"                  73      23      0               59      0       50      70      0       0       0       0       0       0       1       0       0       0       0
37      6       0       2    2    1       1       1       "Valiant Boots"               98      29      0               81      0       155     50      0       0       0       0       0       0       0       1       0       0       0
38      6       0       2    2    1       1       1       "Glorious Boots"              100      29      0               74      0       80      21      0       0       0       0       0       0       0       0       1       0       0
39      6       0       2    2    1       1       1       "Violent Wind Boots"          1      11      0               36      0       27      0       0       0       0       4       0       0       0       0       0       1       0
40      6       0       2    2    1       1       1       "Red Wing Boots"              9      15      0               42      0       25      4       0       0       0       4       0       0       0       0       0       1       0
41      6       0       2    2    1       1       1       "Ancient Boots"               17      21      0               54      0       53      16      0       0       0       4       0       0       0       0       0       1       0
42      6       0       2    2    1       1       1       "Black Rose Boots"            25      28      0               67      0       60      10      0       0       0       0       0       0       0       0       0       2       0
43      6       0       2    2    1       1       1       "Aura Boots"                  40      38      0               75      380     57      20      0       0       0       0       0       0       0       0       0       2       0
44      6       0       2    2    1       1       1       "Lilium Boots"                32      32      0               86      380     62      20      170     0       0       0       0       0       0       0       0       2       0
45      6       0       2    2    1       1       1       "Titan Boots"                 107      57      0               86      380     222     32      0       0       0       0       0       1       0       0       0       0       0
46      6       0       2    2    1       1       1       "Brave Boots"                 101      45      0               86      380     74      162     0       0       0       0       0       1       0       0       0       0       0
47      6       0       2    2    1       1       1       "Phantom Boots"               110      54      0               86      380     212     57      0       0       0       0       0       0       0       1       0       0       0
48      6       0       2    2    1       1       1       "Destroy Boots"               104      44      0               86      380     62      19      165     0       0       0       0       0       0       1       0       0       0
49      6       0       2    2    1       1       1       "Seraphim Boots"              82      42      0               86      380     55      197     0       0       0       0       0       0       1       0       0       0       0
50      6       0       2    2    1       1       1       "Divine Boots"                87      35      0               86      380     32      29      138     0       0       0       0       0       1       0       0       0       0
51      6       0       2    2    1       1       1       "Paewang Boots"               107      38      0               86      380     105     38      0       0       0       0       0       0       0       0       1       0       0
52      6       0       2    2    1       1       1       "Hades Boots"                 94      34      0               86      380     60      15      181     0       0       0       1       0       0       0       0       0       0
53      6       0       2    2    1       1       1       "Queen Boots"                 150      80      0               86      380     60      15      0       0       0       0       0       0       0       0       0       3       0
59      6       0       2    2    1       1       1       "Boots Earth Dragon"          29      20      0               52      0       85      0       0       75      0       0       0       0       0       0       0       0       1
60      6       0       2    2    1       1       1       "Boots White Tiger"           36      28      0               68      0       100     0       0       90      0       0       0       0       0       0       0       0       1
61      6       0       2    2    1       1       1       "Boots Power"                 44      36      0               82      0       115     0       0       100     0       0       0       0       0       0       0       0       1
73      6       0       2    2    1       1       1       "Boots White Dragon"          58     57      0               88      380     97      0       0       85      0       0       0       0       0       0       0       0       1
77      6       0       2    2    1       1       1       "Boots Blood Dragon"          51     57      0               88      380     97      0       0       85      0       0       0       0       0       0       0       0       3
100     6       0       2    2    1       1       1       "Boots Blood God DK"          114     65      0               90      380     170     60      0       0       0       0       0       3       0       0       0       0       0
101     6       0       2    2    1       1       1       "Boots Blood God DW"          102     49      0               86      380     44      15      0       0       0       0       3       0       0       0       0       0       0
102     6       0       2    2    1       1       1       "Boots Blood God Elf"         96     55      0               86      380     38      80      0       0       0       0       0       0       3       0       0       0       0
103     6       0       2    2    1       1       1       "Boots Blood God SM"          48      40      0               75      380     57      20      0       0       0       0       0       0       0       0       0       3       0
104     6       0       2    2    1       1       1       "Boots Blood God MG"          116     63      0               95      380     145     60      0       0       0       0       0       0       0       3       0       0       0
105     6       0       2    2    1       1       1       "Boots Blood God DL"          110     46      0               82      380     62      16      0       0       0       0       0       0       0       0       3       0       0
106     6       0       2    2    1       1       1       "Boots Blood God RF"          65     59      0               88      380     97      0       0       85      0       0       0       0       0       0       0       0       3
107     6       0       2    2    1       1       1       "Boots Dark God DK"           120     69      0               90      380     170     60      0       0       0       0       0       3       0       0       0       0       0
108     6       0       2    2    1       1       1       "Boots Dark God DW"           110     53      0               86      380     44      15      0       0       0       0       3       0       0       0       0       0       0
109     6       0       2    2    1       1       1       "Boots Dark God Elf"          105     59      0               86      380     38      80      0       0       0       0       0       0       3       0       0       0       0
110     6       0       2    2    1       1       1       "Boots Dark God SM"           64      44      0               75      380     57      20      0       0       0       0       0       0       0       0       0       3       0
111     6       0       2    2    1       1       1       "Boots Dark God MG"           121     67      0               95      380     145     60      0       0       0       0       0       0       0       3       0       0       0
112     6       0       2    2    1       1       1       "Boots Dark God DL"           119     50      0               82      380     62      16      0       0       0       0       0       0       0       0       3       0       0
113     6       0       2    2    1       1       1       "Boots Dark God RF"           79     63      0               88      380     97      0       0       85      0       0       0       0       0       0       0       0       3
114     6       0       2    2    1       1       1       "Boots Holy God DK"           123     71      0               90      380     170     60      0       0       0       0       0       3       0       0       0       0       0
115     6       0       2    2    1       1       1       "Boots Holy God DW"           114     55      0               86      380     44      15      0       0       0       0       3       0       0       0       0       0       0
116     6       0       2    2    1       1       1       "Boots Holy God Elf"          109     61      0               86      380     38      80      0       0       0       0       0       0       3       0       0       0       0
117     6       0       2    2    1       1       1       "Boots Holy God SM"           72      46      0               75      380     57      20      0       0       0       0       0       0       0       0       0       3       0
118     6       0       2    2    1       1       1       "Boots Holy God MG"           124     69      0               95      380     145     60      0       0       0       0       0       0       0       3       0       0       0
119     6       0       2    2    1       1       1       "Boots Holy God DL"           122     52      0               82      380     62      16      0       0       0       0       0       0       0       0       3       0       0
120     6       0       2    2    1       1       1       "Boots Holy God RF"           86     65      0               88      380     97      0       0       85      0       0       0       0       0       0       0       0       3
121     6       0       2    2    1       1       1       "Boots Awakening DK"          117     67      0               90      380     170     60      0       0       0       0       0       3       0       0       0       0       0
122     6       0       2    2    1       1       1       "Boots Awakening DW"          106     51      0               86      380     44      15      0       0       0       0       3       0       0       0       0       0       0
123     6       0       2    2    1       1       1       "Boots Awakening Elf"         100     57      0               86      380     38      80      0       0       0       0       0       0       3       0       0       0       0
124     6       0       2    2    1       1       1       "Boots Awakening SM"          56      42      0               75      380     57      20      0       0       0       0       0       0       0       0       0       3       0
125     6       0       2    2    1       1       1       "Boots Awakening MG"          118     65      0               95      380     145     60      0       0       0       0       0       0       0       3       0       0       0
126     6       0       2    2    1       1       1       "Boots Awakening DL"          116     48      0               82      380     62      16      0       0       0       0       0       0       0       0       3       0       0
127     6       0       2    2    1       1       1       "Boots Awakening RF"          72     61      0               88      380     97      0       0       85      0       0       0       0       0       0       0       0       3
128     6       0       2    2    1       1       1       "Boots Blue Eye DK"           126     73      0               90      380     170     60      0       0       0       0       0       3       0       0       0       0       0
129     6       0       2    2    1       1       1       "Boots Blue Eye DW"           118     57      0               86      380     44      15      0       0       0       0       3       0       0       0       0       0       0
130     6       0       2    2    1       1       1       "Boots Blue Eye Elf"          114     63      0               86      380     38      80      0       0       0       0       0       0       3       0       0       0       0
131     6       0       2    2    1       1       1       "Boots Blue Eye SM"           79      48      0               75      380     57      20      0       0       0       0       0       0       0       0       0       3       0
132     6       0       2    2    1       1       1       "Boots Blue Eye MG"           127     71      0               95      380     145     60      0       0       0       0       0       0       0       3       0       0       0
133     6       0       2    2    1       1       1       "Boots Blue Eye DL"           125     54      0               82      380     62      16      0       0       0       0       0       0       0       0       3       0       0
134     6       0       2    2    1       1       1       "Boots Blue Eye RF"           93     67      0               88      380     97      0       0       85      0       0       0       0       0       0       0       0       3
135     6       0       2    2    1       1       1       "Boots Silver Heart DK"       129     75      0               90      380     170     60      0       0       0       0       0       3       0       0       0       0       0
136     6       0       2    2    1       1       1       "Boots Silver Heart DW"       122     59      0               86      380     44      15      0       0       0       0       3       0       0       0       0       0       0
137     6       0       2    2    1       1       1       "Boots Silver Heart Elf"      118     65      0               86      380     38      80      0       0       0       0       0       0       3       0       0       0       0
138     6       0       2    2    1       1       1       "Boots Silver Heart SM"       87      50      0               75      380     57      20      0       0       0       0       0       0       0       0       0       3       0
139     6       0       2    2    1       1       1       "Boots Silver Heart MG"       130     73      0               95      380     145     60      0       0       0       0       0       0       0       3       0       0       0
140     6       0       2    2    1       1       1       "Boots Silver Heart DL"       128     56      0               82      380     62      16      0       0       0       0       0       0       0       0       3       0       0
141     6       0       2    2    1       1       1       "Boots Silver Heart RF"       100     69      0               88      380     97      0       0       85      0       0       0       0       0       0       0       0       3
142     6       0       2    2    1       1       1       "Boots Fierce Lion DK"        132     77      0               90      380     170     60      0       0       0       0       0       3       0       0       0       0       0
143     6       0       2    2    1       1       1       "Boots Fierce Lion DW"        126     61      0               86      380     44      15      0       0       0       0       3       0       0       0       0       0       0
144     6       0       2    2    1       1       1       "Boots Fierce Lion Elf"       123     67      0               86      380     38      80      0       0       0       0       0       0       3       0       0       0       0
145     6       0       2    2    1       1       1       "Boots Fierce Lion SM"        95      52      0               75      380     57      20      0       0       0       0       0       0       0       0       0       3       0
146     6       0       2    2    1       1       1       "Boots Fierce Lion MG"        133     75      0               95      380     145     60      0       0       0       0       0       0       0       3       0       0       0
147     6       0       2    2    1       1       1       "Boots Fierce Lion DL"        131     58      0               82      380     62      16      0       0       0       0       0       0       0       0       3       0       0
148     6       0       2    2    1       1       1       "Boots Fierce Lion RF"        107     71      0               88      380     97      0       0       85      0       0       0       0       0       0       0       0       3
149     6       0       2    2    1       1       1       "Boots Nebula DK"             147     79      0               90      380     170     60      0       0       0       0       0       3       0       0       0       0       0
150     6       0       2    2    1       1       1       "Boots Nebula DW"             146     63      0               86      380     44      15      0       0       0       0       3       0       0       0       0       0       0
151     6       0       2    2    1       1       1       "Boots Nebula Elf"            145     69      0               86      380     38      80      0       0       0       0       0       0       3       0       0       0       0
152     6       0       2    2    1       1       1       "Boots Nebula SM"             134      54      0               75      380     57      20      0       0       0       0       0       0       0       0       0       3       0
153     6       0       2    2    1       1       1       "Boots Nebula MG"             147     77      0               95      380     145     60      0       0       0       0       0       0       0       3       0       0       0
154     6       0       2    2    1       1       1       "Boots Nebula DL"             147     60      0               82      380     62      16      0       0       0       0       0       0       0       0       3       0       0
155     6       0       2    2    1       1       1       "Boots Nebula RF"             143     73      0               88      380     97      0       0       85      0       0       0       0       0       0       0       0       3
156     6       0       2    2    1       1       1       "Boots Apocalypse DK"         135     79      0               90      380     170     60      0       0       0       0       0       3       0       0       0       0       0
157     6       0       2    2    1       1       1       "Boots Apocalypse DW"         130     63      0               86      380     44      15      0       0       0       0       3       0       0       0       0       0       0
158     6       0       2    2    1       1       1       "Boots Apocalypse Elf"        127     69      0               86      380     38      80      0       0       0       0       0       0       3       0       0       0       0
159     6       0       2    2    1       1       1       "Boots Apocalypse SM"         103      54      0               75      380     57      20      0       0       0       0       0       0       0       0       0       3       0
160     6       0       2    2    1       1       1       "Boots Apocalypse MG"         136     77      0               95      380     145     60      0       0       0       0       0       0       0       3       0       0       0
161     6       0       2    2    1       1       1       "Boots Apocalypse DL"         134     60      0               82      380     62      16      0       0       0       0       0       0       0       0       3       0       0
162     6       0       2    2    1       1       1       "Boots Apocalypse RF"         115     73      0               88      380     97      0       0       85      0       0       0       0       0       0       0       0       3
163     6       0       2    2    1       1       1       "Boots Thunder DK"            150     79      0               90      380     170     60      0       0       0       0       0       3       0       0       0       0       0
164     6       0       2    2    1       1       1       "Boots Thunder DW"            150     63      0               86      380     44      15      0       0       0       0       3       0       0       0       0       0       0
165     6       0       2    2    1       1       1       "Boots Thunder Elf"           150     69      0               86      380     38      80      0       0       0       0       0       0       3       0       0       0       0
166     6       0       2    2    1       1       1       "Boots Thunder SM"            142      54      0               75      380     57      20      0       0       0       0       0       0       0       0       0       3       0
167     6       0       2    2    1       1       1       "Boots Thunder MG"            150     77      0               95      380     145     60      0       0       0       0       0       0       0       3       0       0       0
168     6       0       2    2    1       1       1       "Boots Thunder DL"            150     60      0               82      380     62      16      0       0       0       0       0       0       0       0       3       0       0
169     6       0       2    2    1       1       1       "Boots Thunder RF"            150     73      0               88      380     97      0       0       85      0       0       0       0       0       0       0       0       3
170     6       0       2    2    1       1       1       "Boots Legendary DK"          144     79      0               90      380     170     60      0       0       0       0       0       3       0       0       0       0       0
171     6       0       2    2    1       1       1       "Boots Legendary DW"          142     63      0               86      380     44      15      0       0       0       0       3       0       0       0       0       0       0
172     6       0       2    2    1       1       1       "Boots Legendary Elf"         141     69      0               86      380     38      80      0       0       0       0       0       0       3       0       0       0       0
173     6       0       2    2    1       1       1       "Boots Legendary SM"          126      54      0               75      380     57      20      0       0       0       0       0       0       0       0       0       3       0
174     6       0       2    2    1       1       1       "Boots Legendary MG"          144     77      0               95      380     145     60      0       0       0       0       0       0       0       3       0       0       0
175     6       0       2    2    1       1       1       "Boots Legendary DL"          144     60      0               82      380     62      16      0       0       0       0       0       0       0       0       3       0       0
176     6       0       2    2    1       1       1       "Boots Legendary RF"          136     73      0               88      380     97      0       0       85      0       0       0       0       0       0       0       0       3
177     6       0       2    2    1       1       1       "Boots Azure Dragon DK"       138     79      0               90      380     170     60      0       0       0       0       0       3       0       0       0       0       0
178     6       0       2    2    1       1       1       "Boots Azure Dragon DW"       134     63      0               86      380     44      15      0       0       0       0       3       0       0       0       0       0       0
179     6       0       2    2    1       1       1       "Boots Azure Dragon Elf"      132     69      0               86      380     38      80      0       0       0       0       0       0       3       0       0       0       0
180     6       0       2    2    1       1       1       "Boots Azure Dragon SM"       111      54      0               75      380     57      20      0       0       0       0       0       0       0       0       0       3       0
181     6       0       2    2    1       1       1       "Boots Azure Dragon MG"       139     77      0               95      380     145     60      0       0       0       0       0       0       0       3       0       0       0
182     6       0       2    2    1       1       1       "Boots Azure Dragon DL"       138     60      0               82      380     62      16      0       0       0       0       0       0       0       0       3       0       0
183     6       0       2    2    1       1       1       "Boots Azure Dragon RF"       122     73      0               88      380     97      0       0       85      0       0       0       0       0       0       0       0       3
184     6       0       2    2    1       1       1       "Boots Celestial DK"          141     79      0               90      380     170     60      0       0       0       0       0       3       0       0       0       0       0
185     6       0       2    2    1       1       1       "Boots Celestial DW"          138     63      0               86      380     44      15      0       0       0       0       3       0       0       0       0       0       0
186     6       0       2    2    1       1       1       "Boots Celestial Elf"         136     69      0               86      380     38      80      0       0       0       0       0       0       3       0       0       0       0
187     6       0       2    2    1       1       1       "Boots Celestial SM"          119      54      0               75      380     57      20      0       0       0       0       0       0       0       0       0       3       0
188     6       0       2    2    1       1       1       "Boots Celestial MG"          141     77      0               95      380     145     60      0       0       0       0       0       0       0       3       0       0       0
189     6       0       2    2    1       1       1       "Boots Celestial DL"          141     60      0               82      380     62      16      0       0       0       0       0       0       0       0       3       0       0
190     6       0       2    2    1       1       1       "Boots Celestial RF"          129     73      0               88      380     97      0       0       85      0       0       0       0       0       0       0       0       3
end

//Index Slot    Skill   X    Y    Serial  Option  Drop    Name                          level   Defense Dur     ReqLvl  ReqEne  ReqStr  ReqDex  ReqLead BuyMoney        DW      DK      EF      MG      DL      SM      RF
12
0       7       0       3    2    1       1       0       "Wings of Elf"                100     10      200     180     0       0       0       0       0               0       0       1       0       0       0       0
1       7       0       3    3    1       1       0       "Wings of Heaven"             100     10      200     180     0       0       0       0       0               1       0       0       1       0       0       0
2       7       0       3    2    1       1       0       "Wings of Satan"              100     20      200     180     0       0       0       0       0               0       1       0       1       0       0       0
3       7       0       3    3    1       1       0       "Wings of Spirits"            150     30      200     215     0       0       0       0       0               0       0       2       0       0       0       0
4       7       0       3    3    1       1       0       "Wings of Soul"               150     30      200     215     0       0       0       0       0               2       0       0       0       0       0       0
5       7       0       3    3    1       1       0       "Wings of Dragon"             150     45      200     215     0       0       0       0       0               0       2       0       0       0       0       0
6       7       0       3    2    1       1       0       "Wings of Darkness"           150     40      200     215     0       0       0       0       0               0       0       0       1       0       0       0
7       -1      0       1    1    1       1       1       "Orb of Twisting Slash"       47      0       0       80      0       0       0       0       29000           0       1       0       1       0       0       0
8       -1      0       1    1    1       1       1       "Healing Orb"                 8       0       0       0       100     0       0       0       800             0       0       1       0       0       0       0
9       -1      0       1    1    1       1       1       "Orb of Greater Fortitude"    13      0       0       0       100     0       0       0       3000            0       0       1       0       0       0       0
10      -1      0       1    1    1       1       1       "Orb of Greater Damage"       18      0       0       0       100     0       0       0       7000            0       0       1       0       0       0       0
11      -1      0       1    1    1       1       1       "Orb of Summoning"            3       0       0       0       0       0       0       0       150             0       0       1       0       0       0       0
12      -1      0       1    1    1       1       1       "Orb of Rageful Blow"         78      0       0       170     0       0       0       0       150000          0       2       0       0       0       0       0
13      -1      0       1    1    1       1       1       "Orb of Impale"               20      0       0       28      0       0       0       0       10000           0       1       0       1       0       0       0
14      -1      0       1    1    1       1       1       "Orb of Greater Fortitude"    60      0       0       120     0       0       0       0       43000           0       1       0       0       0       0       0
15      -1      0       1    1    1       1       0       "Jewel of Chaos"              12      0       0       0       0       0       0       0       0               1       1       1       1       1       0       0
16      -1      0       1    1    1       1       1       "Orb of Fire Slash"           60      0       0       0       0       320     0       0       51000           0       0       0       1       0       0       0
17      -1      0       1    1    1       1       1       "Orb of Penetration"          64      0       0       130     0       0       0       0       72000           0       0       1       0       0       0       0
18      -1      0       1    1    1       1       1       "Orb of Ice Arrow"            81      0       0       0       0       0       258     0       195000          0       0       2       0       0       0       0
19      -1      0       1    1    1       1       1       "Orb of Death Stab"           72      0       0       160     0       0       0       0       85000           0       2       0       0       0       0       0
21      -1      0       1    2    1       1       1       "Scroll of FireBurst"         74      0       0       0       20      0       0       0       115000          0       0       0       0       1       0       0
22      -1      0       1    2    1       1       1       "Scroll of Summon"            98      0       0       0       34      0       0       400     375000          0       0       0       0       1       0       0
23      -1      0       1    2    1       1       1       "Scroll of Critical Damage"   82      0       0       0       25      0       0       300     220000          0       0       0       0       1       0       0
24      -1      0       1    2    1       1       1       "Scroll of Electric Spark"    92      0       0       0       29      0       0       340     295000          0       0       0       0       1       0       0
26      -1      0       1    1    1       1       0       "gem of secret"               0       0       0       0       0       0       0       0       0               1       1       1       1       1       1       0
30      -1      0       1    1    1       1       0       "bundle of Jewel of Bless"    25      0       0       0       0       0       0       0       0               1       1       1       1       1       1       0
31      -1      0       1    1    1       1       0       "budle of Jewel of Soul"      30      0       0       0       0       0       0       0       0               1       1       1       1       1       1       0
32      -1      0       1    1    1       1       0       "box of red ribbon"           0       0       0       0       0       0       0       0       0               1       1       1       1       1       1       0
33      -1      0       1    1    1       1       0       "box of green ribbon"         0       0       0       0       0       0       0       0       0               1       1       1       1       1       1       0
34      -1      0       1    1    1       1       0       "box of blue ribbon"          0       0       0       0       0       0       0       0       0               1       1       1       1       1       1       0
35      -1      0       1    2    1       1       1       "Scroll of Fire Scream"       102     0       0       0       32      0       0       70      300000          0       0       0       0       1       0       0
36      7       0       3    3    1       1       0       "Wing of Storm"               0       60      220     300     0       0       0       0       0               0       3       0       0       0       0       0
37      7       0       3    3    1       1       0       "Wing of Eternal"             0       45      220     300     0       0       0       0       0               3       0       0       0       0       0       0
38      7       0       3    3    1       1       0       "Wing of Illusion"            0       45      220     300     0       0       0       0       0               0       0       3       0       0       0       0
39      7       0       3    3    1       1       0       "Wing of Ruin"                0       55      220     300     0       0       0       0       0               0       0       0       3       0       0       0
40      7       0       2    3    1       1       0       "Cape of Emperor"             0       45      220     300     0       0       0       0       0               0       0       0       0       3       0       0
41      7       0       3    2    1       1       0       "Wing of Curse"               100     10      200     180     0       0       0       0       0               0       0       0       0       0       1       0
42      7       0       3    3    1       1       0       "Wind of Despair"             0       30      200     215     0       0       0       0       0               0       0       0       0       0       2       0
43      7       0       3    3    1       1       0       "Wing of Dimension"           0       45      220     300     0       0       0       0       0               0       0       0       0       0       3       0
44      -1      0       1    1    1       1       1       "Crystal of Destruction"      100     0       0       220     0       0       0       0       380000          0       2       0       0       0       0       0
45      -1      0       1    1    1       1       1       "Crystal of Multi-Shot"       100     0       0       220     0       0       0       0       380000          0       0       2       0       0       0       0
46      -1      0       1    1    1       1       1       "Crystal of Recovery"         100     0       0       220     37      0       0       0       250000          0       0       2       0       0       0       0
47      -1      0       1    1    1       1       1       "Crystal of Flame Strike"     100     0       0       220     0       0       0       0       380000          0       0       0       1       0       0       0
48      -1      0       1    2    1       1       1       "Scroll of Chaotic Diseier"   100     0       0       220     16      0       0       0       380000          0       0       0       0       1       0       0
49      7       0       2    3    1       1       0       "Warrior Cloak"               180     15      200     180     0       0       0       0       0               0       0       0       0       0       0       1
50      7       0       2    3    1       1       0       "Cloak of Authority"          0       45      220     300     0       0       0       0       0               0       0       0       0       0       0       3
60      -1      0       1    1    1       1       0       "Seed (Fire)"                 150     0       0       0       0       0       0       0       500000          1       1       1       1       1       1       1
61      -1      0       1    1    1       1       0       "Seed (Water)"                150     0       0       0       0       0       0       0       500000          1       1       1       1       1       1       1
62      -1      0       1    1    1       1       0       "Seed (Ice)"                  150     0       0       0       0       0       0       0       500000          1       1       1       1       1       1       1
63      -1      0       1    1    1       1       0       "Seed (Wind)"                 150     0       0       0       0       0       0       0       500000          1       1       1       1       1       1       1
64      -1      0       1    1    1       1       0       "Seed (Lightning)"            150     0       0       0       0       0       0       0       500000          1       1       1       1       1       1       1
65      -1      0       1    1    1       1       0       "Seed (Earth)"                150     0       0       0       0       0       0       0       500000          1       1       1       1       1       1       1
70      -1      0       1    1    1       1       0       "Sphere (Mono)"               102     0       0       0       0       0       0       0       100000          1       1       1       1       1       1       1
71      -1      0       1    1    1       1       0       "Spear (Mono)"                122     0       0       0       0       0       0       0       150000          1       1       1       1       1       1       1
72      -1      0       1    1    1       1       0       "Spear (Mono)"                132     0       0       0       0       0       0       0       200000          1       1       1       1       1       1       1
73      -1      0       1    1    1       1       0       "Spear (Mono)"                142     0       0       0       0       0       0       0       250000          1       1       1       1       1       1       1
74      -1      0       1    1    1       1       0       "Spear (Mono)"                152     0       0       0       0       0       0       0       300000          1       1       1       1       1       1       1
100     -1      0       1    1    1       1       0       "Seed Sphere (Fire)"          1       0       0       0       0       0       0       0       1050000         1       1       1       1       1       1       1
101     -1      0       1    1    1       1       0       "Seed Sphere (Water)"         1       0       0       0       0       0       0       0       1050000         1       1       1       1       1       1       1
102     -1      0       1    1    1       1       0       "Seed Sphere (Ice)"           1       0       0       0       0       0       0       0       1050000         1       1       1       1       1       1       1
103     -1      0       1    1    1       1       0       "Seed Sphere (Wind)"          1       0       0       0       0       0       0       0       1050000         1       1       1       1       1       1       1
104     -1      0       1    1    1       1       0       "Seed Sphere (Lightning)"     1       0       0       0       0       0       0       0       1050000         1       1       1       1       1       1       1
105     -1      0       1    1    1       1       0       "Seed Sphere (Earth)"         1       0       0       0       0       0       0       0       1050000         1       1       1       1       1       1       1
106     -1      0       1    1    1       1       0       "Seed Sphere (Fire)"          2       0       0       0       0       0       0       0       1125000         1       1       1       1       1       1       1
107     -1      0       1    1    1       1       0       "Seed Sphere (Water)"         2       0       0       0       0       0       0       0       1125000         1       1       1       1       1       1       1
108     -1      0       1    1    1       1       0       "Seed Sphere (Ice)"           2       0       0       0       0       0       0       0       1125000         1       1       1       1       1       1       1
109     -1      0       1    1    1       1       0       "Seed Sphere (Wind)"          2       0       0       0       0       0       0       0       1125000         1       1       1       1       1       1       1
110     -1      0       1    1    1       1       0       "Seed Sphere (Lightning)"     2       0       0       0       0       0       0       0       1125000         1       1       1       1       1       1       1
111     -1      0       1    1    1       1       0       "Seed Sphere (Earth)"         2       0       0       0       0       0       0       0       1125000         1       1       1       1       1       1       1
112     -1      0       1    1    1       1       0       "Seed Sphere (Fire)"          3       0       0       0       0       0       0       0       1200000         1       1       1       1       1       1       1
113     -1      0       1    1    1       1       0       "Seed Sphere (Water)"         3       0       0       0       0       0       0       0       1200000         1       1       1       1       1       1       1
114     -1      0       1    1    1       1       0       "Seed Sphere (Ice)"           3       0       0       0       0       0       0       0       1200000         1       1       1       1       1       1       1
115     -1      0       1    1    1       1       0       "Seed Sphere (Wind)"          3       0       0       0       0       0       0       0       1200000         1       1       1       1       1       1       1
116     -1      0       1    1    1       1       0       "Seed Sphere (Lightning)"     3       0       0       0       0       0       0       0       1200000         1       1       1       1       1       1       1
117     -1      0       1    1    1       1       0       "Seed Sphere (Earth)"         3       0       0       0       0       0       0       0       1200000         1       1       1       1       1       1       1
118     -1      0       1    1    1       1       0       "Seed Sphere (Fire)"          4       0       0       0       0       0       0       0       1275000         0       0       0       0       0       0       0
119     -1      0       1    1    1       1       0       "Seed Sphere (Water)"         4       0       0       0       0       0       0       0       1275000         0       0       0       0       0       0       0
120     -1      0       1    1    1       1       0       "Seed Sphere (Ice)"           4       0       0       0       0       0       0       0       1275000         0       0       0       0       0       0       0
121     -1      0       1    1    1       1       0       "Seed Sphere (Wind)"          4       0       0       0       0       0       0       0       1275000         0       0       0       0       0       0       0
122     -1      0       1    1    1       1       0       "Seed Sphere (Lightning)"     4       0       0       0       0       0       0       0       1275000         0       0       0       0       0       0       0
123     -1      0       1    1    1       1       0       "Seed Sphere (Earth)"         4       0       0       0       0       0       0       0       1275000         0       0       0       0       0       0       0
124     -1      0       1    1    1       1       0       "Seed Sphere (Fire)"          5       0       0       0       0       0       0       0       1350000         0       0       0       0       0       0       0
125     -1      0       1    1    1       1       0       "Seed Sphere (Water)"         5       0       0       0       0       0       0       0       1350000         0       0       0       0       0       0       0
126     -1      0       1    1    1       1       0       "Seed Sphere (Ice)"           5       0       0       0       0       0       0       0       1350000         0       0       0       0       0       0       0
127     -1      0       1    1    1       1       0       "Seed Sphere (Wind)"          5       0       0       0       0       0       0       0       1350000         0       0       0       0       0       0       0
128     -1      0       1    1    1       1       0       "Seed Sphere (Lightning)"     5       0       0       0       0       0       0       0       1350000         0       0       0       0       0       0       0
129     -1      0       1    1    1       1       0       "Seed Sphere (Earth)"         5       0       0       0       0       0       0       0       1350000         0       0       0       0       0       0       0
130     7       0       2    2    1       1       0       "Small Cape of Lord"          1       0       200     1       0       0       0       0       0               0       0       0       0       1       0       0
131     7       0       3    2    1       1       0       "Small Wing of Curse"         1       10      200     1       0       0       0       0       0               0       0       0       0       0       1       0
132     7       0       3    2    1       1       0       "Small Wings of Elf"          1       10      200     1       0       0       0       0       0               0       0       1       0       0       0       0
133     7       0       3    2    1       1       0       "Small Wings of Heaven"       1       10      200     1       0       0       0       0       0               1       0       0       1       0       0       0
134     7       0       3    2    1       1       0       "Small Wings of Satan"        1       20      200     1       0       0       0       0       0               0       1       0       1       0       0       0
135     7       0       2    2    1       1       0       "Small RF Cloak"              1       15      200     0       0       0       0       0       0               0       0       0       0       0       0       1
136     -1      0       1    1    1       1       0       "Life Jewel Bundle"           72      0       0       0       0       0       0       0       0               1       1       1       1       1       1       1
137     -1      0       1    1    1       1       0       "Creation Jewel Bundle"       78      0       0       0       0       0       0       0       0               1       1       1       1       1       1       1
138     -1      0       1    1    1       1       0       "Guardian Stone Bundle"       75      0       0       0       0       0       0       0       0               1       1       1       1       1       1       1
139     -1      0       1    1    1       1       0       "Primitive Stone Bundle"      25      0       0       0       0       0       0       0       0               1       1       1       1       1       1       1
140     -1      0       1    1    1       1       0       "Harmony Stone Bundle"        25      0       0       0       0       0       0       0       0               1       1       1       1       1       1       1
141     -1      0       1    1    1       1       0       "Primordial Jewel Bundle"     12      0       0       0       0       0       0       0       0               1       1       1       1       1       1       1
142     -1      0       1    1    1       1       0       "Refining Stone Bundle 1"     25      0       0       0       0       0       0       0       0               1       1       1       1       1       1       1
143     -1      0       1    1    1       1       0       "Refining Stone Bundle 2"     25      0       0       0       0       0       0       0       0               1       1       1       1       1       1       1
150     7       0       3    3    1       1       0       "Wings of Primordial Chaos"   150     46      210     290     0       0       0       0       0               0       2       0       1       0       0       0
151     7       0       3    3    1       1       0       "Wings of Magic"              150     37      210     290     0       0       0       0       0               2       0       0       1       0       2       0
152     7       0       3    3    1       1       0       "Wings of Fire God"           150     37      210     290     0       0       0       0       0               0       0       2       0       0       0       0
153     7       0       3    3    1       1       0       "Wings of Conquest"           150     200     220     350     0       0       0       0       0               1       1       1       1       1       1       1
154     7       0       2    3    1       1       0       "TT Demon Wings"              150     200     220     350     0       0       0       0       0               1       1       1       1       1       1       1
155     7       0       2    3    1       1       0       "Death Cloak"                 150     27      210     290     0       0       0       0       0               0       0       0       0       1       0       1
156     7       0       3    3    1       1       0       "Wings SS13 - DW"             150     45      220     380     0       0       0       0       0               3       0       0       0       0       0       0
157     7       0       4    3    1       1       0       "Wings SS13 - DK"             150     60      220     380     0       0       0       0       0               0       3       0       0       0       0       0
158     7       0       4    3    1       1       0       "Wings SS13 - ELF"            150     45      220     380     0       0       0       0       0               0       0       3       0       0       0       0
159     7       0       4    3    1       1       0       "Wings SS13 - MG"             150     55      220     380     0       0       0       0       0               0       0       0       3       0       0       0
160     7       0       2    3    1       1       0       "Wings SS13 - DL"             150     45      220     380     0       0       0       0       0               0       0       0       0       3       0       0
161     7       0       4    3    1       1       0       "Wings SS13 - SM"             150     45      220     380     0       0       0       0       0               0       0       0       0       0       3       0
162     7       0       2    3    1       1       0       "Wings SS13 - RF"             150     45      220     380     0       0       0       0       0               0       0       0       0       0       0       3
163     7       0       3    3    1       1       0       "Wings 2.5 v2 MG"             150     45      220     380     0       0       0       0       0               0       0       0       1       0       0       0
165     7       0       2    3    1       1       0       "Cape of Lord"                150     27      210     290     0       0       0       0       0               0       0       0       0       1       0       0
169     7       0       2    3    1       1       0       "xMast Wing DL"               150     27      210     290     0       0       0       0       0               0       0       0       0       1       0       0
171     7       0       2    3    1       1       0       "xMast Wing RF"               150     27      210     290     0       0       0       0       0               0       0       0       0       0       0       1
210     7       0       3    3    1       1       0       "Wings Custom1"               150     85      250     1       0       0       0       0       0               1       1       1       1       1       1       1
211     7       0       3    3    1       1       0       "Wings Custom2"               150     85      250     1       0       0       0       0       0               1       1       1       1       1       1       1
212     7       0       3    3    1       1       0       "Wings Custom3"               150     85      250     1       0       0       0       0       0               1       1       1       1       1       1       1
213     7       0       3    3    1       1       0       "Wings Custom4"               150     85      250     1       0       0       0       0       0               1       1       1       1       1       1       1
214     7       0       3    3    1       1       0       "Wings Custom5"               150     85      250     1       0       0       0       0       0               1       1       1       1       1       1       1
215     7       0       3    3    1       1       0       "Wings Custom6"               150     85      250     1       0       0       0       0       0               1       1       1       1       1       1       1
216     7       0       3    3    1       1       0       "Wings Custom7"               150     85      250     1       0       0       0       0       0               1       1       1       1       1       1       1
217     7       0       3    3    1       1       0       "Wings Custom8"               150     85      250     1       0       0       0       0       0               1       1       1       1       1       1       1
218     7       0       3    3    1       1       0       "Wings Custom9"               150     85      250     1       0       0       0       0       0               1       1       1       1       1       1       1
219     7       0       3    3    1       1       0       "Wings Custom10"              150     85      250     1       0       0       0       0       0               1       1       1       1       1       1       1
220     7       0       3    3    1       1       0       "Wings Custom11"              150     85      250     1       0       0       0       0       0               1       1       1       1       1       1       1
221     7       0       3    3    1       1       0       "Wings Custom12"              150     85      250     1       0       0       0       0       0               1       1       1       1       1       1       1
222     7       0       3    3    1       1       0       "Wings Custom13"              150     85      250     1       0       0       0       0       0               1       1       1       1       1       1       1
223     7       0       3    3    1       1       0       "Wings Custom14"              150     85      250     1       0       0       0       0       0               1       1       1       1       1       1       1
224     7       0       3    3    1       1       0       "Wings Custom15"              150     85      250     1       0       0       0       0       0               1       1       1       1       1       1       1
225     7       0       3    3    1       1       0       "Wings Custom16"              150     85      250     1       0       0       0       0       0               1       1       1       1       1       1       1
226     7       0       3    3    1       1       0       "Wings Custom17"              150     85      250     1       0       0       0       0       0               1       1       1       1       1       1       1
227     7       0       3    3    1       1       0       "Wings Custom18"              150     85      250     1       0       0       0       0       0               1       1       1       1       1       1       1
228     7       0       3    3    1       1       0       "Wings Custom19"              150     85      250     1       0       0       0       0       0               1       1       1       1       1       1       1
229     7       0       3    3    1       1       0       "Wings Custom20"              150     85      250     1       0       0       0       0       0               1       1       1       1       1       1       1
230     7       0       3    3    1       1       0       "Wings Custom21"              150     85      250     1       0       0       0       0       0               1       1       1       1       1       1       1
238     7       0       3    3    1       1       0       "Wings Custom22"              150     85      250     1       0       0       0       0       0               1       1       1       1       1       1       1
239     7       0       3    3    1       1       0       "Wings Custom23"              150     85      250     1       0       0       0       0       0               1       1       1       1       1       1       1
240     7       0       3    3    1       1       0       "Wings Custom24"              150     85      250     1       0       0       0       0       0               1       1       1       1       1       1       1
//CASE-20261002-009 wings ported from MuServer2 (index = same as MuServer2, values 1:1, DropItem=0)
//3.5 (MuServer2)
297     7       0       4    3    1       1       0       "Wings of Eternity SM"        149     100     220     0       0       0       0       0       0               3       0       0       0       0       0       0
290     7       0       4    3    1       1       0       "Wings of Condemnation BK"    149     100     220     0       0       0       0       0       0               0       3       0       0       0       0       0
288     7       0       4    3    1       1       0       "Wings of Fate Elf"           149     100     220     0       0       0       0       0       0               0       0       3       0       0       0       0
287     7       0       4    3    1       1       0       "Wings of Disillusionment MG" 149     100     210     0       0       0       0       0       0               0       0       0       3       0       0       0
298     7       0       2    3    1       1       0       "Pure White Cloak DL"         149     100     220     0       0       0       0       0       0               0       0       0       0       3       0       0
289     7       0       4    3    1       1       0       "Wings of Silence"            149     100     210     0       0       0       0       0       0               0       0       0       0       0       3       0
302     7       0       2    3    1       1       0       "Cape of Steel RF"            149     100     220     0       0       0       0       0       0               0       0       0       0       0       0       3
//4.5 (MuServer2)
294     7       0       4    3    1       1       0       "Wings of Hit"                149     300     220     0       0       0       0       0       0               3       0       0       0       0       0       0
295     7       0       4    3    1       1       0       "Bloody Wings"                149     300     220     0       0       0       0       0       0               0       3       0       0       0       0       0
321     7       0       4    3    1       1       0       "Wings of Eternal Blossom"    149     300     220     0       0       0       0       0       0               0       0       3       0       0       0       0
296     7       0       4    3    1       1       0       "Storm's Wings"               149     300     220     0       0       0       0       0       0               0       0       0       3       0       0       0
293     7       0       2    3    1       1       0       "Cloak of Isolation"          149     300     220     0       0       0       0       0       0               0       0       0       0       3       0       0
320     7       0       4    3    1       1       0       "Wings Yellow Bat"            149     300     220     0       0       0       0       0       0               0       0       0       0       0       3       0
305     7       0       2    3    1       1       0       "Cloak of Hatred"             149     300     220     0       0       0       0       0       0               0       0       0       0       0       0       3
//5.0 (MuServer2)
306     7       0       4    3    1       1       0       "Wings of Virtue"             149     400     220     0       0       0       0       0       0               2       0       0       0       0       0       0
307     7       0       4    3    1       1       0       "Wings of Destruction"        149     400     220     0       0       0       0       0       0               0       2       0       0       0       0       0
308     7       0       4    3    1       1       0       "Wings of Fantasy"            149     400     220     0       0       0       0       0       0               0       0       2       0       0       0       0
309     7       0       4    3    1       1       0       "Wings of Punishment"         149     400     220     0       0       0       0       0       0               0       0       0       2       0       0       0
310     7       0       2    3    1       1       0       "Cloack of Zero"              149     400     220     0       0       0       0       0       0               0       0       0       0       2       0       0
311     7       0       4    3    1       1       0       "Wings of Barrier"            149     400     220     0       0       0       0       0       0               0       0       0       0       0       2       0
312     7       0       2    3    1       1       0       "Cloack of Oath"              149     400     220     0       0       0       0       0       0               0       0       0       0       0       0       2
//5.5 = 5.0 + Core (MuServer2)
313     7       0       4    3    1       1       0       "Wings of Virtue + Core"      149     600     220     0       0       0       0       0       0               3       0       0       0       0       0       0
314     7       0       4    3    1       1       0       "Wings of Destruction + Core" 149     600     220     0       0       0       0       0       0               0       3       0       0       0       0       0
315     7       0       4    3    1       1       0       "Wings of Fantasy + Core"     149     600     220     0       0       0       0       0       0               0       0       3       0       0       0       0
316     7       0       4    3    1       1       0       "Wings of Punishment + Core"  149     600     220     0       0       0       0       0       0               0       0       0       3       0       0       0
317     7       0       2    3    1       1       0       "Cloack of Zero + Core"       149     600     220     0       0       0       0       0       0               0       0       0       0       3       0       0
318     7       0       4    3    1       1       0       "Wings of Barrier + Core"     149     600     220     0       0       0       0       0       0               0       0       0       0       0       3       0
319     7       0       2    3    1       1       0       "Cloack of Oath + Core"       149     600     220     0       0       0       0       0       0               0       0       0       0       0       0       3
end

//Index Slot    Skill   X    Y    Serial  Option  Drop    Name                          level   Dur     Resistance1     Resistance2     Resistance3     Resistance4     Resistance5     Resistance6     Resistance7     SetAttr DW      DK      EF      MG      DL      SM      RF
13
0       8       0       1    1    1       1       0       "Guardian Angel"              23      255     0               0               0               0               0               0               0               0       1       1       1       1       1       1       1
1       8       0       1    1    1       1       0       "Imp"                         28      255     0               0               0               0               0               0               0               0       1       1       1       1       1       1       1
2       8       0       1    1    1       1       0       "Horn of Uniria"              25      255     0               0               0               0               0               0               0               0       1       1       1       1       1       1       1
3       8       49      1    1    1       1       0       "Horn of Dinorant"            110     255     0               0               0               0               0               0               0               0       1       1       1       1       1       1       1
4       8       62      1    1    1       1       0       "Dark Horse"                  218     255     0               0               0               0               0               0               0               0       0       0       0       0       1       0       0
5       1       0       1    1    1       1       0       "Dark Raven"                  0       255     0               0               0               0               0               0               0               0       1       1       1       1       1       0       0
7       -1      0       1    1    1       1       0       "Contract (Summon)"           0       255     0               0               0               0               0               0               0               0       1       1       1       1       1       1       1
8       10      0       1    1    1       1       0       "Ring of Ice"                 20      50      1               0               0               0               0               0               0               2       1       1       1       1       1       1       1
9       10      0       1    1    1       1       0       "Ring of Poison"              17      50      0               1               0               0               0               0               0               4       1       1       1       1       1       1       1
10      10      0       1    1    1       1       0       "Transformation Ring"         0       200     0               0               0               0               0               0               0               0       1       1       1       1       1       1       1
11      -1      0       1    1    1       1       0       "Order (Guardian/Life Stone)" 0       255     0               0               0               0               0               0               0               0       1       1       1       1       1       1       1
12      9       0       1    1    1       1       0       "Pendant of Lighting"         21      50      0               0               1               0               0               0               0               3       1       1       1       1       1       1       1
13      9       0       1    1    1       1       0       "Pendant of Fire"             13      50      0               0               0               1               0               0               0               1       1       1       1       1       1       1       1
14      -1      0       1    2    1       1       0       "Loch's Feather"              78      0       0               0               0               0               0               0               0               0       1       1       1       1       1       1       1
15      -1      0       1    1    1       1       0       "Fruits"                      0       0       0               0               0               0               0               0               0               0       1       1       1       1       1       1       1
16      -1      0       1    2    1       1       1       "Scroll of Archangel"         0       128     0               0               0               0               0               0               0               0       1       1       1       1       1       1       1
17      -1      0       1    2    1       1       1       "Blood Bone"                  0       128     0               0               0               0               0               0               0               0       1       1       1       1       1       1       1
18      -1      0       2    2    1       1       1       "Invisibility Cloak"          0       255     0               0               0               0               0               0               0               0       1       1       1       1       1       1       1
19      -1      0       1    2    1       1       0       "Absolute Weapon of Archangel"0       255     0               0               0               0               0               0               0               0       1       1       1       1       1       1       1
20      10      0       1    1    1       1       0       "Wizards Ring"                0       30      0               0               0               0               0               0               0               0       1       1       1       1       1       1       1
21      10      0       1    1    1       1       0       "Ring of Fire"                30      50      0               0               0               1               0               0               0               3       1       1       1       1       1       1       1
22      10      0       1    1    1       1       0       "Ring of Earth"               38      50      0               0               0               0               1               0               0               1       1       1       1       1       1       1       1
23      10      0       1    1    1       1       0       "Ring of Wind"                44      50      0               0               0               0               0               1               0               2       1       1       1       1       1       1       1
24      10      0       1    1    1       1       0       "Ring of Magic"               47      50      0               0               0               0               0               0               0               3       1       1       1       1       1       1       1
25      9       0       1    1    1       1       0       "Pendant of Ice"              34      50      1               0               0               0               0               0               0               1       1       1       1       1       1       1       1
26      9       0       1    1    1       1       0       "Pendant of Wind"             42      50      0               0               0               0               0               1               0               2       1       1       1       1       1       1       1
27      9       0       1    1    1       1       0       "Pendant of Water"            46      50      0               0               0               0               0               0               1               4       1       1       1       1       1       1       1
28      9       0       1    1    1       1       0       "Pendant of Ability"          50      50      0               0               0               0               0               0               0               0       1       1       1       1       1       1       1
29      -1      0       2    2    1       1       0       "Armor of Guardsman"          0       0       0               0               0               0               0               0               0               0       1       1       1       1       1       1       1
30      7       0       2    3    1       1       0       "Cape of Lord"                180     200     0               0               0               0               0               0               0               0       0       0       0       0       1       0       0
31      -1      0       1    1    1       1       0       "Spirit"                      0       0       0               0               0               0               0               0               0               0       0       0       0       0       1       0       0
32      -1      0       1    1    1       1       0       "Splinter of Armor"           0       1       0               0               0               0               0               0               0               0       1       1       1       1       1       1       1
33      -1      0       1    1    1       1       0       "Bless of Guardian"           0       1       0               0               0               0               0               0               0               0       1       1       1       1       1       1       1
34      -1      0       1    1    1       1       0       "Claw of Beast"               0       1       0               0               0               0               0               0               0               0       1       1       1       1       1       1       1
35      -1      0       1    1    1       1       0       "Fragment of Horn"            0       1       0               0               0               0               0               0               0               0       1       1       1       1       1       1       1
36      -1      0       2    2    1       1       0       "Broken Horn"                 0       1       0               0               0               0               0               0               0               0       1       1       1       1       1       1       1
37      8       0       2    2    1       1       0       "Horn of Fenrir"              300     255     0               0               0               0               0               0               0               0       2       2       2       1       1       2       1
38      10      0       1    1    1       1       0       "Moonstone Pendant"           21      120     0               0               0               0               0               0               0               3       1       1       1       1       1       1       1
39      10      0       1    1    1       1       0       "Eilte Transfer Skeleton Ring"10      255     0               0               0               0               0               0               0               0       1       1       1       1       1       1       1
40      10      0       1    1    1       1       0       "Jack Olantern Ring"          10      100     0               0               0               0               0               0               0               0       1       1       1       1       1       1       1
41      10      0       1    1    1       1       0       "Transfer Christmas Ring"     1       100     0               0               0               0               0               0               0               0       1       1       1       1       1       1       1
42      10      0       1    1    1       1       0       "Ring of GM"                  0       255     255             255             255             255             255             255             255             0       1       1       1       1       1       1       1
43      -1      0       1    1    1       1       0       "Seal of Ascension"           0       0       0               0               0               0               0               0               0               0       1       1       1       1       1       1       1
44      -1      0       1    1    1       1       0       "Seal of Wealth"              0       0       0               0               0               0               0               0               0               0       1       1       1       1       1       1       1
45      -1      0       1    1    1       1       0       "Seal of Sustenance"          0       0       0               0               0               0               0               0               0               0       1       1       1       1       1       1       1
46      -1      0       1    1    1       1       0       "Devil Square Ticket"         0       10      0               0               0               0               0               0               0               0       1       1       1       1       1       1       1
47      -1      0       1    1    1       1       0       "Blood Castle Ticket"         0       10      0               0               0               0               0               0               0               0       1       1       1       1       1       1       1
48      -1      0       1    1    1       1       0       "Kalima Ticket"               0       10      0               0               0               0               0               0               0               0       1       1       1       1       1       1       1
49      -1      0       1    1    1       1       0       "Old Scroll"                  0       0       0               0               0               0               0               0               0               0       1       1       1       1       1       1       1
50      -1      0       1    2    1       1       0       "Illusion Sorcerer Covenant"  0       0       0               0               0               0               0               0               0               0       1       1       1       1       1       1       1
51      -1      0       2    2    1       1       0       "Scroll of Blood"             0       1       0               0               0               0               0               0               0               0       1       1       1       1       1       1       1
52      -1      0       1    2    1       1       0       "Condor Flame"                0       0       0               0               0               0               0               0               0               0       1       1       1       1       1       1       1
53      -1      0       1    2    1       1       0       "Condor Feather"              0       0       0               0               0               0               0               0               0               0       1       1       1       1       1       1       1
54      -1      0       1    1    1       1       0       "Reset Fruit Strength"        0       100     0               0               0               0               0               0               0               0       1       1       1       1       1       1       1
55      -1      0       1    1    1       1       0       "Reset Fruit Quickness"       0       100     0               0               0               0               0               0               0               0       1       1       1       1       1       1       1
56      -1      0       1    1    1       1       0       "Reset Fruit Health"          0       100     0               0               0               0               0               0               0               0       1       1       1       1       1       1       1
57      -1      0       1    1    1       1       0       "Reset Fruit Energy"          0       100     0               0               0               0               0               0               0               0       1       1       1       1       1       1       1
58      -1      0       1    1    1       1       0       "Reset Fruit Control"         0       100     0               0               0               0               0               0               0               0       1       1       1       1       1       1       1
59      -1      0       1    1    1       1       0       "Seal of Mobility"            0       0       0               0               0               0               0               0               0               0       1       1       1       1       1       1       1
60      -1      0       1    2    1       1       0       "Indulgence"                  0       0       0               0               0               0               0               0               0               0       1       1       1       1       1       1       1
61      -1      0       1    1    1       1       0       "Illusion Temple Ticket"      0       10      0               0               0               0               0               0               0               0       1       1       1       1       1       1       1
62      -1      0       1    1    1       1       0       "Seal of Healing"             0       0       0               0               0               0               0               0               0               0       1       1       1       1       1       1       1
63      -1      0       1    1    1       1       0       "Seal of Divinity"            0       0       0               0               0               0               0               0               0               0       1       1       1       1       1       1       1
64      8       0       1    1    1       1       0       "Demon"                       1       255     0               0               0               0               0               0               0               0       1       1       1       1       1       1       1
65      8       0       1    1    1       1       0       "Spirit of Guardian"          1       255     0               0               0               0               0               0               0               0       1       1       1       1       1       1       1
66      -1      0       1    1    1       1       0       "Invitation to Santa Village" 0       10      0               0               0               0               0               0               0               0       1       1       1       1       1       1       1
67      8       0       1    1    1       1       0       "Pet Rudolf"                  28      255     0               0               0               0               0               0               0               0       1       1       1       1       1       1       1
68      10      0       1    1    1       1       0       "Snowman Transformation Ring" 10      100     0               0               0               0               0               0               0               0       1       1       1       1       1       1       1
69      -1      0       1    1    1       1       0       "Talisman of Resurrection"    0       0       0               0               0               0               0               0               0               0       1       1       1       1       1       1       1
70      -1      0       1    1    1       1       0       "Talisman of Mobility"        0       2       0               0               0               0               0               0               0               0       1       1       1       1       1       1       1
71      8       0       2    3    1       1       0       "Sword/Mace/Spear"            0       255     0               0               0               0               0               0               0               0       1       1       1       1       1       1       1
72      8       0       2    3    1       1       0       "Staff"                       0       255     0               0               0               0               0               0               0               0       1       1       1       1       1       1       1
73      8       0       2    3    1       1       0       "Bow/Crossbow"                0       255     0               0               0               0               0               0               0               0       1       1       1       1       1       1       1
74      8       0       2    3    1       1       0       "Scepter"                     0       255     0               0               0               0               0               0               0               0       1       1       1       1       1       1       1
75      8       0       2    3    1       1       0       "Stick"                       0       255     0               0               0               0               0               0               0               0       1       1       1       1       1       1       1
76      10      0       1    1    1       1       0       "Panda Ring"                  1       255     0               0               0               0               0               0               0               0       1       1       1       1       1       1       1
80      8       0       1    1    1       1       0       "Pet Panda"                   1       255     0               0               0               0               0               0               0               0       1       1       1       1       1       1       1
81      -1      0       1    1    1       1       0       "Talisman of Guardian"        0       0       0               0               0               0               0               0               0               0       1       1       1       1       1       1       1
82      -1      0       1    1    1       1       0       "Talisman of Item Protection" 0       0       0               0               0               0               0               0               0               0       1       1       1       1       1       1       1
83      -1      0       1    1    1       1       0       "Talisman of Wings of Satan"  0       0       0               0               0               0               0               0               0               0       1       1       1       1       1       1       1
84      -1      0       1    1    1       1       0       "Talisman of Wings of Heaven" 0       0       0               0               0               0               0               0               0               0       1       1       1       1       1       1       1
85      -1      0       1    1    1       1       0       "Talisman of Wings of Elf"    0       0       0               0               0               0               0               0               0               0       1       1       1       1       1       1       1
86      -1      0       1    1    1       1       0       "Talisman of Wing of Curse"   0       0       0               0               0               0               0               0               0               0       1       1       1       1       1       1       1
87      -1      0       1    1    1       1       0       "Talisman of Cape of Emperor" 0       0       0               0               0               0               0               0               0               0       1       1       1       1       1       1       1
88      -1      0       1    1    1       1       0       "Talisman of Wings of Dragon" 0       0       0               0               0               0               0               0               0               0       1       1       1       1       1       1       1
89      -1      0       1    1    1       1       0       "Talisman of Wings of Soul"   0       0       0               0               0               0               0               0               0               0       1       1       1       1       1       1       1
90      -1      0       1    1    1       1       0       "Talisman of Wings of Spirits"0       0       0               0               0               0               0               0               0               0       1       1       1       1       1       1       1
91      -1      0       1    1    1       1       0       "Talisman of Wing of Despair" 0       0       0               0               0               0               0               0               0               0       1       1       1       1       1       1       1
92      -1      0       1    1    1       1       0       "Talisman of Wings of Darkness"0       0       0               0               0               0               0               0               0               0       1       1       1       1       1       1       1
93      -1      0       1    1    1       1       0       "Master Seal of Ascension"    0       0       0               0               0               0               0               0               0               0       1       1       1       1       1       1       1
94      -1      0       1    1    1       1       0       "Master Seal of Wealth"       0       0       0               0               0               0               0               0               0               0       1       1       1       1       1       1       1
95      -1      0       1    1    1       1       0       "Gladiator's Honor"           0       255     0               0               0               0               0               0               0               0       1       1       1       1       1       1       1
96      -1      0       1    1    1       1       0       "Seal of Strength"            0       0       0               0               0               0               0               0               0               0       1       1       1       1       1       1       1
103     -1      0       1    1    1       1       0       "Party EXP Scroll"            0       0       0               0               0               0               0               0               0               0       1       1       1       1       1       1       1
104     -1      0       1    1    1       1       0       "Max AG Boost Aura"           0       0       0               0               0               0               0               0               0               0       1       1       1       1       1       1       1
105     -1      0       1    1    1       1       0       "Max SD Boost Aura"           0       0       0               0               0               0               0               0               0               0       1       1       1       1       1       1       1
106     8       0       1    1    1       1       0       "Pet Unicorn"                 28      255     0               0               0               0               0               0               0               0       1       1       1       1       1       1       1
107     10      0       1    1    1       1       0       "Lethal Wizard's Ring"        0       100     0               0               0               0               0               0               0               0       1       1       1       1       1       1       1
109     10      0       1    1    1       1       0       "Sapphire Ring"               0       0       0               0               0               0               0               0               0               0       1       1       1       1       1       1       1
110     10      0       1    1    1       1       0       "Ruby Ring"                   0       0       0               0               0               0               0               0               0               0       1       1       1       1       1       1       1
111     10      0       1    1    1       1       0       "Topaz Ring"                  0       0       0               0               0               0               0               0               0               0       1       1       1       1       1       1       1
112     10      0       1    1    1       1       0       "Amethyst Ring"               0       0       0               0               0               0               0               0               0               0       1       1       1       1       1       1       1
113     9       0       1    1    1       1       0       "Ruby Necklace"               0       0       0               0               0               0               0               0               0               0       1       1       1       1       1       1       1
114     9       0       1    1    1       1       0       "Emerald Necklace"            0       0       0               0               0               0               0               0               0               0       1       1       1       1       1       1       1
115     9       0       1    1    1       1       0       "Sapphire Necklace"           0       0       0               0               0               0               0               0               0               0       1       1       1       1       1       1       1
116     10      0       1    1    1       1       0       "Seal of Wealth"              0       0       0               0               0               0               0               0               0               0       1       1       1       1       1       1       1
117     -1      0       1    1    1       1       0       "Minimum Vitality Potion"     0       0       0               0               0               0               0               0               0               0       1       1       1       1       1       1       1
118     -1      0       1    1    1       1       0       "Low Vitality Potion"         0       0       0               0               0               0               0               0               0               0       1       1       1       1       1       1       1
119     -1      0       1    1    1       1       0       "Medium Vitality Potion"      0       0       0               0               0               0               0               0               0               0       1       1       1       1       1       1       1
120     -1      0       1    1    1       1       0       "High Vitality Potion"        0       0       0               0               0               0               0               0               0               0       1       1       1       1       1       1       1
121     -1      0       1    1    1       1       0       "Open Access Ticket to Chaos Castle"10      10      0               0               0               0               0               0               0               0       1       1       1       1       1       1       1
122     10      0       1    1    1       1       0       "Skeleton Transformation Ring"1       255     0               0               0               0               0               0               0               0       1       1       1       1       1       1       1
123     8       0       1    1    1       1       0       "Pet Skeleton"                1       255     0               0               0               0               0               0               0               0       1       1       1       1       1       1       1
124     -1      0       1    1    1       1       0       "Paid Channel Access Ticket"  0       0       0               0               0               0               0               0               0               0       1       1       1       1       1       1       1
125     -1      0       1    1    1       1       0       "Open Access Ticket to Doppelganger"10      10      0               0               0               0               0               0               0               0       1       1       1       1       1       1       1
126     -1      0       1    1    1       1       0       "Open Access Ticket to Varka" 0       10      0               0               0               0               0               0               0               0       1       1       1       1       1       1       1
127     -1      0       1    1    1       1       0       "Open Access Ticket to Varka Map 7"55      3       0               0               0               0               0               0               0               0       1       1       1       1       1       1       1
128     10      0       1    1    1       1       0       "Hawk Figurine"               0       255     0               0               0               0               0               0               0               0       1       1       1       1       1       1       1
129     10      0       1    1    1       1       0       "Goat Figurine"               0       255     0               0               0               0               0               0               0               0       1       1       1       1       1       1       1
130     10      0       1    1    1       1       0       "Oak Charm"                   0       255     0               0               0               0               0               0               0               0       1       1       1       1       1       1       1
131     10      0       1    1    1       1       0       "Maple Charm"                 0       255     0               0               0               0               0               0               0               0       1       1       1       1       1       1       1
132     10      0       1    2    1       1       0       "Golden Oak Charm"            0       255     0               0               0               0               0               0               0               0       1       1       1       1       1       1       1
133     10      0       1    2    1       1       0       "Golden Maple Charm"          0       255     0               0               0               0               0               0               0               0       1       1       1       1       1       1       1
134     10      0       1    1    1       1       0       "Worn Horseshoe"              0       255     0               0               0               0               0               0               0               0       1       1       1       1       1       1       1
135     -1      0       1    1    1       1       0       "1st Lucky Armor Ticket"      0       255     0               0               0               0               0               0               0               0       1       1       1       1       1       1       1
136     -1      0       1    1    1       1       0       "Life Jewel Bundle"           0       255     0               0               0               0               0               0               0               0       1       1       1       1       1       1       1
137     -1      0       1    1    1       1       0       "Creation Jewel Bundle"       0       255     0               0               0               0               0               0               0               0       1       1       1       1       1       1       1
138     -1      0       1    1    1       1       0       "Guardian Stone Bundle"       0       255     0               0               0               0               0               0               0               0       1       1       1       1       1       1       1
139     -1      0       1    1    1       1       0       "Primitive Stone Bundle"      0       255     0               0               0               0               0               0               0               0       1       1       1       1       1       1       1
140     -1      0       1    1    1       1       0       "Harmony Stone Bundle"        0       255     0               0               0               0               0               0               0               0       1       1       1       1       1       1       1
141     -1      0       1    1    1       1       0       "Primordial Jewel Bundle"     0       255     0               0               0               0               0               0               0               0       1       1       1       1       1       1       1
142     -1      0       1    1    1       1       0       "Refining Stone Bundle 1"     0       255     0               0               0               0               0               0               0               0       1       1       1       1       1       1       1
143     -1      0       1    1    1       1       0       "Refining Stone Bundle 2"     0       255     0               0               0               0               0               0               0               0       1       1       1       1       1       1       1
144     -1      0       1    1    1       1       0       "2nd Lucky Boots Ticket"      0       255     0               0               0               0               0               0               0               0       1       1       1       1       1       1       1
152     -1      0       1    2    1       1       0       "Devil Angle Fragment"        0       255     0               0               0               0               0               0               0               0       1       1       1       1       1       1       1
153     -1      0       1    1    1       1       0       "Conquest Fragment"           0       255     0               0               0               0               0               0               0               0       1       1       1       1       1       1       1
154     -1      0       1    2    1       1       0       "Garuda Feather"              0       255     0               0               0               0               0               0               0               0       1       1       1       1       1       1       1
155     -1      0       1    2    1       1       0       "Garuda Flame"                0       255     0               0               0               0               0               0               0               0       1       1       1       1       1       1       1
200     12      0       2    2    1       0       0       "Pet Spark"                   28      255     0               0               0               0               0               0               0               0       1       1       1       1       1       1       1
201     8       0       2    2    1       0       0       "Pet Bael"                    28      255     0               0               0               0               0               0               0               0       1       1       1       1       1       1       1
202     8       0       2    2    1       1       0       "Pet Bateriaup"               28      255     0               0               0               0               0               0               0               0       1       1       1       1       1       1       1
203     8       0       2    2    1       1       0       "Pet Beagle"                  28      255     0               0               0               0               0               0               0               0       1       1       1       1       1       1       1
204     8       0       2    2    1       1       0       "Pet Bluefairyup"             28      255     0               0               0               0               0               0               0               0       1       1       1       1       1       1       1
205     8       0       2    2    1       1       0       "Pet Bogeon"                  28      255     0               0               0               0               0               0               0               0       1       1       1       1       1       1       1
206     8       0       2    2    1       1       0       "Pet Bulldog"                 28      255     0               0               0               0               0               0               0               0       1       1       1       1       1       1       1
207     8       0       2    2    1       1       0       "Pet Cyclops"                 28      255     0               0               0               0               0               0               0               0       1       1       1       1       1       1       1
208     8       0       2    2    1       1       0       "Pet Figure"                  28      255     0               0               0               0               0               0               0               0       1       1       1       1       1       1       1
209     8       0       2    2    1       1       0       "Pet Knightinstructorup"      28      255     0               0               0               0               0               0               0               0       1       1       1       1       1       1       1
210     8       0       2    2    1       1       0       "Pet Knightzombieup"          28      255     0               0               0               0               0               0               0               0       1       1       1       1       1       1       1
211     8       0       2    2    1       1       0       "Pet Lycan"                   28      255     0               0               0               0               0               0               0               0       1       1       1       1       1       1       1
212     8       0       2    2    1       1       0       "Pet Mermaid"                 28      255     0               0               0               0               0               0               0               0       1       1       1       1       1       1       1
213     8       0       2    2    1       1       0       "Pet Mino"                    28      255     0               0               0               0               0               0               0               0       1       1       1       1       1       1       1
214     8       0       2    2    1       1       0       "Pet Mommoth"                 28      255     0               0               0               0               0               0               0               0       1       1       1       1       1       1       1
215     8       0       2    2    1       1       0       "Pet Mummyboy"                28      255     0               0               0               0               0               0               0               0       1       1       1       1       1       1       1
216     8       0       2    2    1       1       0       "Pet Polaris"                 28      255     0               0               0               0               0               0               0               0       1       1       1       1       1       1       1
217     8       0       2    2    1       1       0       "Fenrir Blue"                 1       255     0               0               0               0               0               0               0               0       1       1       1       1       1       1       1
218     8       0       2    2    1       1       0       "Fenrir Red"                  1       255     0               0               0               0               0               0               0               0       1       1       1       1       1       1       1
219     8       0       2    2    1       1       0       "Fenrir Green"                1       255     0               0               0               0               0               0               0               0       1       1       1       1       1       1       1
220     8       0       2    2    1       1       0       "Fenrir Orange"               1       255     0               0               0               0               0               0               0               0       1       1       1       1       1       1       1
221     8       0       2    2    1       1       0       "Fenrir Pink"                 1       255     0               0               0               0               0               0               0               0       1       1       1       1       1       1       1
222     8       0       2    2    1       1       0       "Fenrir Purple"               1       255     0               0               0               0               0               0               0               0       1       1       1       1       1       1       1
223     8       0       2    2    1       1       0       "Fenrir White"                1       255     0               0               0               0               0               0               0               0       1       1       1       1       1       1       1
224     8       0       2    2    1       1       0       "Fenrir God Brown"            1       255     0               0               0               0               0               0               0               0       1       1       1       1       1       1       1
225     8       0       2    2    1       1       0       "Fenrir God Purple"           1       255     0               0               0               0               0               0               0               0       1       1       1       1       1       1       1
226     8       0       2    2    1       1       0       "Fenrir God Aqua"             1       255     0               0               0               0               0               0               0               0       1       1       1       1       1       1       1
227     8       0       2    2    1       1       0       "Fenrir God Red"              1       255     0               0               0               0               0               0               0               0       1       1       1       1       1       1       1
228     8       0       2    2    1       1       0       "Fenrir God Silver"           1       255     0               0               0               0               0               0               0               0       1       1       1       1       1       1       1
229     8       0       2    2    1       1       0       "Fenrir God Blue"             1       255     0               0               0               0               0               0               0               0       1       1       1       1       1       1       1
230     8       0       2    2    1       1       0       "Fenrir God Black"            1       255     0               0               0               0               0               0               0               0       1       1       1       1       1       1       1
231     8       0       2    2    1       1       0       "Fenrir God Gold"             1       255     0               0               0               0               0               0               0               0       1       1       1       1       1       1       1
232     8       0       2    2    1       1       0       "Fenrir God Green"            1       255     0               0               0               0               0               0               0               0       1       1       1       1       1       1       1
233     8       0       2    2    1       1       0       "Fenrir God Pink"             1       255     0               0               0               0               0               0               0               0       1       1       1       1       1       1       1
234     8       0       2    2    1       1       0       "Devine Horse"                1       255     0               0               0               0               0               0               0               0       1       1       1       1       1       1       1
235     8       0       2    2    1       1       0       "Devine Horse Blue"           1       255     0               0               0               0               0               0               0               0       1       1       1       1       1       1       1
236     8       0       2    2    1       1       0       "Devine Horse Red"            1       255     0               0               0               0               0               0               0               0       1       1       1       1       1       1       1
237     8       0       2    2    1       1       0       "Devine Horse Violet"         1       255     0               0               0               0               0               0               0               0       1       1       1       1       1       1       1
238     8       0       2    2    1       1       0       "Demon Horse Red"             1       255     0               0               0               0               0               0               0               0       1       1       1       1       1       1       1
239     8       0       2    2    1       1       0       "Demon Horse White"           1       255     0               0               0               0               0               0               0               0       1       1       1       1       1       1       1
240     8       0       2    2    1       1       0       "Demon Horse Yellow"          1       255     0               0               0               0               0               0               0               0       1       1       1       1       1       1       1
241     8       0       2    2    1       1       0       "Fierce Lion Blue"            1       255     0               0               0               0               0               0               0               0       1       1       1       1       1       1       1
242     8       0       2    2    1       1       0       "Fierce Lion Red"             1       255     0               0               0               0               0               0               0               0       1       1       1       1       1       1       1
243     8       0       2    2    1       1       0       "Mighty Lion Azure"           1       255     0               0               0               0               0               0               0               0       1       1       1       1       1       1       1
244     8       0       2    2    1       1       0       "Mighty Lion Thunder"         1       255     0               0               0               0               0               0               0               0       1       1       1       1       1       1       1
245     8       0       2    2    1       1       0       "Fierce Bear Ur"              1       255     0               0               0               0               0               0               0               0       1       1       1       1       1       1       1
246     8       0       2    2    1       1       0       "Fierce Bear UrUP"            1       255     0               0               0               0               0               0               0               0       1       1       1       1       1       1       1
247     8       0       2    2    1       1       0       "Mystic Rhino"                1       255     0               0               0               0               0               0               0               0       1       1       1       1       1       1       1
248     8       0       2    2    1       1       0       "Mystic Horse"                1       255     0               0               0               0               0               0               0               0       1       1       1       1       1       1       1
249     8       0       2    2    1       1       0       "Frost Fenrir"                1       255     0               0               0               0               0               0               0               0       1       1       1       1       1       1       1
250     8       0       2    2    1       1       0       "Flame Fenrir"                1       255     0               0               0               0               0               0               0               0       1       1       1       1       1       1       1
251     8       0       2    2    1       1       0       "Eternal Guardian"            1       255     0               0               0               0               0               0               0               0       1       1       1       1       1       1       1
252     8       0       2    2    1       1       0       "Ocean Sentinel"              1       255     0               0               0               0               0               0               0               0       1       1       1       1       1       1       1
253     8       0       2    2    1       1       0       "Titan Minotaur"              1       255     0               0               0               0               0               0               0               0       1       1       1       1       1       1       1
254     8       0       2    2    1       1       0       "Chaos Minotaur"              1       255     0               0               0               0               0               0               0               0       1       1       1       1       1       1       1
300     10      0       1    1    1       1       0       "Pollo Ring R-A"              200     50      0               0               0               0               0               0               0               0       1       1       1       1       1       1       1
301     10      0       1    1    1       1       0       "Pollo Ring R-B"              200     50      0               0               0               0               0               0               0               0       1       1       1       1       1       1       1
302     10      0       1    1    1       1       0       "Pollo Ring G-A"              200     50      0               0               0               0               0               0               0               0       1       1       1       1       1       1       1
303     10      0       1    1    1       1       0       "Pollo Ring G-B"              200     50      0               0               0               0               0               0               0               0       1       1       1       1       1       1       1
350     9       0       1    1    1       1       0       "Pollo Pendant R"             200     50      0               0               0               0               0               0               0               0       1       1       1       1       1       1       1
351     9       0       1    1    1       1       0       "Pollo Pendant G"             200     50      0               0               0               0               0               0               0               0       1       1       1       1       1       1       1
end

//Index Slot    Skill   X    Y    Serial  Option  Drop    Name                          Value           Level
14
0       -1      0       1    1    1       1       1       "Apple"                       5               1
1       -1      0       1    1    1       1       1       "Small Healing Potion"        10              10
2       -1      0       1    1    1       1       1       "Healing Potion"              20              25
3       -1      0       1    1    1       1       0       "Large Healing Potion"        30              40
4       -1      0       1    1    1       1       1       "Small Mana Potion"           10              10
5       -1      0       1    1    1       1       1       "Mana Potion"                 20              25
6       -1      0       1    1    1       1       0       "Large Mana Potion"           30              40
7       -1      0       1    1    1       1       0       "Siege Potion"                30              0
8       -1      0       1    1    1       1       1       "Antidote"                    10              10
9       -1      0       1    2    1       1       0       "Ale"                         30              15
10      -1      0       1    2    1       1       0       "Town Portal Scroll"          30              30
11      -1      0       1    1    1       1       0       "Box of Luck"                 0               0
12      -1      0       1    1    1       1       0       "Heart"                       0               0
13      -1      0       1    1    1       1       0       "Jewel of Bless"              150             25
14      -1      0       1    1    1       1       0       "Jewel of Soul"               150             30
15      -1      0       1    1    1       1       0       "Zen"                         0               0
16      -1      0       1    1    1       1       0       "Jewel of Life"               0               72
17      -1      0       1    1    1       1       1       "Devil's Eye"                 0               1
18      -1      0       1    1    1       1       1       "Devil's Key"                 0               1
19      -1      0       1    1    1       1       0       "Devil's Invitation"          0               0
20      -1      0       1    1    1       1       0       "Remedy of Love"              0               0
21      -1      0       1    1    1       1       1       "Rena"                        0               0
22      -1      0       1    1    1       1       0       "Jewel of Creation"           0               78
23      -1      0       1    1    1       1       0       "Scroll of the Emperor"       0               0
24      -1      0       1    2    1       1       0       "Broken Sword"                0               0
25      -1      0       1    1    1       1       0       "Tear of Elf"                 0               0
26      -1      0       1    1    1       1       0       "Soul Shard of Wizard"        0               0
28      -1      0       1    1    1       1       0       "Lost Map"                    0               0
29      -1      0       1    1    1       1       1       "Symbol of Kundun"            0               0
31      -1      0       1    1    1       1       0       "Jewel of Guardian"           75              0
32      -1      0       1    1    1       1       0       "Pink Chocolate Box"          0               0
33      -1      0       1    1    1       1       0       "Red Chocolate Box"           0               0
35      -1      0       1    1    1       1       0       "Small SD Potion"             50              0
36      -1      0       1    1    1       1       0       "SD Potion"                   80              0
37      -1      0       1    1    1       1       0       "Large SD Potion"             100             0
38      -1      0       1    1    1       1       0       "Small Complex Potion"        20              68
39      -1      0       1    1    1       1       0       "Complex Potion"              40              96
40      -1      0       1    1    1       1       0       "Large Complex Potion"        60              118
41      -1      0       1    1    1       1       0       "Gemstone"                    150             25
42      -1      0       1    1    1       1       0       "Jewel of Harmony"            150             25
43      -1      0       1    1    1       1       0       "Lower refining stone"        150             25
44      -1      0       1    1    1       1       0       "Higher refining stone"       150             25
45      -1      0       1    1    1       1       0       "Pumpkin of Luck"             0               1
51      -1      0       1    1    1       1       0       "Chistmas Star"               0               0
52      -1      0       1    1    1       1       0       "GM Gift"                     0               0
53      -1      0       1    1    1       1       0       "Talisman of Luck"            0               0
54      -1      0       1    1    1       1       0       "Chaos Card"                  0               0
55      -1      0       1    1    1       1       0       "Green Chaos Box"             0               0
56      -1      0       1    1    1       1       0       "Red Chaos Box"               0               0
57      -1      0       1    1    1       1       0       "Purple Chaos Box"            0               0
64      -1      0       1    1    1       1       0       "Cursed Castle Water"         0               0
65      -1      0       1    1    1       1       0       "Death-beam Knight Flame"     0               0
66      -1      0       1    2    1       1       0       "Hell-Miner Horn"             0               0
67      -1      0       1    2    1       1       0       "Dark Phoenix Feather"        0               0
68      -1      0       1    2    1       1       0       "Abyssal Eye"                 0               0
70      -1      0       1    1    1       1       0       "Elite Healing Potion"        0               0
71      -1      0       1    1    1       1       0       "Elite Mana Potion"           0               0
72      -1      0       1    1    1       1       0       "Scroll of Quickness"         0               0
73      -1      0       1    1    1       1       0       "Scroll of Defense"           0               0
74      -1      0       1    1    1       1       0       "Scroll of Wrath"             0               0
75      -1      0       1    1    1       1       0       "Scroll of Wizardry"          0               0
76      -1      0       1    1    1       1       0       "Scroll of Health"            0               0
77      -1      0       1    1    1       1       0       "Scroll of Mana"              0               0
96      -1      0       1    1    1       1       0       "Talisman of Chaos Assembly"  0               0
97      -1      0       1    1    1       1       0       "Scroll of Battle"            0               0
98      -1      0       1    1    1       1       0       "Scroll of Strength"          0               0
99      -1      0       1    1    1       1       0       "Christmas Firecracker"       0               0
100     -1      0       1    1    1       1       0       "Lucky Coin"                  0               0
101     -1      0       1    1    1       1       0       "Suspicious Scrap of Paper"   0               32
102     -1      0       1    1    1       1       0       "Gaion's Order"               0               0
103     -1      0       1    1    1       1       0       "First Secromicon Fragment"   0               0
104     -1      0       1    1    1       1       0       "Second Secromicon Fragment"  0               0
105     -1      0       1    1    1       1       0       "Third Secromicon Fragment"   0               0
106     -1      0       1    1    1       1       0       "Fourth Secromicon Fragment"  0               0
107     -1      0       1    1    1       1       0       "Fifth Secromicon Fragment"   0               0
108     -1      0       1    1    1       1       0       "Sixth Secromicon Fragment"   0               0
109     -1      0       1    1    1       1       0       "Complete Secromicon"         0               0
110     -1      0       1    1    1       1       1       "Sign of Dimensions"          0               32
111     -1      0       1    1    1       1       0       "Mirror of Dimensions"        0               0
112     -1      0       1    1    1       1       0       "Silver Key"                  0               0
113     -1      0       1    1    1       1       0       "Gold Key"                    0               0
114     -1      0       1    1    1       1       0       "Master Skill Reset"          0               0
115     -1      0       1    1    1       1       0       "Stat Adjustment"             0               0
121     -1      0       1    1    1       0       0       "Sealed Golden Box"           0               0
122     -1      0       1    1    1       0       0       "Sealed Silver Box"           0               0
123     -1      0       1    1    1       0       0       "Golden Box"                  0               0
124     -1      0       1    1    1       0       0       "Silver Box"                  0               0
157     0       0       1    1    1       1       0       "(Box) Level 7"               190             0
158     0       0       1    1    1       1       0       "(Box) Level 8"               190             0
159     0       0       1    1    1       1       0       "(Box) 400"                   190             0
160     0       0       1    1    1       1       0       "Combo Jewel"                 0               0
161     0       0       1    1    1       1       0       "Accessory Jewel"             0               0
162     0       0       1    1    1       1       0       "Inventory Expansion"         0               0
163     0       0       1    1    1       1       0       "Vault Expansion"             0               0
173     0       0       1    2    1       1       0       "Muun Egg"                    0               0
176     0       0       1    1    1       1       0       "Death Bone"                  0               0
177     0       0       1    1    1       1       0       "Demon King's Skin"           0               0
178     0       0       1    1    1       1       0       "Phoenix Feather"             0               0
179     0       0       1    1    1       1       0       "Fire Bat Soul"               0               0
180     0       0       1    1    1       1       0       "Number 0"                    0               0
181     0       0       1    1    1       1       0       "Number 1"                    0               0
182     0       0       1    1    1       1       0       "Number 2"                    0               0
183     0       0       1    1    1       1       0       "Number 3"                    0               0
184     0       0       1    1    1       1       0       "Number 4"                    0               0
185     0       0       1    1    1       1       0       "Number 5"                    0               0
186     0       0       1    1    1       1       0       "Number 6"                    0               0
187     0       0       1    1    1       1       0       "Number 7"                    0               0
188     0       0       1    1    1       1       0       "Number 8"                    0               0
189     0       0       1    1    1       1       0       "Number 9"                    0               0
190     0       0       1    1    1       1       0       "Letter A"                    0               0
191     0       0       1    1    1       1       0       "Letter B"                    0               0
192     0       0       1    1    1       1       0       "Letter C"                    0               0
193     0       0       1    1    1       1       0       "Letter D"                    0               0
194     0       0       1    1    1       1       0       "Letter E"                    0               0
195     0       0       1    1    1       1       0       "Letter F"                    0               0
196     0       0       1    1    1       1       0       "Letter G"                    0               0
197     0       0       1    1    1       1       0       "Letter H"                    0               0
198     0       0       1    1    1       1       0       "Letter I"                    0               0
199     0       0       1    1    1       1       0       "Letter J"                    0               0
200     0       0       1    1    1       1       0       "Letter K"                    0               0
201     0       0       1    1    1       1       0       "Letter L"                    0               0
202     0       0       1    1    1       1       0       "Letter M"                    0               0
203     0       0       1    1    1       1       0       "Letter N"                    0               0
204     0       0       1    1    1       1       0       "Letter O"                    0               0
205     0       0       1    1    1       1       0       "Letter P"                    0               0
206     0       0       1    1    1       1       0       "Letter Q"                    0               0
207     0       0       1    1    1       1       0       "Letter R"                    0               0
208     0       0       1    1    1       1       0       "Letter S"                    0               0
209     0       0       1    1    1       1       0       "Letter T"                    0               0
210     0       0       1    1    1       1       0       "Letter U"                    0               0
211     0       0       1    1    1       1       0       "Letter V"                    0               0
212     0       0       1    1    1       1       0       "Letter W"                    0               0
213     0       0       1    1    1       1       0       "Letter X"                    0               0
214     0       0       1    1    1       1       0       "Letter Y"                    0               0
215     0       0       1    1    1       1       0       "Letter Z"                    0               0
220     0       0       1    1    1       1       0       "Blood God Box"               0               0
221     0       0       1    1    1       1       0       "Dark God Box"                0               0
222     0       0       1    1    1       1       0       "Holy God Box"                0               0
223     0       0       1    1    1       1       0       "Awakening Box"               0               0
224     0       0       1    1    1       1       0       "Blue Eye Box"                0               0
225     0       0       1    1    1       1       0       "Silver Heart Box"            0               0
226     0       0       1    1    1       1       0       "Fierce Lion Box"             0               0
227     0       0       1    1    1       1       0       "Nebula Box"                  0               0
228     0       0       1    1    1       1       0       "Apocalypse Box"              0               0
229     0       0       1    1    1       1       0       "Thunder Box"                 0               0
230     0       0       1    1    1       1       0       "Legendary Box"               0               0
231     0       0       1    1    1       1       0       "Level 7 Weapon Box"          0               0
232     0       0       1    1    1       1       0       "Level 8 Weapon Box"          0               0
233     0       0       1    1    1       1       0       "Level 9 Weapon Box"          0               0
234     0       0       1    1    1       1       0       "Wing Box"                    0               0
235     0       0       1    1    1       1       0       "Pet Box"                     0               0
236     0       0       1    1    1       1       0       "Box Custom 1"                0               0
237     0       0       1    1    1       1       0       "Box Custom 2"                0               0
238     0       0       1    1    1       1       0       "Box Custom 3"                0               0
239     0       0       1    1    1       1       0       "Box Custom 4"                0               0
240     0       0       1    1    1       1       0       "Box Custom 5"                0               0
241     0       0       1    1    1       1       0       "Box Custom 6"                0               0
244     0       0       1    1    1       1       0       "Level Jewel"                 0               0
245     0       0       1    1    1       1       0       "Skill Jewel"                 0               0
246     0       0       1    1    1       1       0       "Lucky Jewel"                 0               0
247     0       0       1    1    1       1       0       "Option Jewel"                0               0
248     0       0       1    1    1       1       0       "Excellent Jewel"             0               0
249     0       0       1    1    1       1       0       "Socket Jewel"                0               0
250     0       0       1    1    1       1       0       "Divine Jewel Type 1"         0               0
251     0       0       1    1    1       1       0       "Divine Jewel Type 2"         0               0
252     0       0       1    1    1       1       0       "Full Option Jewel"           0               0
253     -1      0       1    1    1       1       0       "Item 5k Coin"                0               0
254     -1      0       1    1    1       1       0       "Item 10k Coin"               0               0
255     -1      0       1    1    1       1       0       "Item 20k Coin"               0               0
256     -1      0       1    1    1       1       0       "Item 50k Coin"               0               0
257     -1      0       1    1    1       1       0       "Item 100k Coin"              0               0
258     -1      0       1    1    1       1       0       "Item 200k Coin"              0               0
259     0       0       1    1    1       1       0       "Upgrade Jewel"               0               0
260     -1      0       1    1    1       1       0       "Summon Kundun Book"          0               0
261     -1      0       1    1    1       1       0       "Summon Medusa Book"          0               0
262     -1      0       1    1    1       1       0       "Summon Selupan Book"         0               0
263     -1      0       1    1    1       1       0       "Summon Erohim Book"          0               0
264     -1      0       1    1    1       1       0       "Summon Hell Maine Gold Book" 0               0
265     -1      0       1    1    1       1       0       "Summon Kundun Gold Book"     0               0
266     -1      0       1    1    1       1       0       "Summon Selupan Book Gold"    0               0
267     -1      0       1    1    1       1       0       "Summon Medusa Book Gold"     0               0
268     -1      0       1    1    1       1       0       "Guild Upgrade Stone"         0               0
269     -1      0       1    1    1       1       0       "Guild Upgrade Stone"         0               0
270     -1      0       1    1    1       1       0       "Guild Upgrade Stone"         0               0
271     -1      0       1    1    1       1       0       "Guild Upgrade Stone"         0               0
272     -1      0       1    1    1       1       0       "Guild Upgrade Stone"         0               0
273     -1      0       1    2    1       1       0       "Fame Stone"                  0               0
300     -1      0       2    2    1       1       0       "Ancient Hero"                0               0
end

//Index Slot    Skill   X    Y    Serial  Option  Drop    Name                          level           ReqLvl  ReqEne  BuyMoney        DW      DK      EF      MG      DL      SM      RF
15
0       -1      0       1    2    1       1       1       "Scroll of Poison"            30              0       100     17000           1       0       0       1       0       0       0
1       -1      0       1    2    1       1       1       "Scroll of Meteorite"         21              0       100     11000           1       0       0       1       0       1       0
2       -1      0       1    2    1       1       1       "Scroll of Lighting"          13              0       100     3000            1       0       0       1       0       0       0
3       -1      0       1    2    1       1       1       "Scroll of Fire Ball"         5               0       100     300             1       0       0       1       0       1       0
4       -1      0       1    2    1       1       1       "Scroll of Flame"             35              0       100     21000           1       0       0       1       0       0       0
5       -1      0       1    2    1       1       1       "Scroll of Teleport"          17              0       100     5000            1       0       0       0       0       0       0
6       -1      0       1    2    1       1       1       "Scroll of Ice"               25              0       100     14000           1       0       0       1       0       1       0
7       -1      0       1    2    1       1       1       "Scroll of Twister"           40              0       100     25000           1       0       0       1       0       0       0
8       -1      0       1    2    1       1       1       "Scroll of Evil Spirit"       50              0       100     35000           1       0       0       1       0       0       0
9       -1      0       1    2    1       1       1       "Scroll of Hellfire"          60              0       100     60000           1       0       0       1       0       0       0
10      -1      0       1    2    1       1       1       "Scroll of Power Wave"        9               0       100     1150            1       0       0       1       0       1       0
11      -1      0       1    2    1       1       1       "Scroll of Aqua Beam"         74              0       110     100000          1       0       0       1       0       0       0
12      -1      0       1    2    1       1       1       "Scroll of Cometfall"         80              0       150     175000          1       0       0       1       0       0       0
13      -1      0       1    2    1       1       1       "Scroll of Inferno"           88              0       200     265000          1       0       0       1       0       0       0
14      -1      0       1    2    1       1       1       "Scroll of Teleport Ally"     83              0       188     245000          2       0       0       0       0       0       0
15      -1      0       1    2    1       1       1       "Scroll of Soul Barrier"      77              0       126     135000          1       0       0       0       0       0       0
16      -1      0       1    2    1       1       1       "Scroll of Decay"             96              0       243     345000          2       0       0       0       0       0       0
17      -1      0       1    2    1       1       1       "Scroll of Ice Storm"         1               0       223     315000          2       0       0       0       0       0       0
18      -1      0       1    2    1       1       1       "Scroll of Nova"              100             0       258     410000          2       0       0       0       0       0       0
19      -1      0       1    2    1       1       1       "Chain Lightning Parchment"   75              0       75      175000          0       0       0       0       0       1       0
20      -1      0       1    2    1       1       1       "Drain Life Parchment"        35              0       93      100000          0       0       0       0       0       1       0
21      -1      0       1    2    1       1       1       "Lightning Shock Parchment"   93              0       216     315000          0       0       0       0       0       1       0
22      -1      0       1    2    1       1       1       "Damage Reflection Parchment" 80              0       111     245000          0       0       0       0       0       1       0
23      -1      0       1    2    1       1       1       "Berserker Parchment"         83              0       181     265000          0       0       0       0       0       1       0
24      -1      0       1    2    1       1       1       "Sleep Parchment"             40              0       100     135000          0       0       0       0       0       1       0
25      -1      0       1    2    1       1       1       "Wizardry Increase Scroll"    60              0       100     100000          0       0       0       0       0       1       0
26      -1      0       1    2    1       1       1       "Weakness Parchment"          93              0       173     410000          0       0       0       0       0       2       0
27      -1      0       1    2    1       1       1       "Innovation Parchment"        111             0       201     450000          0       0       0       0       0       2       0
28      -1      0       1    2    1       1       1       "Scroll of Wizardry Enhance"  100             220     118     425000          2       0       0       0       0       0       0
29      -1      0       1    2    1       1       1       "Scroll of Gigantic Storm"    100             220     118     380000          0       0       0       1       0       0       0
30      -1      0       1    2    1       1       1       "Dragon Roar Scroll"          70              150     0       100000          0       0       0       0       0       0       1
31      -1      0       1    2    1       1       1       "Chaotic Diseier Scroll"      80              180     0       175000          0       0       0       0       0       0       1
32      -1      0       1    2    1       1       1       "Chaotic Diseier Scroll"      70              150     0       100000          0       0       0       0       0       0       1
33      -1      0       1    2    1       1       1       "Dragon Lore Scroll"          90              200     0       265000          0       0       0       0       0       0       1
34      -1      0       1    2    1       1       1       "Penetration Scroll"          80              120     80      175000          0       0       0       0       0       0       1
35      -1      0       1    2    1       1       1       "Increase Vitality Scroll"    50              80      35      35000           0       0       0       0       0       0       1
36      -1      0       1    2    1       1       1       "Soul Barrier Scroll"         40              50      30      25000           0       0       0       0       0       0       1
end

