version 1
nodes
0 "root" -1
end
skeleton
time 0
0 0.000000 0.000000 0.000000 0.000000 0.000000 0.000000
end
triangles
Sergiojaula.tga
0 -552.1068 4.4969 108.1817 -0.0011 -0.1987 -0.9801 0.7241 0.1095
0 -508.6412 4.1107 108.2092 -0.0030 -0.4015 -0.9159 0.6826 0.1095
0 -509.9295 -103.0357 107.7864 0.0007 0.0039 -1.0000 0.6826 0.0335
Sergiojaula.tga
0 -509.9295 -103.0357 107.7864 0.0007 0.0039 -1.0000 0.6826 0.0335
0 -552.8837 -102.6542 107.7592 0.0007 0.0039 -1.0000 0.7241 0.0335
0 -552.1068 4.4969 108.1817 -0.0011 -0.1987 -0.9801 0.7241 0.1095
Sergiojaula.tga
0 -508.6412 4.1107 108.2092 -0.0030 -0.4015 -0.9159 0.6826 0.1095
0 -552.1068 4.4969 108.1817 -0.0011 -0.1987 -0.9801 0.7241 0.1095
0 -550.8058 157.0421 -0.0699 -0.0046 -0.5787 -0.8155 0.7241 0.2666
Sergiojaula.tga
0 -550.8058 157.0421 -0.0699 -0.0046 -0.5787 -0.8155 0.7241 0.2666
0 -506.9803 156.6534 -0.0423 -0.0046 -0.5787 -0.8155 0.6826 0.2666
0 -508.6412 4.1107 108.2092 -0.0030 -0.4015 -0.9159 0.6826 0.1095
Sergiojaula.tga
0 -509.9295 -103.0357 107.7864 -0.9999 0.0116 0.0005 0.6006 0.0359
0 -508.6412 4.1107 108.2092 -0.9999 0.0120 0.0016 0.6006 0.1119
0 -506.9803 156.6534 -0.0423 -0.9999 0.0116 0.0005 0.6802 0.2195
Sergiojaula.tga
0 -506.9803 156.6534 -0.0423 -0.9999 0.0116 0.0005 0.6802 0.2195
0 -509.8575 -102.6068 -1.0649 -0.9999 0.0111 -0.0006 0.6802 0.0359
0 -509.9295 -103.0357 107.7864 -0.9999 0.0116 0.0005 0.6006 0.0359
Sergiojaula.tga
0 -569.2231 -80.3849 107.8363 0.2714 0.0014 -0.9625 0.7241 0.1095
0 -568.7108 -22.6873 108.0638 0.5421 -0.0015 -0.8403 0.6826 0.1095
0 -500.8813 -23.7371 108.1045 0.0007 0.0039 -1.0000 0.6826 0.0335
Sergiojaula.tga
0 -500.8813 -23.7371 108.1045 0.0007 0.0039 -1.0000 0.6826 0.0335
0 -501.3869 -80.7569 107.8799 0.0007 0.0039 -1.0000 0.7241 0.0335
0 -569.2231 -80.3849 107.8363 0.2714 0.0014 -0.9625 0.7241 0.1095
Sergiojaula.tga
0 -568.7108 -22.6873 108.0638 0.5421 -0.0015 -0.8403 0.6826 0.1095
0 -569.2231 -80.3849 107.8363 0.2714 0.0014 -0.9625 0.7241 0.1095
0 -665.4543 -79.2629 -1.0760 0.7494 -0.0040 -0.6622 0.7241 0.2666
Sergiojaula.tga
0 -665.4543 -79.2629 -1.0760 0.7494 -0.0040 -0.6622 0.7241 0.2666
0 -664.9388 -21.0859 -0.8469 0.7494 -0.0040 -0.6622 0.6826 0.2666
0 -568.7108 -22.6873 108.0638 0.5421 -0.0015 -0.8403 0.6826 0.1095
Sergiojaula.tga
0 -500.8813 -23.7371 108.1045 -0.0145 -0.9999 -0.0025 0.6006 0.0359
0 -568.7108 -22.6873 108.0638 -0.0155 -0.9999 -0.0010 0.6006 0.1119
0 -664.9388 -21.0859 -0.8469 -0.0145 -0.9999 -0.0025 0.6802 0.2195
Sergiojaula.tga
0 -664.9388 -21.0859 -0.8469 -0.0145 -0.9999 -0.0025 0.6802 0.2195
0 -500.8087 -23.3088 -0.7466 -0.0135 -0.9999 -0.0039 0.6802 0.0359
0 -500.8813 -23.7371 108.1045 -0.0145 -0.9999 -0.0025 0.6006 0.0359
Sergiojaula.tga
0 -201.1440 1.3813 108.4019 -0.0012 -0.1987 -0.9801 0.7241 0.1095
0 -157.6783 0.9951 108.4291 -0.0030 -0.4015 -0.9159 0.6826 0.1095
0 -158.9667 -106.1506 108.0064 0.0007 0.0039 -1.0000 0.6826 0.0335
Sergiojaula.tga
0 -158.9667 -106.1506 108.0064 0.0007 0.0039 -1.0000 0.6826 0.0335
0 -201.9208 -105.7697 107.9793 0.0007 0.0039 -1.0000 0.7241 0.0335
0 -201.1440 1.3813 108.4019 -0.0012 -0.1987 -0.9801 0.7241 0.1095
Sergiojaula.tga
0 -157.6783 0.9951 108.4291 -0.0030 -0.4015 -0.9159 0.6826 0.1095
0 -201.1440 1.3813 108.4019 -0.0012 -0.1987 -0.9801 0.7241 0.1095
0 -199.8435 153.9275 0.1504 -0.0046 -0.5787 -0.8155 0.7241 0.2666
Sergiojaula.tga
0 -199.8435 153.9275 0.1504 -0.0046 -0.5787 -0.8155 0.7241 0.2666
0 -156.0171 153.5383 0.1780 -0.0046 -0.5787 -0.8155 0.6826 0.2666
0 -157.6783 0.9951 108.4291 -0.0030 -0.4015 -0.9159 0.6826 0.1095
Sergiojaula.tga
0 -158.9667 -106.1506 108.0064 -0.9999 0.0116 0.0005 0.6006 0.0359
0 -157.6783 0.9951 108.4291 -0.9999 0.0120 0.0016 0.6006 0.1119
0 -156.0171 153.5383 0.1780 -0.9999 0.0116 0.0005 0.6802 0.2195
Sergiojaula.tga
0 -156.0171 153.5383 0.1780 -0.9999 0.0116 0.0005 0.6802 0.2195
0 -158.8945 -105.7224 -0.8451 -0.9999 0.0111 -0.0006 0.6802 0.0359
0 -158.9667 -106.1506 108.0064 -0.9999 0.0116 0.0005 0.6006 0.0359
Sergiojaula.tga
0 126.2245 -1.5251 108.6070 -0.0011 -0.1987 -0.9801 0.7241 0.1095
0 169.6896 -1.9113 108.6346 -0.0030 -0.4015 -0.9159 0.6826 0.1095
0 168.4014 -109.0569 108.2115 0.0007 0.0039 -1.0000 0.6826 0.0335
Sergiojaula.tga
0 168.4014 -109.0569 108.2115 0.0007 0.0039 -1.0000 0.6826 0.0335
0 125.4471 -108.6763 108.1847 0.0007 0.0039 -1.0000 0.7241 0.0335
0 126.2245 -1.5251 108.6070 -0.0011 -0.1987 -0.9801 0.7241 0.1095
Sergiojaula.tga
0 169.6896 -1.9113 108.6346 -0.0030 -0.4015 -0.9159 0.6826 0.1095
0 126.2245 -1.5251 108.6070 -0.0011 -0.1987 -0.9801 0.7241 0.1095
0 127.5250 151.0212 0.3557 -0.0046 -0.5787 -0.8155 0.7241 0.2666
Sergiojaula.tga
0 127.5250 151.0212 0.3557 -0.0046 -0.5787 -0.8155 0.7241 0.2666
0 171.3508 150.6317 0.3834 -0.0046 -0.5787 -0.8155 0.6826 0.2666
0 169.6896 -1.9113 108.6346 -0.0030 -0.4015 -0.9159 0.6826 0.1095
Sergiojaula.tga
0 168.4014 -109.0569 108.2115 -0.9999 0.0116 0.0005 0.6006 0.0359
0 169.6896 -1.9113 108.6346 -0.9999 0.0120 0.0016 0.6006 0.1119
0 171.3508 150.6317 0.3834 -0.9999 0.0116 0.0005 0.6802 0.2195
Sergiojaula.tga
0 171.3508 150.6317 0.3834 -0.9999 0.0116 0.0005 0.6802 0.2195
0 168.4737 -108.6282 -0.6397 -0.9999 0.0111 -0.0006 0.6802 0.0359
0 168.4014 -109.0569 108.2115 -0.9999 0.0116 0.0005 0.6006 0.0359
Sergiojaula.tga
0 491.3584 -4.7667 108.8357 -0.0011 -0.1987 -0.9801 0.7241 0.1095
0 534.8235 -5.1524 108.8633 -0.0030 -0.4015 -0.9159 0.6826 0.1095
0 533.5355 -112.2988 108.4407 0.0007 0.0039 -1.0000 0.6826 0.0335
Sergiojaula.tga
0 533.5355 -112.2988 108.4407 0.0007 0.0039 -1.0000 0.6826 0.0335
0 490.5809 -111.9173 108.4135 0.0007 0.0039 -1.0000 0.7241 0.0335
0 491.3584 -4.7667 108.8357 -0.0011 -0.1987 -0.9801 0.7241 0.1095
Sergiojaula.tga
0 534.8235 -5.1524 108.8633 -0.0030 -0.4015 -0.9159 0.6826 0.1095
0 491.3584 -4.7667 108.8357 -0.0011 -0.1987 -0.9801 0.7241 0.1095
0 492.6588 147.7795 0.5849 -0.0046 -0.5787 -0.8155 0.7241 0.2666
Sergiojaula.tga
0 492.6588 147.7795 0.5849 -0.0046 -0.5787 -0.8155 0.7241 0.2666
0 536.4850 147.3905 0.6124 -0.0046 -0.5787 -0.8155 0.6826 0.2666
0 534.8235 -5.1524 108.8633 -0.0030 -0.4015 -0.9159 0.6826 0.1095
Sergiojaula.tga
0 533.5355 -112.2988 108.4407 -0.9999 0.0116 0.0005 0.6006 0.0359
0 534.8235 -5.1524 108.8633 -0.9999 0.0120 0.0016 0.6006 0.1119
0 536.4850 147.3905 0.6124 -0.9999 0.0116 0.0005 0.6802 0.2195
Sergiojaula.tga
0 536.4850 147.3905 0.6124 -0.9999 0.0116 0.0005 0.6802 0.2195
0 533.6074 -111.8698 -0.4105 -0.9999 0.0111 -0.0006 0.6802 0.0359
0 533.5355 -112.2988 108.4407 -0.9999 0.0116 0.0005 0.6006 0.0359
Sergiojaula.tga
0 564.9758 -32.6356 108.7747 -0.2444 0.0060 -0.9697 0.7241 0.1095
0 564.4636 -90.3342 108.5477 -0.4894 0.0078 -0.8720 0.6826 0.1095
0 483.7493 -89.1688 108.4988 0.0007 0.0039 -1.0000 0.6826 0.0335
Sergiojaula.tga
0 483.7493 -89.1688 108.4988 0.0007 0.0039 -1.0000 0.6826 0.0335
0 484.2557 -32.1494 108.7234 0.0007 0.0039 -1.0000 0.7241 0.0335
0 564.9758 -32.6356 108.7747 -0.2444 0.0060 -0.9697 0.7241 0.1095
Sergiojaula.tga
0 564.4636 -90.3342 108.5477 -0.4894 0.0078 -0.8720 0.6826 0.1095
0 564.9758 -32.6356 108.7747 -0.2444 0.0060 -0.9697 0.7241 0.1095
0 679.6439 -33.0630 -0.0040 -0.6882 0.0090 -0.7255 0.7241 0.2666
Sergiojaula.tga
0 679.6439 -33.0630 -0.0040 -0.6882 0.0090 -0.7255 0.7241 0.2666
0 679.1274 -91.2397 -0.2336 -0.6882 0.0090 -0.7255 0.6826 0.2666
0 564.4636 -90.3342 108.5477 -0.4894 0.0078 -0.8720 0.6826 0.1095
Sergiojaula.tga
0 483.7493 -89.1688 108.4988 0.0136 0.9999 0.0054 0.6006 0.0359
0 564.4636 -90.3342 108.5477 0.0144 0.9999 0.0069 0.6006 0.1119
0 679.1274 -91.2397 -0.2336 0.0136 0.9999 0.0054 0.6802 0.2195
Sergiojaula.tga
0 679.1274 -91.2397 -0.2336 0.0136 0.9999 0.0054 0.6802 0.2195
0 483.8220 -88.7403 -0.3527 0.0128 0.9999 0.0039 0.6802 0.0359
0 483.7493 -89.1688 108.4988 0.0136 0.9999 0.0054 0.6006 0.0359
Sergiojaula.tga
0 564.9758 -32.6356 108.7747 -0.0064 -1.0000 -0.0036 0.6006 0.1119
0 484.2557 -32.1494 108.7234 -0.0060 -1.0000 -0.0039 0.6006 0.0359
0 484.3266 -31.7203 -0.1278 -0.0064 -1.0000 -0.0036 0.6802 0.0359
Sergiojaula.tga
0 484.3266 -31.7203 -0.1278 -0.0064 -1.0000 -0.0036 0.6802 0.0359
0 679.6439 -33.0630 -0.0040 -0.0069 -1.0000 -0.0033 0.6802 0.2195
0 564.9758 -32.6356 108.7747 -0.0064 -1.0000 -0.0036 0.6006 0.1119
Sergiojaula.tga
0 -4.4742 -9.0754 104.3370 -0.0026 -0.4471 -0.8945 0.4678 0.2034
0 -5.2695 -98.6978 103.9835 0.0024 0.0039 -1.0000 0.5073 0.2034
0 -496.8096 -94.3344 103.6754 0.0007 0.0039 -1.0000 0.5073 0.5439
Sergiojaula.tga
0 -496.8096 -94.3344 103.6754 0.0007 0.0039 -1.0000 0.5073 0.5439
0 -563.5283 -4.1133 103.9868 -0.0076 -0.8926 -0.4507 0.4678 0.5908
0 -4.4742 -9.0754 104.3370 -0.0026 -0.4471 -0.8945 0.4678 0.2034
Sergiojaula.tga
0 -563.5055 -3.9740 68.6961 -0.0034 -0.4437 -0.8962 0.4375 0.5908
0 -596.8651 41.1372 68.8512 -0.0066 -0.7878 -0.6159 0.4177 0.6143
0 -4.0538 35.8743 69.2232 -0.0029 -0.3915 -0.9202 0.4177 0.2034
Sergiojaula.tga
0 -4.0538 35.8743 69.2232 -0.0029 -0.3915 -0.9202 0.4177 0.2034
0 -4.4514 -8.9366 69.0463 -0.0076 -0.8926 -0.4507 0.4375 0.2034
0 -563.5055 -3.9740 68.6961 -0.0034 -0.4437 -0.8962 0.4375 0.5908
Sergiojaula.tga
0 -4.4514 -8.9366 69.0463 -0.0076 -0.8926 -0.4507 0.4375 0.2034
0 -4.4742 -9.0754 104.3370 -0.0026 -0.4471 -0.8945 0.4678 0.2034
0 -563.5283 -4.1133 103.9868 -0.0076 -0.8926 -0.4507 0.4678 0.5908
Sergiojaula.tga
0 -563.5283 -4.1133 103.9868 -0.0076 -0.8926 -0.4507 0.4678 0.5908
0 -563.5055 -3.9740 68.6961 -0.0034 -0.4437 -0.8962 0.4375 0.5908
0 -4.4514 -8.9366 69.0463 -0.0076 -0.8926 -0.4507 0.4375 0.2034
Sergiojaula.tga
0 -596.8651 41.1372 68.8512 -0.0066 -0.7878 -0.6159 0.4177 0.6143
0 -610.2036 59.5081 -0.4927 -0.0084 -0.9670 -0.2546 0.3579 0.6235
0 -3.8476 54.1253 -0.1127 -0.0084 -0.9670 -0.2546 0.3579 0.2034
Sergiojaula.tga
0 -3.8476 54.1253 -0.1127 -0.0084 -0.9670 -0.2546 0.3579 0.2034
0 -4.0538 35.8743 69.2232 -0.0029 -0.3915 -0.9202 0.4177 0.2034
0 -596.8651 41.1372 68.8512 -0.0066 -0.7878 -0.6159 0.4177 0.6143
Sergiojaula.tga
0 -4.4742 -9.0754 104.3370 -0.0026 -0.4471 -0.8945 0.4678 0.2034
0 554.5793 -14.0386 104.6879 -0.0077 -0.8944 -0.4473 0.4678 0.5908
0 486.2679 -103.0680 106.0190 0.0023 -0.0057 -1.0000 0.5073 0.5439
Sergiojaula.tga
0 486.2679 -103.0680 106.0190 0.0023 -0.0057 -1.0000 0.5073 0.5439
0 -5.2695 -98.6978 103.9835 0.0024 0.0039 -1.0000 0.5073 0.2034
0 -4.4742 -9.0754 104.3370 -0.0026 -0.4471 -0.8945 0.4678 0.2034
Sergiojaula.tga
0 554.6031 -13.8991 69.3968 -0.0034 -0.4437 -0.8962 0.4375 0.5908
0 -4.4514 -8.9366 69.0463 -0.0076 -0.8926 -0.4507 0.4375 0.2034
0 -4.0538 35.8743 69.2232 -0.0029 -0.3915 -0.9202 0.4177 0.2034
Sergiojaula.tga
0 -4.0538 35.8743 69.2232 -0.0029 -0.3915 -0.9202 0.4177 0.2034
0 588.7587 30.6118 69.5947 -0.0066 -0.7878 -0.6159 0.4177 0.6143
0 554.6031 -13.8991 69.3968 -0.0034 -0.4437 -0.8962 0.4375 0.5908
Sergiojaula.tga
0 554.5793 -14.0386 104.6879 -0.0077 -0.8944 -0.4473 0.4678 0.5908
0 -4.4742 -9.0754 104.3370 -0.0026 -0.4471 -0.8945 0.4678 0.2034
0 -4.4514 -8.9366 69.0463 -0.0076 -0.8926 -0.4507 0.4375 0.2034
Sergiojaula.tga
0 -4.4514 -8.9366 69.0463 -0.0076 -0.8926 -0.4507 0.4375 0.2034
0 554.6031 -13.8991 69.3968 -0.0034 -0.4437 -0.8962 0.4375 0.5908
0 554.5793 -14.0386 104.6879 -0.0077 -0.8944 -0.4473 0.4678 0.5908
Sergiojaula.tga
0 588.7587 30.6118 69.5947 -0.0066 -0.7878 -0.6159 0.4177 0.6143
0 -4.0538 35.8743 69.2232 -0.0029 -0.3915 -0.9202 0.4177 0.2034
0 -3.8476 54.1253 -0.1127 -0.0084 -0.9670 -0.2546 0.3579 0.2034
Sergiojaula.tga
0 -3.8476 54.1253 -0.1127 -0.0084 -0.9670 -0.2546 0.3579 0.2034
0 602.5078 48.7427 0.2672 -0.0084 -0.9670 -0.2546 0.3579 0.6235
0 588.7587 30.6118 69.5947 -0.0066 -0.7878 -0.6159 0.4177 0.6143
Sergiojaula.tga
0 -487.0366 2.3699 224.8560 -0.9982 0.0086 0.0598 0.9155 0.7485
0 -494.6976 -7.2241 98.2552 -0.9982 0.0086 0.0597 0.8223 0.7563
0 -495.4665 -93.8140 97.9140 -0.9982 0.0086 0.0598 0.8223 0.8179
Sergiojaula.tga
0 -495.4665 -93.8140 97.9140 -0.9982 0.0086 0.0598 0.8223 0.8179
0 -487.9854 -104.5417 224.4344 -0.9982 0.0086 0.0598 0.9155 0.8252
0 -487.0366 2.3699 224.8560 -0.9982 0.0086 0.0598 0.9155 0.7485
Sergiojaula.tga
0 -567.5760 3.0850 224.8059 -0.0079 -0.9200 -0.3919 0.9155 0.7485
0 -559.9279 -6.6456 98.2146 -0.0089 -0.9971 0.0761 0.9229 0.6572
0 -494.6976 -7.2241 98.2552 -0.0089 -0.9971 0.0761 0.9858 0.6572
Sergiojaula.tga
0 -494.6976 -7.2241 98.2552 -0.0089 -0.9971 0.0761 0.9858 0.6572
0 -487.0366 2.3699 224.8560 -0.0035 -0.4573 -0.8893 0.9932 0.7485
0 -567.5760 3.0850 224.8059 -0.0079 -0.9200 -0.3919 0.9155 0.7485
Sergiojaula.tga
0 -568.5253 -103.8263 224.3840 0.0007 0.0039 -1.0000 0.9155 0.8252
0 -567.5760 3.0850 224.8059 -0.0079 -0.9200 -0.3919 0.9155 0.7485
0 -487.0366 2.3699 224.8560 -0.0035 -0.4573 -0.8893 0.9932 0.7485
Sergiojaula.tga
0 -487.0366 2.3699 224.8560 -0.0035 -0.4573 -0.8893 0.9932 0.7485
0 -487.9854 -104.5417 224.4344 0.0007 0.0039 -1.0000 0.9932 0.8252
0 -568.5253 -103.8263 224.3840 0.0007 0.0039 -1.0000 0.9155 0.8252
Sergiojaula.tga
0 -499.5849 -13.9835 224.7836 -0.4551 -0.8904 -0.0038 0.0620 0.0087
0 -499.9486 -16.1450 773.7030 -0.8984 -0.4392 -0.0023 0.0620 0.7324
0 -555.6838 -15.6500 773.6682 -0.0089 -1.0000 -0.0039 0.0072 0.7324
Sergiojaula.tga
0 -555.6838 -15.6500 773.6682 -0.0089 -1.0000 -0.0039 0.0072 0.7324
0 -555.3198 -13.4884 224.7486 -0.0089 -1.0000 -0.0039 0.0072 0.0087
0 -499.5849 -13.9835 224.7836 -0.4551 -0.8904 -0.0038 0.0620 0.0087
Sergiojaula.tga
0 -500.2418 -87.9681 224.4917 -1.0000 0.0089 -0.0006 0.1368 0.0087
0 -500.6063 -90.1295 773.4114 -1.0000 0.0089 -0.0006 0.1368 0.7324
0 -499.9486 -16.1450 773.7030 -0.8984 -0.4392 -0.0023 0.0620 0.7324
Sergiojaula.tga
0 -499.9486 -16.1450 773.7030 -0.8984 -0.4392 -0.0023 0.0620 0.7324
0 -499.5849 -13.9835 224.7836 -0.4551 -0.8904 -0.0038 0.0620 0.0087
0 -500.2418 -87.9681 224.4917 -1.0000 0.0089 -0.0006 0.1368 0.0087
Sergiojaula.tga
0 194.6182 -3.6811 225.2836 -0.9982 0.0086 0.0598 0.9155 0.7485
0 186.9570 -13.2758 98.6828 -0.9982 0.0086 0.0598 0.8223 0.7563
0 186.1884 -99.8653 98.3411 -0.9982 0.0086 0.0598 0.8223 0.8179
Sergiojaula.tga
0 186.1884 -99.8653 98.3411 -0.9982 0.0086 0.0598 0.8223 0.8179
0 193.6696 -110.5928 224.8617 -0.9982 0.0086 0.0598 0.9155 0.8252
0 194.6182 -3.6811 225.2836 -0.9982 0.0086 0.0598 0.9155 0.7485
Sergiojaula.tga
0 113.1291 -109.8776 224.8114 0.7286 -0.0038 -0.6850 0.9155 0.8252
0 120.9581 -99.2866 98.3004 0.9981 -0.0091 0.0610 0.8223 0.8179
0 121.7265 -12.6971 98.6421 0.9981 -0.0091 0.0610 0.8223 0.7563
Sergiojaula.tga
0 121.7265 -12.6971 98.6421 0.9981 -0.0091 0.0610 0.8223 0.7563
0 114.0781 -2.9659 225.2334 0.4153 -0.8465 -0.3331 0.9155 0.7485
0 113.1291 -109.8776 224.8114 0.7286 -0.0038 -0.6850 0.9155 0.8252
Sergiojaula.tga
0 114.0781 -2.9659 225.2334 0.4153 -0.8465 -0.3331 0.9155 0.7485
0 121.7265 -12.6971 98.6421 -0.0089 -0.9971 0.0761 0.9229 0.6572
0 186.9570 -13.2758 98.6828 -0.0089 -0.9971 0.0761 0.9858 0.6572
Sergiojaula.tga
0 186.9570 -13.2758 98.6828 -0.0089 -0.9971 0.0761 0.9858 0.6572
0 194.6182 -3.6811 225.2836 -0.0035 -0.4573 -0.8893 0.9932 0.7485
0 114.0781 -2.9659 225.2334 0.4153 -0.8465 -0.3331 0.9155 0.7485
Sergiojaula.tga
0 113.1291 -109.8776 224.8114 0.7286 -0.0038 -0.6850 0.9155 0.8252
0 114.0781 -2.9659 225.2334 0.4153 -0.8465 -0.3331 0.9155 0.7485
0 194.6182 -3.6811 225.2836 -0.0035 -0.4573 -0.8893 0.9932 0.7485
Sergiojaula.tga
0 194.6182 -3.6811 225.2836 -0.0035 -0.4573 -0.8893 0.9932 0.7485
0 193.6696 -110.5928 224.8617 0.0007 0.0039 -1.0000 0.9932 0.8252
0 113.1291 -109.8776 224.8114 0.7286 -0.0038 -0.6850 0.9155 0.8252
Sergiojaula.tga
0 182.0688 -20.0341 225.2107 -0.4551 -0.8904 -0.0038 0.0620 0.0087
0 181.7055 -22.1962 774.1308 -0.8983 -0.4393 -0.0023 0.0620 0.7324
0 125.9702 -21.7014 774.0953 -0.0089 -1.0000 -0.0039 0.0072 0.7324
Sergiojaula.tga
0 125.9702 -21.7014 774.0953 -0.0089 -1.0000 -0.0039 0.0072 0.7324
0 126.3347 -19.5397 225.1758 -0.0089 -1.0000 -0.0039 0.0072 0.0087
0 182.0688 -20.0341 225.2107 -0.4551 -0.8904 -0.0038 0.0620 0.0087
Sergiojaula.tga
0 126.3347 -19.5397 225.1758 1.0000 -0.0089 0.0006 0.1365 0.0087
0 125.9702 -21.7014 774.0953 1.0000 -0.0089 0.0006 0.1365 0.7324
0 125.3142 -95.6864 773.8033 1.0000 -0.0089 0.0006 0.0620 0.7324
Sergiojaula.tga
0 125.3142 -95.6864 773.8033 1.0000 -0.0089 0.0006 0.0620 0.7324
0 125.6772 -93.5244 224.8845 1.0000 -0.0089 0.0006 0.0620 0.0087
0 126.3347 -19.5397 225.1758 1.0000 -0.0089 0.0006 0.1365 0.0087
Sergiojaula.tga
0 181.4127 -94.0192 224.9193 -1.0000 0.0089 -0.0006 0.1368 0.0087
0 181.0490 -96.1805 773.8386 -1.0000 0.0089 -0.0006 0.1368 0.7324
0 181.7055 -22.1962 774.1308 -0.8983 -0.4393 -0.0023 0.0620 0.7324
Sergiojaula.tga
0 181.7055 -22.1962 774.1308 -0.8983 -0.4393 -0.0023 0.0620 0.7324
0 182.0688 -20.0341 225.2107 -0.4551 -0.8904 -0.0038 0.0620 0.0087
0 181.4127 -94.0192 224.9193 -1.0000 0.0089 -0.0006 0.1368 0.0087
Sergiojaula.tga
0 559.6420 -6.9214 225.5125 -0.9982 0.0086 0.0598 0.9155 0.7485
0 551.9803 -16.5158 98.9118 -0.9982 0.0086 0.0598 0.8223 0.7563
0 551.2125 -103.1059 98.5702 -0.9982 0.0086 0.0598 0.8223 0.8179
Sergiojaula.tga
0 551.2125 -103.1059 98.5702 -0.9982 0.0086 0.0598 0.8223 0.8179
0 558.6931 -113.8335 225.0908 -0.9982 0.0086 0.0597 0.9155 0.8252
0 559.6420 -6.9214 225.5125 -0.9982 0.0086 0.0598 0.9155 0.7485
Sergiojaula.tga
0 479.1024 -6.2069 225.4622 -0.0079 -0.9200 -0.3919 0.9155 0.7485
0 486.7496 -15.9371 98.8711 -0.0089 -0.9971 0.0761 0.9229 0.6572
0 551.9803 -16.5158 98.9118 -0.0089 -0.9971 0.0761 0.9858 0.6572
Sergiojaula.tga
0 551.9803 -16.5158 98.9118 -0.0089 -0.9971 0.0761 0.9858 0.6572
0 559.6420 -6.9214 225.5125 -0.0035 -0.4573 -0.8893 0.9932 0.7485
0 479.1024 -6.2069 225.4622 -0.0079 -0.9200 -0.3919 0.9155 0.7485
Sergiojaula.tga
0 478.1537 -113.1185 225.0404 0.0007 0.0039 -1.0000 0.9155 0.8252
0 479.1024 -6.2069 225.4622 -0.0079 -0.9200 -0.3919 0.9155 0.7485
0 559.6420 -6.9214 225.5125 -0.0035 -0.4573 -0.8893 0.9932 0.7485
Sergiojaula.tga
0 559.6420 -6.9214 225.5125 -0.0035 -0.4573 -0.8893 0.9932 0.7485
0 558.6931 -113.8335 225.0908 0.0007 0.0039 -1.0000 0.9932 0.8252
0 478.1537 -113.1185 225.0404 0.0007 0.0039 -1.0000 0.9155 0.8252
Sergiojaula.tga
0 547.0928 -23.2748 225.4398 -0.4551 -0.8904 -0.0038 0.0620 0.0087
0 546.7293 -25.4363 774.3600 -0.8983 -0.4393 -0.0023 0.0620 0.7324
0 490.9941 -24.9412 774.3246 -0.0089 -1.0000 -0.0039 0.0072 0.7324
Sergiojaula.tga
0 490.9941 -24.9412 774.3246 -0.0089 -1.0000 -0.0039 0.0072 0.7324
0 491.3575 -22.7798 225.4050 -0.0089 -1.0000 -0.0039 0.0072 0.0087
0 547.0928 -23.2748 225.4398 -0.4551 -0.8904 -0.0038 0.0620 0.0087
Sergiojaula.tga
0 546.4365 -97.2596 225.1479 -1.0000 0.0089 -0.0006 0.1368 0.0087
0 546.0730 -99.4215 774.0676 -1.0000 0.0089 -0.0006 0.1368 0.7324
0 546.7293 -25.4363 774.3600 -0.8983 -0.4393 -0.0023 0.0620 0.7324
Sergiojaula.tga
0 546.7293 -25.4363 774.3600 -0.8983 -0.4393 -0.0023 0.0620 0.7324
0 547.0928 -23.2748 225.4398 -0.4551 -0.8904 -0.0038 0.0620 0.0087
0 546.4365 -97.2596 225.1479 -1.0000 0.0089 -0.0006 0.1368 0.0087
Sergiojaula.tga
0 -351.6923 2.7170 108.3074 -0.0016 -0.2433 -0.9700 0.6060 0.3247
0 -316.7279 2.4062 108.3290 -0.0038 -0.4908 -0.8713 0.6392 0.3247
0 -317.9500 -104.7400 107.9066 0.0007 0.0039 -1.0000 0.6392 0.4004
Sergiojaula.tga
0 -317.9500 -104.7400 107.9066 0.0007 0.0039 -1.0000 0.6392 0.4004
0 -352.5039 -104.4332 107.8849 0.0007 0.0039 -1.0000 0.6060 0.4004
0 -351.6923 2.7170 108.3074 -0.0016 -0.2433 -0.9700 0.6060 0.3247
Sergiojaula.tga
0 -316.7279 2.4062 108.3290 -0.0038 -0.4908 -0.8713 0.6392 0.3247
0 -351.6923 2.7170 108.3074 -0.0016 -0.2433 -0.9700 0.6060 0.3247
0 -350.7150 116.1597 -0.0977 -0.0057 -0.6908 -0.7230 0.6060 0.1968
Sergiojaula.tga
0 -350.7150 116.1597 -0.0977 -0.0057 -0.6908 -0.7230 0.6060 0.1968
0 -315.4600 115.8468 -0.0758 -0.0057 -0.6908 -0.7230 0.6392 0.1968
0 -316.7279 2.4062 108.3290 -0.0038 -0.4908 -0.8713 0.6392 0.3247
Sergiojaula.tga
0 -317.9500 -104.7400 107.9066 -0.9999 0.0112 -0.0002 0.7202 0.4004
0 -316.7279 2.4062 108.3290 -0.9999 0.0114 0.0002 0.7202 0.3247
0 -315.4600 115.8468 -0.0758 -0.9999 0.0112 -0.0002 0.6411 0.2451
Sergiojaula.tga
0 -315.4600 115.8468 -0.0758 -0.9999 0.0112 -0.0002 0.6411 0.2451
0 -317.8781 -104.3108 -0.9446 -0.9999 0.0110 -0.0006 0.6411 0.4004
0 -317.9500 -104.7400 107.9066 -0.9999 0.0112 -0.0002 0.7202 0.4004
Sergiojaula.tga
0 -14.0267 -0.2802 108.5191 -0.0015 -0.2433 -0.9700 0.6060 0.3247
0 20.9377 -0.5902 108.5410 -0.0038 -0.4908 -0.8713 0.6392 0.3247
0 19.7157 -107.7370 108.1184 0.0007 0.0039 -1.0000 0.6392 0.4004
Sergiojaula.tga
0 19.7157 -107.7370 108.1184 0.0007 0.0039 -1.0000 0.6392 0.4004
0 -14.8382 -107.4300 108.0966 0.0007 0.0039 -1.0000 0.6060 0.4004
0 -14.0267 -0.2802 108.5191 -0.0015 -0.2433 -0.9700 0.6060 0.3247
Sergiojaula.tga
0 20.9377 -0.5902 108.5410 -0.0038 -0.4908 -0.8713 0.6392 0.3247
0 -14.0267 -0.2802 108.5191 -0.0015 -0.2433 -0.9700 0.6060 0.3247
0 -13.0496 113.1631 0.1136 -0.0057 -0.6908 -0.7230 0.6060 0.1968
Sergiojaula.tga
0 -13.0496 113.1631 0.1136 -0.0057 -0.6908 -0.7230 0.6060 0.1968
0 22.2049 112.8497 0.1359 -0.0057 -0.6908 -0.7230 0.6392 0.1968
0 20.9377 -0.5902 108.5410 -0.0038 -0.4908 -0.8713 0.6392 0.3247
Sergiojaula.tga
0 19.7157 -107.7370 108.1184 -0.9999 0.0112 -0.0002 0.7202 0.4004
0 20.9377 -0.5902 108.5410 -0.9999 0.0114 0.0002 0.7202 0.3247
0 22.2049 112.8497 0.1359 -0.9999 0.0112 -0.0002 0.6411 0.2451
Sergiojaula.tga
0 22.2049 112.8497 0.1359 -0.9999 0.0112 -0.0002 0.6411 0.2451
0 19.7876 -107.3089 -0.7328 -0.9999 0.0110 -0.0006 0.6411 0.4004
0 19.7157 -107.7370 108.1184 -0.9999 0.0112 -0.0002 0.7202 0.4004
Sergiojaula.tga
0 318.0892 -3.2286 108.7274 -0.0015 -0.2433 -0.9700 0.6060 0.3247
0 353.0538 -3.5385 108.7495 -0.0038 -0.4908 -0.8713 0.6392 0.3247
0 351.8317 -110.6856 108.3267 0.0007 0.0039 -1.0000 0.6392 0.4004
Sergiojaula.tga
0 351.8317 -110.6856 108.3267 0.0007 0.0039 -1.0000 0.6392 0.4004
0 317.2777 -110.3788 108.3049 0.0007 0.0039 -1.0000 0.6060 0.4004
0 318.0892 -3.2286 108.7274 -0.0015 -0.2433 -0.9700 0.6060 0.3247
Sergiojaula.tga
0 353.0538 -3.5385 108.7495 -0.0038 -0.4908 -0.8713 0.6392 0.3247
0 318.0892 -3.2286 108.7274 -0.0015 -0.2433 -0.9700 0.6060 0.3247
0 319.0662 110.2144 0.3220 -0.0057 -0.6908 -0.7230 0.6060 0.1968
Sergiojaula.tga
0 319.0662 110.2144 0.3220 -0.0057 -0.6908 -0.7230 0.6060 0.1968
0 354.3214 109.9013 0.3437 -0.0057 -0.6908 -0.7230 0.6392 0.1968
0 353.0538 -3.5385 108.7495 -0.0038 -0.4908 -0.8713 0.6392 0.3247
Sergiojaula.tga
0 351.8317 -110.6856 108.3267 -0.9999 0.0112 -0.0002 0.7202 0.4004
0 353.0538 -3.5385 108.7495 -0.9999 0.0114 0.0002 0.7202 0.3247
0 354.3214 109.9013 0.3437 -0.9999 0.0112 -0.0002 0.6411 0.2451
Sergiojaula.tga
0 354.3214 109.9013 0.3437 -0.9999 0.0112 -0.0002 0.6411 0.2451
0 351.9036 -110.2564 -0.5250 -0.9999 0.0110 -0.0006 0.6411 0.4004
0 351.8317 -110.6856 108.3267 -0.9999 0.0112 -0.0002 0.7202 0.4004
Sergiojaula.tga
0 113.5785 -24.5321 845.9508 -0.0250 -0.8923 -0.4507 0.2208 0.0195
0 -195.4364 -15.7947 845.7809 -0.0032 -0.4436 -0.8962 0.2208 0.3799
0 -195.3918 -15.5279 778.0211 -0.0084 -1.0000 -0.0039 0.1583 0.3799
Sergiojaula.tga
0 -195.3918 -15.5279 778.0211 -0.0084 -1.0000 -0.0039 0.1583 0.3799
0 113.6228 -24.2658 778.1905 -0.0283 -0.9996 -0.0039 0.1583 0.0195
0 113.5785 -24.5321 845.9508 -0.0250 -0.8923 -0.4507 0.2208 0.0195
Sergiojaula.tga
0 -195.3918 -15.5279 778.0211 -0.0084 -1.0000 -0.0039 0.1583 0.3799
0 -195.4364 -15.7947 845.7809 -0.0032 -0.4436 -0.8962 0.2208 0.3799
0 -490.4095 -19.1711 845.5719 0.0105 -0.8926 -0.4507 0.2208 0.7241
Sergiojaula.tga
0 -490.4095 -19.1711 845.5719 0.0105 -0.8926 -0.4507 0.2208 0.7241
0 -490.3652 -18.9044 777.8126 0.0114 -0.9999 -0.0039 0.1525 0.7241
0 -195.3918 -15.5279 778.0211 -0.0084 -1.0000 -0.0039 0.1583 0.3799
Sergiojaula.tga
0 112.9686 -93.2019 845.6797 0.0007 0.0039 -1.0000 0.2822 0.0197
0 -196.0460 -84.4653 845.5099 0.0007 0.0039 -1.0000 0.2822 0.3801
0 -195.4364 -15.7947 845.7809 -0.0032 -0.4436 -0.8962 0.2208 0.3799
Sergiojaula.tga
0 -195.4364 -15.7947 845.7809 -0.0032 -0.4436 -0.8962 0.2208 0.3799
0 113.5785 -24.5321 845.9508 -0.0250 -0.8923 -0.4507 0.2208 0.0195
0 112.9686 -93.2019 845.6797 0.0007 0.0039 -1.0000 0.2822 0.0197
Sergiojaula.tga
0 -195.4364 -15.7947 845.7809 -0.0032 -0.4436 -0.8962 0.2208 0.3799
0 -196.0460 -84.4653 845.5099 0.0007 0.0039 -1.0000 0.2822 0.3801
0 -491.0197 -87.8408 845.3009 0.0007 0.0039 -1.0000 0.2822 0.7241
Sergiojaula.tga
0 -491.0197 -87.8408 845.3009 0.0007 0.0039 -1.0000 0.2822 0.7241
0 -490.4095 -19.1711 845.5719 0.0105 -0.8926 -0.4507 0.2208 0.7241
0 -195.4364 -15.7947 845.7809 -0.0032 -0.4436 -0.8962 0.2208 0.3799
Sergiojaula.tga
0 185.5742 -22.1743 846.0073 0.0086 -0.7043 -0.7099 0.2208 0.5518
0 185.6191 -21.9077 778.2479 0.0114 -0.9999 -0.0039 0.1583 0.5518
0 333.1063 -20.2201 778.3519 -0.0018 -1.0000 -0.0039 0.1583 0.3799
Sergiojaula.tga
0 333.1063 -20.2201 778.3519 -0.0018 -1.0000 -0.0039 0.1583 0.3799
0 333.0610 -20.4867 846.1118 -0.0121 -0.8297 -0.5580 0.2208 0.3799
0 185.5742 -22.1743 846.0073 0.0086 -0.7043 -0.7099 0.2208 0.5518
Sergiojaula.tga
0 333.0610 -20.4867 846.1118 -0.0121 -0.8297 -0.5580 0.2208 0.3799
0 333.1063 -20.2201 778.3519 -0.0018 -1.0000 -0.0039 0.1583 0.3799
0 487.6139 -24.5887 778.4373 -0.0283 -0.9996 -0.0040 0.1583 0.1997
Sergiojaula.tga
0 487.6139 -24.5887 778.4373 -0.0283 -0.9996 -0.0040 0.1583 0.1997
0 487.5692 -24.8553 846.1959 -0.0120 -0.4435 -0.8962 0.2208 0.1997
0 333.0610 -20.4867 846.1118 -0.0121 -0.8297 -0.5580 0.2208 0.3799
Sergiojaula.tga
0 332.4519 -89.1561 845.8408 0.0007 0.0039 -1.0000 0.2822 0.3801
0 184.9648 -90.8438 845.7365 0.0007 0.0039 -1.0000 0.2822 0.5522
0 185.5742 -22.1743 846.0073 0.0086 -0.7043 -0.7099 0.2208 0.5518
Sergiojaula.tga
0 185.5742 -22.1743 846.0073 0.0086 -0.7043 -0.7099 0.2208 0.5518
0 333.0610 -20.4867 846.1118 -0.0121 -0.8297 -0.5580 0.2208 0.3799
0 332.4519 -89.1561 845.8408 0.0007 0.0039 -1.0000 0.2822 0.3801
Sergiojaula.tga
0 332.4519 -89.1561 845.8408 0.0007 0.0039 -1.0000 0.2822 0.3801
0 333.0610 -20.4867 846.1118 -0.0121 -0.8297 -0.5580 0.2208 0.3799
0 487.5692 -24.8553 846.1959 -0.0120 -0.4435 -0.8962 0.2208 0.1997
Sergiojaula.tga
0 487.5692 -24.8553 846.1959 -0.0120 -0.4435 -0.8962 0.2208 0.1997
0 486.9594 -93.5249 845.9260 0.0007 0.0039 -1.0000 0.2822 0.2000
0 332.4519 -89.1561 845.8408 0.0007 0.0039 -1.0000 0.2822 0.3801
Sergiojaula.tga
0 279.3069 -49.1879 643.1348 -0.9998 -0.0181 0.0114 0.4946 0.7866
0 272.3735 -43.8357 86.8784 -0.9989 -0.0451 0.0120 0.0010 0.7866
0 273.2094 -62.3842 86.8060 -0.9998 -0.0181 0.0114 0.0010 0.8057
Sergiojaula.tga
0 273.2094 -62.3842 86.8060 -0.9998 -0.0181 0.0114 0.0010 0.8057
0 279.1291 -69.2095 643.0555 -0.9999 0.0088 0.0108 0.4946 0.8047
0 279.3069 -49.1879 643.1348 -0.9998 -0.0181 0.0114 0.4946 0.7866
Sergiojaula.tga
0 257.5479 -69.0184 643.0422 0.9993 -0.0357 -0.0123 0.4946 0.7368
0 250.4260 -62.1816 86.7915 0.9979 -0.0627 -0.0135 0.0010 0.7368
0 251.5904 -43.6519 86.8653 0.9993 -0.0357 -0.0123 0.0010 0.7500
Sergiojaula.tga
0 251.5904 -43.6519 86.8653 0.9993 -0.0357 -0.0123 0.0010 0.7500
0 257.7254 -48.9957 643.1213 0.9999 -0.0088 -0.0111 0.4946 0.7500
0 257.5479 -69.0184 643.0422 0.9993 -0.0357 -0.0123 0.4946 0.7368
Sergiojaula.tga
0 411.4826 -49.2640 87.2090 -0.9991 0.0090 -0.0421 0.0010 0.8877
0 389.4819 -60.4241 607.4831 -0.9991 0.0090 -0.0421 0.4578 0.8877
0 389.6591 -40.4011 607.5625 -0.8973 -0.4389 -0.0474 0.4578 0.8667
Sergiojaula.tga
0 389.6591 -40.4011 607.5625 -0.8973 -0.4389 -0.0474 0.4578 0.8667
0 411.6604 -29.2413 87.2877 -0.4546 -0.8899 -0.0383 0.0010 0.8667
0 411.4826 -49.2640 87.2090 -0.9991 0.0090 -0.0421 0.0010 0.8877
Sergiojaula.tga
0 368.8567 -40.2166 607.5489 0.4391 -0.8984 -0.0032 0.4578 0.8306
0 387.9248 -29.0311 87.2730 0.8901 -0.4553 0.0228 0.0010 0.8306
0 411.6604 -29.2413 87.2877 -0.4546 -0.8899 -0.0383 0.0010 0.8667
Sergiojaula.tga
0 411.6604 -29.2413 87.2877 -0.4546 -0.8899 -0.0383 0.0010 0.8667
0 389.6591 -40.4011 607.5625 -0.8973 -0.4389 -0.0474 0.4578 0.8667
0 368.8567 -40.2166 607.5489 0.4391 -0.8984 -0.0032 0.4578 0.8306
Sergiojaula.tga
0 368.6791 -60.2394 607.4697 0.9993 -0.0090 0.0364 0.4578 0.8149
0 387.7473 -49.0531 87.1939 0.9993 -0.0090 0.0364 0.0010 0.8149
0 387.9248 -29.0311 87.2730 0.8901 -0.4553 0.0228 0.0010 0.8306
Sergiojaula.tga
0 387.9248 -29.0311 87.2730 0.8901 -0.4553 0.0228 0.0010 0.8306
0 368.8567 -40.2166 607.5489 0.4391 -0.8984 -0.0032 0.4578 0.8306
0 368.6791 -60.2394 607.4697 0.9993 -0.0090 0.0364 0.4578 0.8149
Sergiojaula.tga
0 248.9513 -63.5926 824.0260 0.9988 -0.0090 0.0477 0.4946 0.7368
0 257.5479 -69.0184 643.0422 0.9988 -0.0090 0.0477 0.2839 0.7368
0 257.7254 -48.9957 643.1213 0.8888 -0.4548 0.0559 0.2856 0.7500
Sergiojaula.tga
0 257.7254 -48.9957 643.1213 0.8888 -0.4548 0.0559 0.2856 0.7500
0 249.1288 -43.5701 824.1059 0.4384 -0.8975 0.0477 0.4946 0.7500
0 248.9513 -63.5926 824.0260 0.9988 -0.0090 0.0477 0.4946 0.7368
Sergiojaula.tga
0 279.1291 -69.2095 643.0555 -0.9995 0.0090 -0.0301 0.2874 0.8057
0 273.7333 -63.8123 824.0420 -0.9995 0.0090 -0.0301 0.4946 0.8057
0 273.9113 -43.7906 824.1211 -0.8983 -0.4391 -0.0137 0.4946 0.7866
Sergiojaula.tga
0 273.9113 -43.7906 824.1211 -0.8983 -0.4391 -0.0137 0.4946 0.7866
0 279.3069 -49.1879 643.1348 -0.4551 -0.8903 0.0130 0.2874 0.7866
0 279.1291 -69.2095 643.0555 -0.9995 0.0090 -0.0301 0.2874 0.8057
Sergiojaula.tga
0 249.1288 -43.5701 824.1059 0.4384 -0.8975 0.0477 0.4946 0.7500
0 257.7254 -48.9957 643.1213 0.8888 -0.4548 0.0559 0.2856 0.7500
0 279.3069 -49.1879 643.1348 -0.4551 -0.8903 0.0130 0.2874 0.7866
Sergiojaula.tga
0 279.3069 -49.1879 643.1348 -0.4551 -0.8903 0.0130 0.2874 0.7866
0 273.9113 -43.7906 824.1211 -0.8983 -0.4391 -0.0137 0.4946 0.7866
0 249.1288 -43.5701 824.1059 0.4384 -0.8975 0.0477 0.4946 0.7500
Sergiojaula.tga
0 257.7254 -48.9957 643.1213 -0.0089 -0.9999 -0.0095 0.4946 0.7495
0 251.5904 -43.6519 86.8653 -0.0088 -0.9999 -0.0095 0.0010 0.7495
0 272.3735 -43.8357 86.8784 -0.0089 -0.9999 -0.0095 0.0010 0.7886
Sergiojaula.tga
0 272.3735 -43.8357 86.8784 -0.0089 -0.9999 -0.0095 0.0010 0.7886
0 279.3069 -49.1879 643.1348 -0.0089 -0.9999 -0.0095 0.4946 0.7886
0 257.7254 -48.9957 643.1213 -0.0089 -0.9999 -0.0095 0.4946 0.7495
Sergiojaula.tga
0 387.2589 -51.9561 824.4236 0.9963 -0.0085 -0.0850 0.4946 0.8149
0 368.6791 -60.2394 607.4697 0.9963 -0.0085 -0.0850 0.2026 0.8149
0 368.8567 -40.2166 607.5489 0.8885 -0.4551 -0.0587 0.2042 0.8306
Sergiojaula.tga
0 368.8567 -40.2166 607.5489 0.8885 -0.4551 -0.0587 0.2042 0.8306
0 387.4364 -31.9343 824.5024 0.4383 -0.8988 -0.0032 0.4946 0.8306
0 387.2589 -51.9561 824.4236 0.9963 -0.0085 -0.0850 0.4946 0.8149
Sergiojaula.tga
0 389.4819 -60.4241 607.4831 -0.9951 0.0084 0.0983 0.2062 0.8877
0 410.9938 -52.1675 824.4393 -0.9951 0.0085 0.0983 0.4946 0.8877
0 411.1716 -32.1443 824.5178 -0.8925 -0.4386 0.1052 0.4946 0.8667
Sergiojaula.tga
0 411.1716 -32.1443 824.5178 -0.8925 -0.4386 0.1052 0.4946 0.8667
0 389.6591 -40.4011 607.5625 -0.4522 -0.8884 0.0786 0.2039 0.8667
0 389.4819 -60.4241 607.4831 -0.9951 0.0084 0.0983 0.2062 0.8877
Sergiojaula.tga
0 387.4364 -31.9343 824.5024 0.4383 -0.8988 -0.0032 0.4946 0.8306
0 368.8567 -40.2166 607.5489 0.8885 -0.4551 -0.0587 0.2042 0.8306
0 389.6591 -40.4011 607.5625 -0.4522 -0.8884 0.0786 0.2039 0.8667
Sergiojaula.tga
0 389.6591 -40.4011 607.5625 -0.4522 -0.8884 0.0786 0.2039 0.8667
0 411.1716 -32.1443 824.5178 -0.8925 -0.4386 0.1052 0.4946 0.8667
0 387.4364 -31.9343 824.5024 0.4383 -0.8988 -0.0032 0.4946 0.8306
Sergiojaula.tga
0 -142.4335 -46.0002 528.9289 -0.9038 -0.4248 -0.0515 0.1493 0.7500
0 -142.5689 -61.2800 528.8686 -0.9979 0.0091 -0.0649 0.1493 0.7368
0 -161.5148 -59.3239 820.5172 -0.9979 0.0091 -0.0649 0.4946 0.7368
Sergiojaula.tga
0 -161.5148 -59.3239 820.5172 -0.9979 0.0091 -0.0649 0.4946 0.7368
0 -161.3535 -41.1068 820.5898 -0.4815 -0.8762 -0.0189 0.4946 0.7500
0 -142.4335 -46.0002 528.9289 -0.9038 -0.4248 -0.0515 0.1493 0.7500
Sergiojaula.tga
0 -163.2997 -60.3008 528.8588 0.9979 -0.0091 0.0649 0.1483 0.8057
0 -182.0905 -40.9228 820.5767 0.8882 -0.4552 0.0628 0.4946 0.7866
0 -182.2524 -59.1398 820.5045 0.9979 -0.0091 0.0649 0.4946 0.8057
Sergiojaula.tga
0 -182.0905 -40.9228 820.5767 0.8882 -0.4552 0.0628 0.4946 0.7866
0 -163.2997 -60.3008 528.8588 0.9979 -0.0091 0.0649 0.1483 0.8057
0 -163.1567 -44.2275 528.9224 0.4106 -0.9110 0.0394 0.1497 0.7866
Sergiojaula.tga
0 -161.3535 -41.1068 820.5898 -0.4815 -0.8762 -0.0189 0.4946 0.7500
0 -182.0905 -40.9228 820.5767 0.8882 -0.4552 0.0628 0.4946 0.7866
0 -163.1567 -44.2275 528.9224 0.4106 -0.9110 0.0394 0.1497 0.7866
Sergiojaula.tga
0 -163.1567 -44.2275 528.9224 0.4106 -0.9110 0.0394 0.1497 0.7866
0 -142.4335 -46.0002 528.9289 -0.9038 -0.4248 -0.0515 0.1493 0.7500
0 -161.3535 -41.1068 820.5898 -0.4815 -0.8762 -0.0189 0.4946 0.7500
Sergiojaula.tga
0 -163.1567 -44.2275 528.9224 0.8702 -0.4913 -0.0379 0.4578 0.7866
0 -163.2997 -60.3008 528.8588 0.9991 -0.0087 -0.0423 0.4578 0.8057
0 -180.7611 -58.5191 116.2518 0.9983 -0.0411 -0.0412 0.0010 0.8057
Sergiojaula.tga
0 -180.7611 -58.5191 116.2518 0.9983 -0.0411 -0.0412 0.0010 0.8057
0 -179.5746 -42.4548 116.3161 0.3680 -0.9296 -0.0184 0.0010 0.7866
0 -163.1567 -44.2275 528.9224 0.8702 -0.4913 -0.0379 0.4578 0.7866
Sergiojaula.tga
0 -179.5746 -42.4548 116.3161 0.3680 -0.9296 -0.0184 0.0010 0.7866
0 -160.9391 -44.2084 116.3216 -0.9051 -0.4233 0.0388 0.0010 0.7500
0 -142.4335 -46.0002 528.9289 -0.5105 -0.8597 0.0190 0.4578 0.7500
Sergiojaula.tga
0 -142.4335 -46.0002 528.9289 -0.5105 -0.8597 0.0190 0.4578 0.7500
0 -163.1567 -44.2275 528.9224 0.8702 -0.4913 -0.0379 0.4578 0.7866
0 -179.5746 -42.4548 116.3161 0.3680 -0.9296 -0.0184 0.0010 0.7866
Sergiojaula.tga
0 -142.5689 -61.2800 528.8686 -0.9990 0.0087 0.0448 0.4578 0.7368
0 -142.4335 -46.0002 528.9289 -0.5105 -0.8597 0.0190 0.4578 0.7500
0 -160.9391 -44.2084 116.3216 -0.9051 -0.4233 0.0388 0.0010 0.7500
Sergiojaula.tga
0 -160.9391 -44.2084 116.3216 -0.9051 -0.4233 0.0388 0.0010 0.7500
0 -161.0745 -59.4881 116.2612 -0.9990 0.0087 0.0448 0.0010 0.7368
0 -142.5689 -61.2800 528.8686 -0.9990 0.0087 0.0448 0.4578 0.7368
Sergiojaula.tga
0 -66.4034 -34.1498 494.5696 0.9994 -0.0090 0.0342 0.0688 0.8877
0 -66.2414 -15.9329 494.6411 0.4397 -0.8949 -0.0765 0.0674 0.8667
0 -78.1061 -50.6545 832.5355 0.8911 -0.4535 -0.0153 0.4946 0.8667
Sergiojaula.tga
0 -78.1061 -50.6545 832.5355 0.8911 -0.4535 -0.0153 0.4946 0.8667
0 -78.2681 -68.8717 832.4637 0.9994 -0.0090 0.0342 0.4946 0.8877
0 -66.4034 -34.1498 494.5696 0.9994 -0.0090 0.0342 0.0688 0.8877
Sergiojaula.tga
0 -75.9778 -59.1649 101.1810 0.9980 -0.0600 -0.0181 0.0010 0.8877
0 -74.0820 -42.1934 101.2491 0.4704 -0.8812 0.0461 0.0010 0.8667
0 -66.2414 -15.9329 494.6411 0.8713 -0.4906 0.0134 0.4578 0.8667
Sergiojaula.tga
0 -66.2414 -15.9329 494.6411 0.8713 -0.4906 0.0134 0.4578 0.8667
0 -66.4034 -34.1498 494.5696 0.9997 -0.0088 -0.0238 0.4578 0.8877
0 -75.9778 -59.1649 101.1810 0.9980 -0.0600 -0.0181 0.0010 0.8877
Sergiojaula.tga
0 -74.0820 -42.1934 101.2491 0.4704 -0.8812 0.0461 0.0010 0.8667
0 -57.1722 -39.8835 101.2697 -0.8853 -0.4616 0.0568 0.0010 0.8306
0 -44.3218 -16.1272 494.6554 -0.4028 -0.9125 0.0711 0.4578 0.8306
Sergiojaula.tga
0 -44.3218 -16.1272 494.6554 -0.4028 -0.9125 0.0711 0.4578 0.8306
0 -66.2414 -15.9329 494.6411 0.8713 -0.4906 0.0134 0.4578 0.8667
0 -74.0820 -42.1934 101.2491 0.4704 -0.8812 0.0461 0.0010 0.8667
Sergiojaula.tga
0 -324.4627 -38.4907 505.3856 -0.4551 -0.8902 0.0191 0.3875 0.8306
0 -348.0149 -38.2815 505.3706 0.8904 -0.4551 0.0047 0.3853 0.8667
0 -348.9702 -44.3649 100.7396 0.4393 -0.8983 0.0125 0.0010 0.8667
Sergiojaula.tga
0 -348.9702 -44.3649 100.7396 0.4393 -0.8983 0.0125 0.0010 0.8667
0 -329.6141 -44.5372 100.7520 -0.8982 -0.4392 0.0180 0.0010 0.8306
0 -324.4627 -38.4907 505.3856 -0.4551 -0.8902 0.0191 0.3875 0.8306
Sergiojaula.tga
0 -239.2639 -21.2350 386.7932 -0.4747 -0.8775 0.0689 0.2605 0.9565
0 -252.9813 -20.7617 386.7859 -0.0345 -0.9981 0.0513 0.2639 0.9902
0 -266.5749 -34.9473 101.6998 -0.0345 -0.9981 0.0513 -0.0076 0.9902
Sergiojaula.tga
0 -266.5749 -34.9473 101.6998 -0.0345 -0.9981 0.0513 -0.0076 0.9902
0 -254.5193 -35.3629 101.7064 -0.9033 -0.4233 0.0693 -0.0076 0.9565
0 -239.2639 -21.2350 386.7932 -0.4747 -0.8775 0.0689 0.2605 0.9565
Sergiojaula.tga
0 -254.5193 -35.3629 101.7064 -0.9033 -0.4233 0.0693 -0.0076 0.9565
0 -255.1836 -63.7695 101.5940 -0.9984 0.0231 0.0523 -0.0076 0.9224
0 -239.9291 -49.6406 386.6812 -0.9984 0.0232 0.0523 0.2568 0.9224
Sergiojaula.tga
0 -239.9291 -49.6406 386.6812 -0.9984 0.0232 0.0523 0.2568 0.9224
0 -239.2639 -21.2350 386.7932 -0.4747 -0.8775 0.0689 0.2605 0.9565
0 -254.5193 -35.3629 101.7064 -0.9033 -0.4233 0.0693 -0.0076 0.9565
Sergiojaula.tga
0 -239.2639 -21.2350 386.7932 -0.9027 -0.4220 -0.0838 0.0901 0.9565
0 -239.9291 -49.6406 386.6812 -0.9982 0.0236 -0.0555 0.0850 0.9224
0 -252.1909 -65.8472 600.2584 -0.9982 0.0236 -0.0555 0.3970 0.9224
Sergiojaula.tga
0 -252.1909 -65.8472 600.2584 -0.9982 0.0236 -0.0555 0.3970 0.9224
0 -251.5256 -37.4418 600.3707 -0.4743 -0.8754 -0.0937 0.3943 0.9565
0 -239.2639 -21.2350 386.7932 -0.9027 -0.4220 -0.0838 0.0901 0.9565
Sergiojaula.tga
0 -251.5256 -37.4418 600.3707 -0.4743 -0.8754 -0.0937 0.3943 0.9565
0 -265.2438 -36.9681 600.3634 -0.0344 -0.9964 -0.0776 0.4014 0.9902
0 -252.9813 -20.7617 386.7859 -0.0344 -0.9964 -0.0776 0.0947 0.9902
Sergiojaula.tga
0 -252.9813 -20.7617 386.7859 -0.0344 -0.9964 -0.0776 0.0947 0.9902
0 -239.2639 -21.2350 386.7932 -0.9027 -0.4220 -0.0838 0.0901 0.9565
0 -251.5256 -37.4418 600.3707 -0.4743 -0.8754 -0.0937 0.3943 0.9565
Sergiojaula.tga
0 -57.8905 -69.0529 832.4762 -0.9992 0.0090 -0.0387 0.4946 0.8149
0 -57.7282 -50.8355 832.5483 -0.4540 -0.8843 -0.1088 0.4946 0.8306
0 -44.3218 -16.1272 494.6554 -0.8963 -0.4361 -0.0804 0.0632 0.8306
Sergiojaula.tga
0 -44.3218 -16.1272 494.6554 -0.8963 -0.4361 -0.0804 0.0632 0.8306
0 -44.4832 -34.3451 494.5834 -0.9992 0.0090 -0.0387 0.0606 0.8149
0 -57.8905 -69.0529 832.4762 -0.9992 0.0090 -0.0387 0.4946 0.8149
Sergiojaula.tga
0 -57.7282 -50.8355 832.5483 -0.4540 -0.8843 -0.1088 0.4946 0.8306
0 -78.1061 -50.6545 832.5355 0.8911 -0.4535 -0.0153 0.4946 0.8667
0 -66.2414 -15.9329 494.6411 0.4397 -0.8949 -0.0765 0.0674 0.8667
Sergiojaula.tga
0 -66.2414 -15.9329 494.6411 0.4397 -0.8949 -0.0765 0.0674 0.8667
0 -44.3218 -16.1272 494.6554 -0.8963 -0.4361 -0.0804 0.0632 0.8306
0 -57.7282 -50.8355 832.5483 -0.4540 -0.8843 -0.1088 0.4946 0.8306
Sergiojaula.tga
0 -44.4832 -34.3451 494.5834 -0.9994 0.0087 0.0321 0.4578 0.8149
0 -44.3218 -16.1272 494.6554 -0.4028 -0.9125 0.0711 0.4578 0.8306
0 -57.1722 -39.8835 101.2697 -0.8853 -0.4616 0.0568 0.0010 0.8306
Sergiojaula.tga
0 -57.1722 -39.8835 101.2697 -0.8853 -0.4616 0.0568 0.0010 0.8306
0 -57.3342 -58.1002 101.1975 -0.9994 0.0088 0.0321 0.0010 0.8149
0 -44.4832 -34.3451 494.5834 -0.9994 0.0087 0.0321 0.4578 0.8149
Sergiojaula.tga
0 -324.6237 -56.7086 505.3137 -0.9999 0.0088 0.0126 0.3862 0.8149
0 -324.4627 -38.4907 505.3856 -0.4551 -0.8902 0.0191 0.3875 0.8306
0 -329.6141 -44.5372 100.7520 -0.8982 -0.4392 0.0180 0.0010 0.8306
Sergiojaula.tga
0 -329.6141 -44.5372 100.7520 -0.8982 -0.4392 0.0180 0.0010 0.8306
0 -329.7421 -58.9109 100.6952 -0.9999 0.0089 0.0126 0.0010 0.8149
0 -324.6237 -56.7086 505.3137 -0.9999 0.0088 0.0126 0.3862 0.8149
Sergiojaula.tga
0 -349.0975 -58.7390 100.6830 1.0000 -0.0089 -0.0022 0.0010 0.8877
0 -348.9702 -44.3649 100.7396 0.4393 -0.8983 0.0125 0.0010 0.8667
0 -348.0149 -38.2815 505.3706 0.8904 -0.4551 0.0047 0.3853 0.8667
Sergiojaula.tga
0 -348.0149 -38.2815 505.3706 0.8904 -0.4551 0.0047 0.3853 0.8667
0 -348.1763 -56.4995 505.2990 1.0000 -0.0089 -0.0022 0.3894 0.8877
0 -349.0975 -58.7390 100.6830 1.0000 -0.0089 -0.0022 0.0010 0.8877
Sergiojaula.tga
0 -328.0941 -57.9660 832.0225 -0.9999 0.0089 -0.0106 0.4946 0.8149
0 -327.9322 -39.7486 832.0933 -0.4551 -0.8904 -0.0083 0.4946 0.8306
0 -324.4627 -38.4907 505.3856 -0.8983 -0.4392 -0.0112 0.0688 0.8306
Sergiojaula.tga
0 -324.4627 -38.4907 505.3856 -0.8983 -0.4392 -0.0112 0.0688 0.8306
0 -324.6237 -56.7086 505.3137 -0.9999 0.0089 -0.0106 0.0668 0.8149
0 -328.0941 -57.9660 832.0225 -0.9999 0.0089 -0.0106 0.4946 0.8149
Sergiojaula.tga
0 -327.9322 -39.7486 832.0933 -0.4551 -0.8904 -0.0083 0.4946 0.8306
0 -351.4846 -39.5402 832.0793 0.8904 -0.4552 0.0077 0.4946 0.8667
0 -348.0149 -38.2815 505.3706 0.4392 -0.8984 0.0012 0.0652 0.8667
Sergiojaula.tga
0 -348.0149 -38.2815 505.3706 0.4392 -0.8984 0.0012 0.0652 0.8667
0 -324.4627 -38.4907 505.3856 -0.8983 -0.4392 -0.0112 0.0688 0.8306
0 -327.9322 -39.7486 832.0933 -0.4551 -0.8904 -0.0083 0.4946 0.8306
Sergiojaula.tga
0 -348.1763 -56.4995 505.2990 0.9999 -0.0089 0.0106 0.0718 0.8877
0 -348.0149 -38.2815 505.3706 0.4392 -0.8984 0.0012 0.0652 0.8667
0 -351.4846 -39.5402 832.0793 0.8904 -0.4552 0.0077 0.4946 0.8667
Sergiojaula.tga
0 -351.4846 -39.5402 832.0793 0.8904 -0.4552 0.0077 0.4946 0.8667
0 -351.6469 -57.7571 832.0075 0.9999 -0.0089 0.0106 0.4946 0.8877
0 -348.1763 -56.4995 505.2990 0.9999 -0.0089 0.0106 0.0718 0.8877
Sergiojaula.tga
0 -252.3448 -66.7638 832.9066 -0.9997 0.0234 -0.0006 0.4946 0.9224
0 -251.6802 -38.3577 833.0183 -0.4758 -0.8795 -0.0038 0.4946 0.9565
0 -251.5256 -37.4418 600.3707 -0.9056 -0.4241 -0.0023 0.1672 0.9565
Sergiojaula.tga
0 -251.5256 -37.4418 600.3707 -0.9056 -0.4241 -0.0023 0.1672 0.9565
0 -252.1909 -65.8472 600.2584 -0.9997 0.0234 -0.0006 0.1699 0.9224
0 -252.3448 -66.7638 832.9066 -0.9997 0.0234 -0.0006 0.4946 0.9224
Sergiojaula.tga
0 -265.2438 -36.9681 600.3634 -0.0345 -0.9994 -0.0040 0.1740 0.9902
0 -251.5256 -37.4418 600.3707 -0.9056 -0.4241 -0.0023 0.1672 0.9565
0 -251.6802 -38.3577 833.0183 -0.4758 -0.8795 -0.0038 0.4946 0.9565
Sergiojaula.tga
0 -251.6802 -38.3577 833.0183 -0.4758 -0.8795 -0.0038 0.4946 0.9565
0 -265.3979 -37.8846 833.0121 -0.0345 -0.9994 -0.0040 0.4946 0.9902
0 -265.2438 -36.9681 600.3634 -0.0345 -0.9994 -0.0040 0.1740 0.9902
Sergiojaula.tga
0 -266.5749 -34.9473 101.6998 0.9986 -0.0232 -0.0465 -0.0076 0.9565
0 -252.9813 -20.7617 386.7859 0.9986 -0.0232 -0.0465 0.2605 0.9565
0 -253.6468 -49.1677 386.6738 0.9986 -0.0232 -0.0465 0.2568 0.9224
Sergiojaula.tga
0 -253.6468 -49.1677 386.6738 0.9986 -0.0232 -0.0465 0.2568 0.9224
0 -267.2398 -63.3535 101.5878 0.9986 -0.0232 -0.0465 -0.0076 0.9224
0 -266.5749 -34.9473 101.6998 0.9986 -0.0232 -0.0465 -0.0076 0.9565
Sergiojaula.tga
0 -252.9813 -20.7617 386.7859 0.9982 -0.0236 0.0555 0.0901 0.9565
0 -265.2438 -36.9681 600.3634 0.9982 -0.0236 0.0555 0.3943 0.9565
0 -265.9083 -65.3744 600.2515 0.9982 -0.0236 0.0555 0.3970 0.9224
Sergiojaula.tga
0 -265.9083 -65.3744 600.2515 0.9982 -0.0236 0.0555 0.3970 0.9224
0 -253.6468 -49.1677 386.6738 0.9982 -0.0236 0.0555 0.0850 0.9224
0 -252.9813 -20.7617 386.7859 0.9982 -0.0236 0.0555 0.0901 0.9565
Sergiojaula.tga
0 -266.0633 -66.2903 832.8989 0.9997 -0.0234 0.0006 0.4946 0.9224
0 -265.9083 -65.3744 600.2515 0.9997 -0.0234 0.0006 0.1699 0.9224
0 -265.2438 -36.9681 600.3634 0.9997 -0.0234 0.0006 0.1672 0.9565
Sergiojaula.tga
0 -265.2438 -36.9681 600.3634 0.9997 -0.0234 0.0006 0.1672 0.9565
0 -265.3979 -37.8846 833.0121 0.9997 -0.0234 0.0006 0.4946 0.9565
0 -266.0633 -66.2903 832.8989 0.9997 -0.0234 0.0006 0.4946 0.9224
Sergiojaula.tga
0 -557.0685 -60.6725 177.2228 -0.5879 -0.8070 0.0558 0.2544 0.9224
0 -539.6218 -71.9355 170.0578 -0.5477 -0.8365 -0.0186 0.4946 0.9224
0 -539.6393 -72.3959 191.2793 -0.4474 -0.8179 0.3618 0.4946 0.9565
Sergiojaula.tga
0 -539.6393 -72.3959 191.2793 -0.4474 -0.8179 0.3618 0.4946 0.9565
0 -552.0226 -61.1780 198.4478 -0.2376 -0.6955 0.6781 0.2395 0.9565
0 -557.0685 -60.6725 177.2228 -0.5879 -0.8070 0.0558 0.2544 0.9224
Sergiojaula.tga
0 -540.2449 -73.9023 398.8592 0.2770 -0.9549 -0.1072 0.5122 0.7769
0 -540.2165 -73.3376 361.7517 0.5378 -0.8430 -0.0124 0.5645 0.7764
0 -529.8455 -66.7224 361.7846 0.2770 -0.9549 -0.1072 0.5645 0.8252
Sergiojaula.tga
0 -529.8455 -66.7224 361.7846 0.2770 -0.9549 -0.1072 0.5645 0.8252
0 -524.9290 -74.0386 398.8690 -0.0086 -0.9813 -0.1924 0.5122 0.8252
0 -540.2449 -73.9023 398.8592 0.2770 -0.9549 -0.1072 0.5122 0.7769
Sergiojaula.tga
0 -528.1324 -69.1323 265.6182 -0.0088 -0.9997 -0.0217 0.5645 0.8252
0 -528.1550 -69.7254 292.9692 -0.0088 -0.9997 -0.0217 0.5122 0.8252
0 -543.4709 -69.5897 292.9594 -0.0088 -0.9997 -0.0217 0.5122 0.7769
Sergiojaula.tga
0 -543.4709 -69.5897 292.9594 -0.0088 -0.9997 -0.0217 0.5122 0.7769
0 -543.4484 -68.9968 265.6085 -0.0088 -0.9997 -0.0217 0.5645 0.7764
0 -528.1324 -69.1323 265.6182 -0.0088 -0.9997 -0.0217 0.5645 0.8252
Sergiojaula.tga
0 -524.3234 -72.5319 191.2892 -0.0053 -0.5426 0.8400 0.4946 0.9902
0 -539.2383 -61.2914 198.4557 -0.0053 -0.5426 0.8400 0.2477 0.9902
0 -552.0226 -61.1780 198.4478 -0.2376 -0.6955 0.6781 0.2395 0.9565
Sergiojaula.tga
0 -552.0226 -61.1780 198.4478 -0.2376 -0.6955 0.6781 0.2395 0.9565
0 -539.6393 -72.3959 191.2793 -0.4474 -0.8179 0.3618 0.4946 0.9565
0 -524.3234 -72.5319 191.2892 -0.0053 -0.5426 0.8400 0.4946 0.9902
Sergiojaula.tga
0 -524.3055 -72.0714 170.0670 -0.0089 -0.9997 -0.0217 0.5645 0.8252
0 -524.3234 -72.5319 191.2892 -0.0089 -0.9997 -0.0217 0.5122 0.8252
0 -539.6393 -72.3959 191.2793 -0.0089 -0.9997 -0.0217 0.5122 0.7769
Sergiojaula.tga
0 -539.6393 -72.3959 191.2793 -0.0089 -0.9997 -0.0217 0.5122 0.7769
0 -539.6218 -71.9355 170.0578 -0.0089 -0.9997 -0.0217 0.5645 0.7764
0 -524.3055 -72.0714 170.0670 -0.0089 -0.9997 -0.0217 0.5645 0.8252
Sergiojaula.tga
0 -524.8333 -69.5090 679.6490 -0.0088 -0.9997 -0.0217 0.5645 0.8252
0 -524.8516 -69.9814 701.4463 -0.0089 -0.9997 -0.0217 0.5122 0.8252
0 -540.1669 -69.8456 701.4367 -0.0088 -0.9997 -0.0217 0.5122 0.7769
Sergiojaula.tga
0 -540.1669 -69.8456 701.4367 -0.0088 -0.9997 -0.0217 0.5122 0.7769
0 -540.1490 -69.3734 679.6392 -0.0088 -0.9997 -0.0217 0.5645 0.7764
0 -524.8333 -69.5090 679.6490 -0.0088 -0.9997 -0.0217 0.5645 0.8252
Sergiojaula.tga
0 -541.4696 -60.8116 177.2326 0.5712 0.8207 -0.0125 0.2544 0.9224
0 -539.2383 -61.2914 198.4557 0.5879 0.8078 -0.0435 0.2395 0.9565
0 -524.3234 -72.5319 191.2892 0.5712 0.8207 -0.0125 0.4946 0.9565
Sergiojaula.tga
0 -524.3234 -72.5319 191.2892 0.5712 0.8207 -0.0125 0.4946 0.9565
0 -524.3055 -72.0714 170.0670 0.5538 0.8324 0.0185 0.4946 0.9224
0 -541.4696 -60.8116 177.2326 0.5712 0.8207 -0.0125 0.2544 0.9224
Sergiojaula.tga
0 498.7848 -51.2507 926.8058 0.5082 0.8553 -0.1011 0.6611 0.7876
0 525.0620 -64.5046 1087.0869 0.8085 0.0480 -0.5866 0.6230 0.6650
0 536.4967 -74.2484 927.5538 -0.5660 0.7832 -0.2576 0.6226 0.7876
Sergiojaula.tga
0 498.7848 -51.2507 926.8058 0.5082 0.8553 -0.1011 0.6611 0.7876
0 536.4967 -74.2484 927.5538 -0.5660 0.7832 -0.2576 0.6226 0.7876
0 556.1487 -95.6884 862.7139 -0.5362 0.7318 -0.4206 0.6221 0.8486
Sergiojaula.tga
0 556.1487 -95.6884 862.7139 -0.5362 0.7318 -0.4206 0.6221 0.8486
0 490.5537 -59.1670 861.5952 0.4819 0.8605 -0.1653 0.6802 0.8486
0 498.7848 -51.2507 926.8058 0.5082 0.8553 -0.1011 0.6611 0.7876
Sergiojaula.tga
0 536.4967 -74.2484 927.5538 -0.5660 0.7832 -0.2576 0.6226 0.7876
0 525.0620 -64.5046 1087.0869 0.8085 0.0480 -0.5866 0.6230 0.6650
0 522.6722 -19.1389 926.2896 -0.9571 -0.2437 -0.1566 0.6611 0.7876
Sergiojaula.tga
0 556.1487 -95.6884 862.7139 -0.5362 0.7318 -0.4206 0.6221 0.8486
0 536.4967 -74.2484 927.5538 -0.5660 0.7832 -0.2576 0.6226 0.7876
0 522.6722 -19.1389 926.2896 -0.9571 -0.2437 -0.1566 0.6611 0.7876
Sergiojaula.tga
0 522.6722 -19.1389 926.2896 -0.9571 -0.2437 -0.1566 0.6611 0.7876
0 535.4120 -13.0252 860.8160 -0.9478 -0.2425 -0.2071 0.6802 0.8486
0 556.1487 -95.6884 862.7139 -0.5362 0.7318 -0.4206 0.6221 0.8486
Sergiojaula.tga
0 522.6722 -19.1389 926.2896 0.8014 -0.5968 -0.0393 0.5850 0.7861
0 525.0620 -64.5046 1087.0869 0.8085 0.0480 -0.5866 0.6230 0.6650
0 498.7848 -51.2507 926.8058 0.7747 -0.6317 -0.0281 0.6226 0.7876
Sergiojaula.tga
0 535.4120 -13.0252 860.8160 0.7608 -0.6473 0.0473 0.5659 0.8462
0 522.6722 -19.1389 926.2896 0.8014 -0.5968 -0.0393 0.5850 0.7861
0 498.7848 -51.2507 926.8058 0.7747 -0.6317 -0.0281 0.6226 0.7876
Sergiojaula.tga
0 498.7848 -51.2507 926.8058 0.7747 -0.6317 -0.0281 0.6226 0.7876
0 490.5537 -59.1670 861.5952 0.7169 -0.6971 -0.0059 0.6221 0.8486
0 535.4120 -13.0252 860.8160 0.7608 -0.6473 0.0473 0.5659 0.8462
Sergiojaula.tga
0 387.7706 -49.3051 959.2548 0.2084 0.6750 -0.7078 0.6230 0.6650
0 369.8289 -53.9091 841.3687 0.9848 0.0815 -0.1531 0.6221 0.8486
0 406.1293 -26.3755 840.7609 0.6026 -0.7958 -0.0606 0.6802 0.8486
Sergiojaula.tga
0 387.7706 -49.3051 959.2548 0.2084 0.6750 -0.7078 0.6230 0.6650
0 398.3782 -68.8364 839.9889 0.4569 0.8834 -0.1040 0.6802 0.8486
0 369.8289 -53.9091 841.3687 0.9848 0.0815 -0.1531 0.6221 0.8486
Sergiojaula.tga
0 387.7706 -49.3051 959.2548 0.2084 0.6750 -0.7078 0.6230 0.6650
0 406.1293 -26.3755 840.7609 -0.9767 0.1804 -0.1164 0.6221 0.8486
0 398.3782 -68.8364 839.9889 -0.9767 0.1804 -0.1164 0.5659 0.8462
Sergiojaula.tga
0 277.7243 -49.5493 959.1788 0.0548 -0.4331 -0.8997 0.6230 0.6650
0 293.1846 -62.3905 841.2849 -0.6848 0.7094 -0.1671 0.6221 0.8486
0 252.9773 -47.9005 840.5748 0.3394 0.9389 -0.0578 0.6802 0.8486
Sergiojaula.tga
0 277.7243 -49.5493 959.1788 0.0548 -0.4331 -0.8997 0.6230 0.6650
0 281.0463 -24.9814 840.0835 -0.9464 -0.3100 -0.0903 0.6802 0.8486
0 293.1846 -62.3905 841.2849 -0.6848 0.7094 -0.1671 0.6221 0.8486
Sergiojaula.tga
0 277.7243 -49.5493 959.1788 0.0548 -0.4331 -0.8997 0.6230 0.6650
0 252.9773 -47.9005 840.5748 0.6247 -0.7681 -0.1410 0.6221 0.8486
0 281.0463 -24.9814 840.0835 0.6247 -0.7681 -0.1410 0.5659 0.8462
Sergiojaula.tga
0 131.2421 -45.4035 926.5862 0.5540 0.8265 -0.1000 0.6611 0.7876
0 157.0417 -60.2761 1086.8599 0.8148 -0.0191 -0.5794 0.6230 0.6650
0 168.0985 -70.7109 927.3240 -0.5293 0.8074 -0.2608 0.6226 0.7876
Sergiojaula.tga
0 131.2421 -45.4035 926.5862 0.5540 0.8265 -0.1000 0.6611 0.7876
0 168.0985 -70.7109 927.3240 -0.5293 0.8074 -0.2608 0.6226 0.7876
0 186.9637 -93.3438 862.4792 -0.5010 0.7539 -0.4251 0.6221 0.8486
Sergiojaula.tga
0 186.9637 -93.3438 862.4792 -0.5010 0.7539 -0.4251 0.6221 0.8486
0 122.7347 -52.8015 861.3771 0.5286 0.8330 -0.1635 0.6802 0.8486
0 131.2421 -45.4035 926.5862 0.5540 0.8265 -0.1000 0.6611 0.7876
Sergiojaula.tga
0 168.0985 -70.7109 927.3240 -0.5293 0.8074 -0.2608 0.6226 0.7876
0 157.0417 -60.2761 1086.8599 0.8148 -0.0191 -0.5794 0.6230 0.6650
0 156.2233 -14.7942 926.0632 -0.9655 -0.2086 -0.1556 0.6611 0.7876
Sergiojaula.tga
0 186.9637 -93.3438 862.4792 -0.5010 0.7539 -0.4251 0.6221 0.8486
0 168.0985 -70.7109 927.3240 -0.5293 0.8074 -0.2608 0.6226 0.7876
0 156.2233 -14.7942 926.0632 -0.9655 -0.2086 -0.1556 0.6611 0.7876
Sergiojaula.tga
0 156.2233 -14.7942 926.0632 -0.9655 -0.2086 -0.1556 0.6611 0.7876
0 169.1514 -9.4689 860.5884 -0.9563 -0.2077 -0.2057 0.6802 0.8486
0 186.9637 -93.3438 862.4792 -0.5010 0.7539 -0.4251 0.6221 0.8486
Sergiojaula.tga
0 156.2233 -14.7942 926.0632 0.7738 -0.6322 -0.0399 0.5850 0.7861
0 157.0417 -60.2761 1086.8599 0.8148 -0.0191 -0.5794 0.6230 0.6650
0 131.2421 -45.4035 926.5862 0.7447 -0.6668 -0.0286 0.6226 0.7876
Sergiojaula.tga
0 169.1514 -9.4689 860.5884 0.7297 -0.6821 0.0478 0.5659 0.8462
0 156.2233 -14.7942 926.0632 0.7738 -0.6322 -0.0399 0.5850 0.7861
0 131.2421 -45.4035 926.5862 0.7447 -0.6668 -0.0286 0.6226 0.7876
Sergiojaula.tga
0 131.2421 -45.4035 926.5862 0.7447 -0.6668 -0.0286 0.6226 0.7876
0 122.7347 -52.8015 861.3771 0.6823 -0.7310 -0.0061 0.6221 0.8486
0 169.1514 -9.4689 860.5884 0.7297 -0.6821 0.0478 0.5659 0.8462
Sergiojaula.tga
0 -12.0527 -45.7558 959.0024 0.2084 0.6750 -0.7078 0.6230 0.6650
0 -29.9947 -50.3597 841.1176 0.9848 0.0815 -0.1531 0.6221 0.8486
0 6.3064 -22.8264 840.5104 0.6026 -0.7958 -0.0606 0.6802 0.8486
Sergiojaula.tga
0 -12.0527 -45.7558 959.0024 0.2084 0.6750 -0.7078 0.6230 0.6650
0 -1.4447 -65.2874 839.7388 0.4569 0.8834 -0.1040 0.6802 0.8486
0 -29.9947 -50.3597 841.1176 0.9848 0.0815 -0.1531 0.6221 0.8486
Sergiojaula.tga
0 -12.0527 -45.7558 959.0024 0.2084 0.6750 -0.7078 0.6230 0.6650
0 6.3064 -22.8264 840.5104 -0.9767 0.1804 -0.1164 0.6221 0.8486
0 -1.4447 -65.2874 839.7388 -0.9767 0.1804 -0.1164 0.5659 0.8462
Sergiojaula.tga
0 -158.2914 -45.6786 958.9061 0.0549 -0.4331 -0.8997 0.6230 0.6650
0 -142.8320 -58.5200 841.0112 -0.6848 0.7094 -0.1671 0.6221 0.8486
0 -183.0391 -44.0298 840.3020 0.3394 0.9389 -0.0578 0.6802 0.8486
Sergiojaula.tga
0 -158.2914 -45.6786 958.9061 0.0549 -0.4331 -0.8997 0.6230 0.6650
0 -154.9715 -21.1104 839.8105 -0.9464 -0.3100 -0.0903 0.6802 0.8486
0 -142.8320 -58.5200 841.0112 -0.6848 0.7094 -0.1671 0.6221 0.8486
Sergiojaula.tga
0 -158.2914 -45.6786 958.9061 0.0549 -0.4331 -0.8997 0.6230 0.6650
0 -183.0391 -44.0298 840.3020 0.6247 -0.7680 -0.1410 0.6221 0.8486
0 -154.9715 -21.1104 839.8105 0.6247 -0.7680 -0.1410 0.5659 0.8462
Sergiojaula.tga
0 -262.6692 -36.3655 904.9246 0.1988 -0.9774 -0.0722 0.6611 0.7876
0 -279.8598 -42.2303 1065.9890 -0.3255 -0.6364 -0.6993 0.6230 0.6650
0 -288.3492 -41.2581 905.7058 0.9406 -0.3066 -0.1458 0.6226 0.7876
Sergiojaula.tga
0 -262.6692 -36.3655 904.9246 0.1988 -0.9774 -0.0722 0.6611 0.7876
0 -288.3492 -41.2581 905.7058 0.9406 -0.3066 -0.1458 0.6226 0.7876
0 -304.1354 -38.4570 840.6216 0.9247 -0.2909 -0.2456 0.6221 0.8486
Sergiojaula.tga
0 -304.1354 -38.4570 840.6216 0.9247 -0.2909 -0.2456 0.6221 0.8486
0 -260.3538 -28.1293 839.4656 0.2253 -0.9676 -0.1138 0.6802 0.8486
0 -262.6692 -36.3655 904.9246 0.1988 -0.9774 -0.0722 0.6611 0.7876
Sergiojaula.tga
0 -288.3492 -41.2581 905.7058 0.9406 -0.3066 -0.1458 0.6226 0.7876
0 -279.8598 -42.2303 1065.9890 -0.3255 -0.6364 -0.6993 0.6230 0.6650
0 -267.0617 -63.8417 904.1510 0.7197 0.6858 -0.1076 0.6611 0.7876
Sergiojaula.tga
0 -304.1354 -38.4570 840.6216 0.9247 -0.2909 -0.2456 0.6221 0.8486
0 -288.3492 -41.2581 905.7058 0.9406 -0.3066 -0.1458 0.6226 0.7876
0 -267.0617 -63.8417 904.1510 0.7197 0.6858 -0.1076 0.6611 0.7876
Sergiojaula.tga
0 -267.0617 -63.8417 904.1510 0.7197 0.6858 -0.1076 0.6611 0.7876
0 -272.2046 -72.3317 838.2894 0.7151 0.6840 -0.1440 0.6802 0.8486
0 -304.1354 -38.4570 840.6216 0.9247 -0.2909 -0.2456 0.6221 0.8486
Sergiojaula.tga
0 -267.0617 -63.8417 904.1510 -0.9871 0.1584 -0.0211 0.5850 0.7861
0 -279.8598 -42.2303 1065.9890 -0.3255 -0.6364 -0.6993 0.6230 0.6650
0 -262.6692 -36.3655 904.9246 -0.9812 0.1922 -0.0146 0.6226 0.7876
Sergiojaula.tga
0 -272.2046 -72.3317 838.2894 -0.9778 0.2079 0.0277 0.5659 0.8462
0 -267.0617 -63.8417 904.1510 -0.9871 0.1584 -0.0211 0.5850 0.7861
0 -262.6692 -36.3655 904.9246 -0.9812 0.1922 -0.0146 0.6226 0.7876
Sergiojaula.tga
0 -262.6692 -36.3655 904.9246 -0.9812 0.1922 -0.0146 0.6226 0.7876
0 -260.3538 -28.1293 839.4656 -0.9659 0.2590 -0.0016 0.6221 0.8486
0 -272.2046 -72.3317 838.2894 -0.9778 0.2079 0.0277 0.5659 0.8462
Sergiojaula.tga
0 -399.9738 -51.5874 978.4201 0.3077 0.5438 -0.7808 0.6230 0.6650
0 -420.7484 -52.6784 844.5841 0.9842 -0.0909 -0.1520 0.6221 0.8486
0 -376.4960 -29.9565 843.8622 0.4550 -0.8882 -0.0634 0.6802 0.8486
Sergiojaula.tga
0 -399.9738 -51.5874 978.4201 0.3077 0.5438 -0.7808 0.6230 0.6650
0 -390.6412 -75.9064 842.9911 0.6044 0.7903 -0.1003 0.6802 0.8486
0 -420.7484 -52.6784 844.5841 0.9842 -0.0909 -0.1520 0.6221 0.8486
Sergiojaula.tga
0 -399.9738 -51.5874 978.4201 0.3077 0.5438 -0.7808 0.6230 0.6650
0 -376.4960 -29.9565 843.8622 -0.9484 0.2942 -0.1182 0.6221 0.8486
0 -390.6412 -75.9064 842.9911 -0.9484 0.2942 -0.1182 0.5659 0.8462
Sergiojaula.tga
0 -545.6617 -27.4492 921.9976 0.6958 0.7118 -0.0958 0.6611 0.7876
0 -524.5202 -45.6819 1065.2976 0.7816 -0.2604 -0.5668 0.6230 0.6650
0 -516.0143 -57.0382 922.6273 -0.3962 0.8770 -0.2719 0.6226 0.7876
Sergiojaula.tga
0 -545.6617 -27.4492 921.9976 0.6958 0.7118 -0.0958 0.6611 0.7876
0 -516.0143 -57.0382 922.6273 -0.3962 0.8770 -0.2719 0.6226 0.7876
0 -501.9464 -80.7167 864.6256 -0.3735 0.8164 -0.4404 0.6221 0.8486
Sergiojaula.tga
0 -501.9464 -80.7167 864.6256 -0.3735 0.8164 -0.4404 0.6221 0.8486
0 -554.0110 -32.2937 863.6923 0.6741 0.7218 -0.1565 0.6802 0.8486
0 -545.6617 -27.4492 921.9976 0.6958 0.7118 -0.0958 0.6611 0.7876
Sergiojaula.tga
0 -516.0143 -57.0382 922.6273 -0.3962 0.8770 -0.2719 0.6226 0.7876
0 -524.5202 -45.6819 1065.2976 0.7816 -0.2604 -0.5668 0.6230 0.6650
0 -520.2315 -5.3499 921.5110 -0.9847 -0.0837 -0.1529 0.6611 0.7876
Sergiojaula.tga
0 -501.9464 -80.7167 864.6256 -0.3735 0.8164 -0.4404 0.6221 0.8486
0 -516.0143 -57.0382 922.6273 -0.3962 0.8770 -0.2719 0.6226 0.7876
0 -520.2315 -5.3499 921.5110 -0.9847 -0.0837 -0.1529 0.6611 0.7876
Sergiojaula.tga
0 -520.2315 -5.3499 921.5110 -0.9847 -0.0837 -0.1529 0.6611 0.7876
0 -508.2746 -3.1823 862.9518 -0.9757 -0.0840 -0.2023 0.6802 0.8486
0 -501.9464 -80.7167 864.6256 -0.3735 0.8164 -0.4404 0.6221 0.8486
Sergiojaula.tga
0 -520.2315 -5.3499 921.5110 0.6549 -0.7545 -0.0423 0.5850 0.7861
0 -524.5202 -45.6819 1065.2976 0.7816 -0.2604 -0.5668 0.6230 0.6650
0 -545.6617 -27.4492 921.9976 0.6169 -0.7865 -0.0304 0.6226 0.7876
Sergiojaula.tga
0 -508.2746 -3.1823 862.9518 0.5978 -0.8001 0.0497 0.5659 0.8462
0 -520.2315 -5.3499 921.5110 0.6549 -0.7545 -0.0423 0.5850 0.7861
0 -545.6617 -27.4492 921.9976 0.6169 -0.7865 -0.0304 0.6226 0.7876
Sergiojaula.tga
0 -545.6617 -27.4492 921.9976 0.6169 -0.7865 -0.0304 0.6226 0.7876
0 -554.0110 -32.2937 863.6923 0.5369 -0.8436 -0.0068 0.6221 0.8486
0 -508.2746 -3.1823 862.9518 0.5978 -0.8001 0.0497 0.5659 0.8462
Sergiojaula.tga
0 521.2421 46.6458 665.6085 0.0237 -0.8673 -0.4972 0.6230 0.6650
0 504.0902 -26.0934 667.9747 0.4318 -0.0726 0.8991 0.6802 0.8486
0 530.3120 -25.8223 655.4039 -0.6240 -0.1850 0.7592 0.6221 0.8486
Sergiojaula.tga
0 521.2421 46.6458 665.6085 0.0237 -0.8673 -0.4972 0.6230 0.6650
0 530.3120 -25.8223 655.4039 -0.6240 -0.1850 0.7592 0.6221 0.8486
0 523.7334 -26.6875 680.9371 -0.9641 -0.0853 -0.2513 0.6802 0.8486
Sergiojaula.tga
0 521.2421 46.6458 665.6085 0.0237 -0.8673 -0.4972 0.6230 0.6650
0 523.7334 -26.6875 680.9371 0.5409 -0.1544 -0.8268 0.5659 0.8462
0 504.0902 -26.0934 667.9747 0.5409 -0.1544 -0.8268 0.6221 0.8486
Sergiojaula.tga
0 520.8048 47.2336 517.6036 -0.1038 -0.7692 -0.6305 0.6230 0.6650
0 504.4519 -25.5306 524.4753 0.6366 -0.0705 0.7680 0.6802 0.8486
0 528.0592 -25.2083 504.9376 -0.4550 -0.1974 0.8683 0.6221 0.8486
Sergiojaula.tga
0 520.8048 47.2336 517.6036 -0.1038 -0.7692 -0.6305 0.6230 0.6650
0 528.0592 -25.2083 504.9376 -0.4550 -0.1974 0.8683 0.6221 0.8486
0 525.7437 -26.1167 531.7095 -0.9925 -0.0839 -0.0887 0.6802 0.8486
Sergiojaula.tga
0 520.8048 47.2336 517.6036 -0.1038 -0.7692 -0.6305 0.6230 0.6650
0 525.7437 -26.1167 531.7095 0.3137 -0.1589 -0.9361 0.5659 0.8462
0 504.4519 -25.5306 524.4753 0.3137 -0.1589 -0.9361 0.6221 0.8486
Sergiojaula.tga
0 521.4370 47.8045 371.3516 0.0236 -0.8674 -0.4971 0.6230 0.6650
0 504.2856 -24.9351 373.7173 0.4318 -0.0726 0.8991 0.6802 0.8486
0 530.5070 -24.6630 361.1469 -0.6240 -0.1850 0.7592 0.6221 0.8486
Sergiojaula.tga
0 521.4370 47.8045 371.3516 0.0236 -0.8674 -0.4971 0.6230 0.6650
0 530.5070 -24.6630 361.1469 -0.6240 -0.1850 0.7592 0.6221 0.8486
0 523.9294 -25.5292 386.6796 -0.9641 -0.0853 -0.2513 0.6802 0.8486
Sergiojaula.tga
0 521.4370 47.8045 371.3516 0.0236 -0.8674 -0.4971 0.6230 0.6650
0 523.9294 -25.5292 386.6796 0.5409 -0.1544 -0.8268 0.5659 0.8462
0 504.2856 -24.9351 373.7173 0.5409 -0.1544 -0.8268 0.6221 0.8486
Sergiojaula.tga
0 600.0017 -65.0319 665.2213 -0.8328 0.2972 -0.4670 0.6230 0.6650
0 545.2944 -42.6485 667.9376 -0.0937 -0.3425 0.9348 0.6802 0.8486
0 545.3369 -77.3943 655.2103 -0.2774 0.6660 0.6925 0.6221 0.8486
Sergiojaula.tga
0 600.0017 -65.0319 665.2213 -0.8328 0.2972 -0.4670 0.6230 0.6650
0 545.3369 -77.3943 655.2103 -0.2774 0.6660 0.6925 0.6221 0.8486
0 544.7770 -68.7881 680.7848 -0.1533 0.9356 -0.3182 0.6802 0.8486
Sergiojaula.tga
0 600.0017 -65.0319 665.2213 -0.8328 0.2972 -0.4670 0.6230 0.6650
0 544.7770 -68.7881 680.7848 -0.2183 -0.4270 -0.8775 0.5659 0.8462
0 545.2944 -42.6485 667.9376 -0.2183 -0.4270 -0.8775 0.6221 0.8486
Sergiojaula.tga
0 600.1063 -63.7386 517.2197 -0.8345 0.3897 -0.3895 0.6230 0.6650
0 545.3868 -42.4374 524.4357 -0.0955 -0.5307 0.8422 0.6802 0.8486
0 545.4642 -73.6772 504.7582 -0.2782 0.5046 0.8173 0.6221 0.8486
Sergiojaula.tga
0 600.1063 -63.7386 517.2197 -0.8345 0.3897 -0.3895 0.6230 0.6650
0 545.4642 -73.6772 504.7582 -0.2782 0.5046 0.8173 0.6221 0.8486
0 544.8529 -70.7371 531.5464 -0.1532 0.9819 -0.1113 0.6802 0.8486
Sergiojaula.tga
0 600.1063 -63.7386 517.2197 -0.8345 0.3897 -0.3895 0.6230 0.6650
0 544.8529 -70.7371 531.5464 -0.2161 -0.2341 -0.9479 0.5659 0.8462
0 545.3868 -42.4374 524.4357 -0.2161 -0.2341 -0.9479 0.6221 0.8486
Sergiojaula.tga
0 600.1963 -63.8730 370.9642 -0.8329 0.2972 -0.4669 0.6230 0.6650
0 545.4896 -41.4901 373.6798 -0.0937 -0.3425 0.9348 0.6802 0.8486
0 545.5321 -76.2355 360.9534 -0.2774 0.6660 0.6925 0.6221 0.8486
Sergiojaula.tga
0 600.1963 -63.8730 370.9642 -0.8329 0.2972 -0.4669 0.6230 0.6650
0 545.5321 -76.2355 360.9534 -0.2774 0.6660 0.6925 0.6221 0.8486
0 544.9725 -67.6297 386.5273 -0.1533 0.9356 -0.3182 0.6802 0.8486
Sergiojaula.tga
0 600.1963 -63.8730 370.9642 -0.8329 0.2972 -0.4669 0.6230 0.6650
0 544.9725 -67.6297 386.5273 -0.2183 -0.4270 -0.8775 0.5659 0.8462
0 545.4896 -41.4901 373.6798 -0.2183 -0.4270 -0.8775 0.6221 0.8486
Sergiojaula.tga
0 154.5155 49.9016 665.3783 0.0237 -0.8673 -0.4972 0.6230 0.6650
0 137.3646 -22.8381 667.7448 0.4318 -0.0726 0.8991 0.6802 0.8486
0 163.5862 -22.5663 655.1737 -0.6240 -0.1850 0.7592 0.6221 0.8486
Sergiojaula.tga
0 154.5155 49.9016 665.3783 0.0237 -0.8673 -0.4972 0.6230 0.6650
0 163.5862 -22.5663 655.1737 -0.6240 -0.1850 0.7592 0.6221 0.8486
0 157.0078 -23.4324 680.7067 -0.9641 -0.0853 -0.2513 0.6802 0.8486
Sergiojaula.tga
0 154.5155 49.9016 665.3783 0.0237 -0.8673 -0.4972 0.6230 0.6650
0 157.0078 -23.4324 680.7067 0.5409 -0.1544 -0.8268 0.5659 0.8462
0 137.3646 -22.8381 667.7448 0.5409 -0.1544 -0.8268 0.6221 0.8486
Sergiojaula.tga
0 154.0787 50.4888 517.3740 -0.1038 -0.7692 -0.6305 0.6230 0.6650
0 137.7254 -22.2748 524.2451 0.6366 -0.0705 0.7680 0.6802 0.8486
0 161.3322 -21.9532 504.7074 -0.4550 -0.1974 0.8683 0.6221 0.8486
Sergiojaula.tga
0 154.0787 50.4888 517.3740 -0.1038 -0.7692 -0.6305 0.6230 0.6650
0 161.3322 -21.9532 504.7074 -0.4550 -0.1974 0.8683 0.6221 0.8486
0 159.0176 -22.8618 531.4796 -0.9925 -0.0839 -0.0887 0.6802 0.8486
Sergiojaula.tga
0 154.0787 50.4888 517.3740 -0.1038 -0.7692 -0.6305 0.6230 0.6650
0 159.0176 -22.8618 531.4796 0.3137 -0.1589 -0.9361 0.5659 0.8462
0 137.7254 -22.2748 524.2451 0.3137 -0.1589 -0.9361 0.6221 0.8486
Sergiojaula.tga
0 154.7104 51.0605 371.1216 0.0236 -0.8673 -0.4972 0.6230 0.6650
0 137.5594 -21.6792 373.4879 0.4318 -0.0726 0.8991 0.6802 0.8486
0 163.7817 -21.4082 360.9169 -0.6240 -0.1850 0.7592 0.6221 0.8486
Sergiojaula.tga
0 154.7104 51.0605 371.1216 0.0236 -0.8673 -0.4972 0.6230 0.6650
0 163.7817 -21.4082 360.9169 -0.6240 -0.1850 0.7592 0.6221 0.8486
0 157.2029 -22.2738 386.4498 -0.9641 -0.0853 -0.2513 0.6802 0.8486
Sergiojaula.tga
0 154.7104 51.0605 371.1216 0.0236 -0.8673 -0.4972 0.6230 0.6650
0 157.2029 -22.2738 386.4498 0.5409 -0.1544 -0.8268 0.5659 0.8462
0 137.5594 -21.6792 373.4879 0.5409 -0.1544 -0.8268 0.6221 0.8486
Sergiojaula.tga
0 -529.0370 55.9699 664.9502 -0.0385 -0.8667 -0.4973 0.6230 0.6650
0 -539.3795 -16.3266 654.7335 0.6197 -0.1960 0.7600 0.6221 0.8486
0 -513.1831 -17.0635 667.3373 -0.4341 -0.0649 0.8985 0.6802 0.8486
Sergiojaula.tga
0 -529.0370 55.9699 664.9502 -0.0385 -0.8667 -0.4973 0.6230 0.6650
0 -532.8492 -17.3088 680.2740 0.9628 -0.1024 -0.2501 0.6802 0.8486
0 -539.3795 -16.3266 654.7335 0.6197 -0.1960 0.7600 0.6221 0.8486
Sergiojaula.tga
0 -529.0370 55.9699 664.9502 -0.0385 -0.8667 -0.4973 0.6230 0.6650
0 -513.1831 -17.0635 667.3373 -0.5425 -0.1448 -0.8275 0.6221 0.8486
0 -532.8492 -17.3088 680.2740 -0.5425 -0.1448 -0.8275 0.5659 0.8462
Sergiojaula.tga
0 -528.4039 56.5475 516.9463 0.0908 -0.7709 -0.6304 0.6230 0.6650
0 -536.9266 -15.7545 504.2699 0.4503 -0.2054 0.8689 0.6221 0.8486
0 -513.3541 -16.4958 523.8370 -0.6387 -0.0592 0.7672 0.6802 0.8486
Sergiojaula.tga
0 -528.4039 56.5475 516.9463 0.0908 -0.7709 -0.6304 0.6230 0.6650
0 -534.6613 -16.7038 531.0449 0.9910 -0.1015 -0.0874 0.6802 0.8486
0 -536.9266 -15.7545 504.2699 0.4503 -0.2054 0.8689 0.6221 0.8486
Sergiojaula.tga
0 -528.4039 56.5475 516.9463 0.0908 -0.7709 -0.6304 0.6230 0.6650
0 -513.3541 -16.4958 523.8370 -0.3153 -0.1533 -0.9365 0.6221 0.8486
0 -534.6613 -16.7038 531.0449 -0.3153 -0.1533 -0.9365 0.5659 0.8462
Sergiojaula.tga
0 -528.8416 57.1280 370.6932 -0.0385 -0.8667 -0.4973 0.6230 0.6650
0 -539.1850 -15.1675 360.4759 0.6196 -0.1961 0.7600 0.6221 0.8486
0 -512.9878 -15.9044 373.0801 -0.4341 -0.0649 0.8985 0.6802 0.8486
Sergiojaula.tga
0 -528.8416 57.1280 370.6932 -0.0385 -0.8667 -0.4973 0.6230 0.6650
0 -532.6549 -16.1495 386.0173 0.9628 -0.1024 -0.2501 0.6802 0.8486
0 -539.1850 -15.1675 360.4759 0.6196 -0.1961 0.7600 0.6221 0.8486
Sergiojaula.tga
0 -528.8416 57.1280 370.6932 -0.0385 -0.8667 -0.4973 0.6230 0.6650
0 -512.9878 -15.9044 373.0801 -0.5425 -0.1448 -0.8275 0.6221 0.8486
0 -532.6549 -16.1495 386.0173 -0.5425 -0.1448 -0.8275 0.5659 0.8462
Sergiojaula.tga
0 -609.7657 -54.2929 664.4628 0.8386 0.2824 -0.4659 0.6230 0.6650
0 -555.3174 -67.6240 654.5209 0.2883 0.6610 0.6928 0.6221 0.8486
0 -554.6743 -32.8841 667.2472 0.0865 -0.3441 0.9349 0.6802 0.8486
Sergiojaula.tga
0 -609.7657 -54.2929 664.4628 0.8386 0.2824 -0.4659 0.6230 0.6650
0 -554.6362 -59.0294 680.0953 0.1703 0.9327 -0.3180 0.6802 0.8486
0 -555.3174 -67.6240 654.5209 0.2883 0.6610 0.6928 0.6221 0.8486
Sergiojaula.tga
0 -609.7657 -54.2929 664.4628 0.8386 0.2824 -0.4659 0.6230 0.6650
0 -554.6743 -32.8841 667.2472 0.2117 -0.4308 -0.8773 0.6221 0.8486
0 -554.6362 -59.0294 680.0953 0.2117 -0.4308 -0.8773 0.5659 0.8462
Sergiojaula.tga
0 -609.6614 -53.0000 516.4614 0.8418 0.3749 -0.3884 0.6230 0.6650
0 -555.1901 -63.9067 504.0684 0.2861 0.4996 0.8177 0.6221 0.8486
0 -554.5819 -32.6724 523.7462 0.0850 -0.5323 0.8423 0.6802 0.8486
Sergiojaula.tga
0 -609.6614 -53.0000 516.4614 0.8418 0.3749 -0.3884 0.6230 0.6650
0 -554.5594 -60.9781 530.8573 0.1708 0.9790 -0.1110 0.6802 0.8486
0 -555.1901 -63.9067 504.0684 0.2861 0.4996 0.8177 0.6221 0.8486
Sergiojaula.tga
0 -609.6614 -53.0000 516.4614 0.8418 0.3749 -0.3884 0.6230 0.6650
0 -554.5819 -32.6724 523.7462 0.2131 -0.2379 -0.9476 0.6221 0.8486
0 -554.5594 -60.9781 530.8573 0.2131 -0.2379 -0.9476 0.5659 0.8462
Sergiojaula.tga
0 -609.5710 -53.1342 370.2056 0.8386 0.2824 -0.4659 0.6230 0.6650
0 -555.1223 -66.4648 360.2637 0.2883 0.6609 0.6928 0.6221 0.8486
0 -554.4789 -31.7261 372.9903 0.0865 -0.3441 0.9349 0.6802 0.8486
Sergiojaula.tga
0 -609.5710 -53.1342 370.2056 0.8386 0.2824 -0.4659 0.6230 0.6650
0 -554.4410 -57.8703 385.8381 0.1703 0.9327 -0.3180 0.6802 0.8486
0 -555.1223 -66.4648 360.2637 0.2883 0.6609 0.6928 0.6221 0.8486
Sergiojaula.tga
0 -609.5710 -53.1342 370.2056 0.8386 0.2824 -0.4659 0.6230 0.6650
0 -554.4789 -31.7261 372.9903 0.2117 -0.4308 -0.8773 0.6221 0.8486
0 -554.4410 -57.8703 385.8381 0.2117 -0.4308 -0.8773 0.5659 0.8462
Sergiojaula.tga
0 152.6191 79.5305 555.6725 -0.4474 -0.8943 -0.0038 0.7070 0.8452
0 159.2571 76.2099 555.6638 -0.4474 -0.8943 -0.0038 0.7070 0.8301
0 159.1032 75.2966 787.7187 -0.4474 -0.8943 -0.0038 0.9834 0.8301
Sergiojaula.tga
0 159.1032 75.2966 787.7187 -0.4474 -0.8943 -0.0038 0.9834 0.8301
0 152.4651 78.6171 787.7271 -0.4474 -0.8943 -0.0038 0.9834 0.8452
0 152.6191 79.5305 555.6725 -0.4474 -0.8943 -0.0038 0.7070 0.8452
Sergiojaula.tga
0 152.6191 79.5305 555.6725 -0.4474 -0.8943 -0.0038 0.9834 0.8452
0 152.7188 80.1216 405.5374 -0.4474 -0.8943 -0.0038 0.7915 0.8452
0 159.3567 76.8013 405.5287 -0.4474 -0.8943 -0.0038 0.7915 0.8301
Sergiojaula.tga
0 159.3567 76.8013 405.5287 -0.4474 -0.8943 -0.0038 0.7915 0.8301
0 159.2571 76.2099 555.6638 -0.4474 -0.8943 -0.0038 0.9834 0.8301
0 152.6191 79.5305 555.6725 -0.4474 -0.8943 -0.0038 0.9834 0.8452
Sergiojaula.tga
0 141.8182 106.9036 529.6578 0.0478 0.1836 -0.9818 0.7529 0.6675
0 154.5350 65.6012 525.6795 0.7355 0.2269 0.6384 0.8110 0.6396
0 138.4022 102.9658 519.3120 0.3934 0.7033 0.5922 0.7524 0.6406
Sergiojaula.tga
0 138.4022 102.9658 519.3120 0.3934 0.7033 0.5922 0.7524 0.6406
0 132.8202 110.7722 525.8538 0.8302 0.2918 -0.4750 0.7397 0.6538
0 141.8182 106.9036 529.6578 0.0478 0.1836 -0.9818 0.7529 0.6675
Sergiojaula.tga
0 132.8202 110.7722 525.8538 0.8302 0.2918 -0.4750 0.7397 0.6538
0 139.5521 119.0720 530.8575 -0.3771 -0.6149 -0.6926 0.7344 0.6699
0 141.8182 106.9036 529.6578 0.0478 0.1836 -0.9818 0.7529 0.6675
Sergiojaula.tga
0 133.4521 121.4813 522.8780 0.6856 -0.7242 0.0738 0.7251 0.6548
0 139.5521 119.0720 530.8575 -0.3771 -0.6149 -0.6926 0.7344 0.6699
0 132.8202 110.7722 525.8538 0.8302 0.2918 -0.4750 0.7397 0.6538
Sergiojaula.tga
0 138.4022 102.9658 519.3120 0.3934 0.7033 0.5922 0.7524 0.6406
0 132.7525 110.2137 514.2548 0.7406 0.0919 0.6657 0.7354 0.6377
0 132.8202 110.7722 525.8538 0.8302 0.2918 -0.4750 0.7397 0.6538
Sergiojaula.tga
0 132.7525 110.2137 514.2548 0.7406 0.0919 0.6657 0.7354 0.6377
0 133.4521 121.4813 522.8780 0.6856 -0.7242 0.0738 0.7251 0.6548
0 132.8202 110.7722 525.8538 0.8302 0.2918 -0.4750 0.7397 0.6538
Sergiojaula.tga
0 141.8182 106.9036 529.6578 0.0478 0.1836 -0.9818 0.7529 0.6675
0 156.9864 68.8092 532.7580 0.3073 -0.2960 -0.9044 0.8105 0.6636
0 154.5350 65.6012 525.6795 0.7355 0.2269 0.6384 0.8110 0.6396
Sergiojaula.tga
0 160.2173 48.8476 537.2297 0.6786 0.4894 -0.5477 0.8359 0.6504
0 154.5350 65.6012 525.6795 0.7355 0.2269 0.6384 0.8110 0.6396
0 156.9864 68.8092 532.7580 0.3073 -0.2960 -0.9044 0.8105 0.6636
Sergiojaula.tga
0 156.9864 68.8092 532.7580 0.3073 -0.2960 -0.9044 0.8105 0.6636
0 168.4297 57.1194 539.5989 -0.7581 -0.1319 -0.6386 0.8384 0.6680
0 160.2173 48.8476 537.2297 0.6786 0.4894 -0.5477 0.8359 0.6504
Sergiojaula.tga
0 160.2173 48.8476 537.2297 0.6786 0.4894 -0.5477 0.8359 0.6504
0 160.7371 47.3192 523.6830 0.3959 0.5960 0.6986 0.8389 0.6348
0 154.5350 65.6012 525.6795 0.7355 0.2269 0.6384 0.8110 0.6396
Sergiojaula.tga
0 160.7371 47.3192 523.6830 0.3959 0.5960 0.6986 0.8389 0.6348
0 160.2173 48.8476 537.2297 0.6786 0.4894 -0.5477 0.8359 0.6504
0 165.1852 44.5397 528.4012 -0.5302 0.8479 -0.0022 0.8486 0.6445
Sergiojaula.tga
0 146.1254 108.8678 520.2016 -0.8288 -0.1652 0.5346 0.7529 0.6543
0 154.5350 65.6012 525.6795 0.7355 0.2269 0.6384 0.8110 0.6396
0 160.5657 70.3126 526.1553 -0.8374 -0.5227 0.1599 0.8115 0.6528
Sergiojaula.tga
0 169.2155 55.4104 525.2122 -0.6729 0.0088 0.7397 0.8359 0.6504
0 160.5657 70.3126 526.1553 -0.8374 -0.5227 0.1599 0.8115 0.6528
0 154.5350 65.6012 525.6795 0.7355 0.2269 0.6384 0.8110 0.6396
Sergiojaula.tga
0 169.2155 55.4104 525.2122 -0.6729 0.0088 0.7397 0.8359 0.6504
0 154.5350 65.6012 525.6795 0.7355 0.2269 0.6384 0.8110 0.6396
0 160.7371 47.3192 523.6830 0.3959 0.5960 0.6986 0.8389 0.6348
Sergiojaula.tga
0 160.7371 47.3192 523.6830 0.3959 0.5960 0.6986 0.8389 0.6348
0 165.1852 44.5397 528.4012 -0.5302 0.8479 -0.0022 0.8486 0.6445
0 169.2155 55.4104 525.2122 -0.6729 0.0088 0.7397 0.8359 0.6504
Sergiojaula.tga
0 146.1254 108.8678 520.2016 -0.8288 -0.1652 0.5346 0.7529 0.6543
0 138.4022 102.9658 519.3120 0.3934 0.7033 0.5922 0.7524 0.6406
0 154.5350 65.6012 525.6795 0.7355 0.2269 0.6384 0.8110 0.6396
Sergiojaula.tga
0 140.2226 117.2512 516.0526 -0.4790 -0.4406 0.7592 0.7397 0.6538
0 138.4022 102.9658 519.3120 0.3934 0.7033 0.5922 0.7524 0.6406
0 146.1254 108.8678 520.2016 -0.8288 -0.1652 0.5346 0.7529 0.6543
Sergiojaula.tga
0 140.2226 117.2512 516.0526 -0.4790 -0.4406 0.7592 0.7397 0.6538
0 132.7525 110.2137 514.2548 0.7406 0.0919 0.6657 0.7354 0.6377
0 138.4022 102.9658 519.3120 0.3934 0.7033 0.5922 0.7524 0.6406
Sergiojaula.tga
0 133.4521 121.4813 522.8780 0.6856 -0.7242 0.0738 0.7251 0.6548
0 132.7525 110.2137 514.2548 0.7406 0.0919 0.6657 0.7354 0.6377
0 140.2226 117.2512 516.0526 -0.4790 -0.4406 0.7592 0.7397 0.6538
Sergiojaula.tga
0 141.8182 106.9036 529.6578 0.0478 0.1836 -0.9818 0.7529 0.6675
0 160.5657 70.3126 526.1553 -0.8374 -0.5227 0.1599 0.8115 0.6528
0 156.9864 68.8092 532.7580 0.3073 -0.2960 -0.9044 0.8105 0.6636
Sergiojaula.tga
0 156.9864 68.8092 532.7580 0.3073 -0.2960 -0.9044 0.8105 0.6636
0 160.5657 70.3126 526.1553 -0.8374 -0.5227 0.1599 0.8115 0.6528
0 168.4297 57.1194 539.5989 -0.7581 -0.1319 -0.6386 0.8384 0.6680
Sergiojaula.tga
0 160.5657 70.3126 526.1553 -0.8374 -0.5227 0.1599 0.8115 0.6528
0 169.2155 55.4104 525.2122 -0.6729 0.0088 0.7397 0.8359 0.6504
0 168.4297 57.1194 539.5989 -0.7581 -0.1319 -0.6386 0.8384 0.6680
Sergiojaula.tga
0 141.8182 106.9036 529.6578 0.0478 0.1836 -0.9818 0.7529 0.6675
0 146.1254 108.8678 520.2016 -0.8288 -0.1652 0.5346 0.7529 0.6543
0 160.5657 70.3126 526.1553 -0.8374 -0.5227 0.1599 0.8115 0.6528
Sergiojaula.tga
0 146.1254 108.8678 520.2016 -0.8288 -0.1652 0.5346 0.7529 0.6543
0 141.8182 106.9036 529.6578 0.0478 0.1836 -0.9818 0.7529 0.6675
0 139.5521 119.0720 530.8575 -0.3771 -0.6149 -0.6926 0.7344 0.6699
Sergiojaula.tga
0 146.1254 108.8678 520.2016 -0.8288 -0.1652 0.5346 0.7529 0.6543
0 139.5521 119.0720 530.8575 -0.3771 -0.6149 -0.6926 0.7344 0.6699
0 140.2226 117.2512 516.0526 -0.4790 -0.4406 0.7592 0.7397 0.6538
Sergiojaula.tga
0 133.4521 121.4813 522.8780 0.6856 -0.7242 0.0738 0.7251 0.6548
0 140.2226 117.2512 516.0526 -0.4790 -0.4406 0.7592 0.7397 0.6538
0 139.5521 119.0720 530.8575 -0.3771 -0.6149 -0.6926 0.7344 0.6699
Sergiojaula.tga
0 160.2173 48.8476 537.2297 0.6786 0.4894 -0.5477 0.8359 0.6504
0 168.4297 57.1194 539.5989 -0.7581 -0.1319 -0.6386 0.8384 0.6680
0 165.1852 44.5397 528.4012 -0.5302 0.8479 -0.0022 0.8486 0.6445
Sergiojaula.tga
0 165.1852 44.5397 528.4012 -0.5302 0.8479 -0.0022 0.8486 0.6445
0 168.4297 57.1194 539.5989 -0.7581 -0.1319 -0.6386 0.8384 0.6680
0 169.2155 55.4104 525.2122 -0.6729 0.0088 0.7397 0.8359 0.6504
Sergiojaula.tga
0 173.6483 60.8817 578.9730 0.1935 -0.3293 -0.9242 0.7529 0.6675
0 151.7197 92.4430 566.4523 -0.7338 -0.3559 0.5787 0.8110 0.6396
0 176.9513 64.7133 568.5250 -0.1902 -0.7261 0.6608 0.7524 0.6406
Sergiojaula.tga
0 176.9513 64.7133 568.5250 -0.1902 -0.7261 0.6608 0.7524 0.6406
0 183.4326 61.0417 576.9252 -0.6000 -0.6200 -0.5056 0.7397 0.6538
0 173.6483 60.8817 578.9730 0.1935 -0.3293 -0.9242 0.7529 0.6675
Sergiojaula.tga
0 183.4326 61.0417 576.9252 -0.6000 -0.6200 -0.5056 0.7397 0.6538
0 178.7250 50.8862 582.5226 0.2156 0.6048 -0.7667 0.7344 0.6699
0 173.6483 60.8817 578.9730 0.1935 -0.3293 -0.9242 0.7529 0.6675
Sergiojaula.tga
0 185.8893 50.4531 575.8016 -0.8832 0.4541 -0.1174 0.7251 0.6548
0 178.7250 50.8862 582.5226 0.2156 0.6048 -0.7667 0.7344 0.6699
0 183.4326 61.0417 576.9252 -0.6000 -0.6200 -0.5056 0.7397 0.6538
Sergiojaula.tga
0 184.6099 60.0022 565.4618 -0.7626 -0.2455 0.5985 0.7354 0.6377
0 185.8893 50.4531 575.8016 -0.8832 0.4541 -0.1174 0.7251 0.6548
0 183.4326 61.0417 576.9252 -0.6000 -0.6200 -0.5056 0.7397 0.6538
Sergiojaula.tga
0 176.9513 64.7133 568.5250 -0.1902 -0.7261 0.6608 0.7524 0.6406
0 184.6099 60.0022 565.4618 -0.7626 -0.2455 0.5985 0.7354 0.6377
0 183.4326 61.0417 576.9252 -0.6000 -0.6200 -0.5056 0.7397 0.6538
Sergiojaula.tga
0 173.6483 60.8817 578.9730 0.1935 -0.3293 -0.9242 0.7529 0.6675
0 149.4835 89.2941 573.6777 -0.2647 0.0585 -0.9626 0.8105 0.6636
0 151.7197 92.4430 566.4523 -0.7338 -0.3559 0.5787 0.8110 0.6396
Sergiojaula.tga
0 140.9119 106.8004 574.2236 -0.3844 -0.7658 -0.5155 0.8359 0.6504
0 151.7197 92.4430 566.4523 -0.7338 -0.3559 0.5787 0.8110 0.6396
0 149.4835 89.2941 573.6777 -0.2647 0.0585 -0.9626 0.8105 0.6636
Sergiojaula.tga
0 149.4835 89.2941 573.6777 -0.2647 0.0585 -0.9626 0.8105 0.6636
0 135.1018 95.6108 577.0675 0.7453 0.2889 -0.6008 0.8384 0.6680
0 140.9119 106.8004 574.2236 -0.3844 -0.7658 -0.5155 0.8359 0.6504
Sergiojaula.tga
0 140.9119 106.8004 574.2236 -0.3844 -0.7658 -0.5155 0.8359 0.6504
0 141.5056 106.1110 560.6151 -0.2593 -0.6053 0.7526 0.8389 0.6348
0 151.7197 92.4430 566.4523 -0.7338 -0.3559 0.5787 0.8110 0.6396
Sergiojaula.tga
0 141.5056 106.1110 560.6151 -0.2593 -0.6053 0.7526 0.8389 0.6348
0 140.9119 106.8004 574.2236 -0.3844 -0.7658 -0.5155 0.8359 0.6504
0 136.1400 107.2207 564.2594 0.7714 -0.6087 0.1857 0.8486 0.6445
Sergiojaula.tga
0 171.1550 55.7391 569.5597 0.6525 0.4979 0.5713 0.7529 0.6543
0 151.7197 92.4430 566.4523 -0.7338 -0.3559 0.5787 0.8110 0.6396
0 147.2442 85.3115 567.0640 0.5771 0.8100 0.1038 0.8115 0.6528
Sergiojaula.tga
0 135.4913 94.8475 562.5732 0.5194 0.3043 0.7985 0.8359 0.6504
0 147.2442 85.3115 567.0640 0.5771 0.8100 0.1038 0.8115 0.6528
0 151.7197 92.4430 566.4523 -0.7338 -0.3559 0.5787 0.8110 0.6396
Sergiojaula.tga
0 135.4913 94.8475 562.5732 0.5194 0.3043 0.7985 0.8359 0.6504
0 151.7197 92.4430 566.4523 -0.7338 -0.3559 0.5787 0.8110 0.6396
0 141.5056 106.1110 560.6151 -0.2593 -0.6053 0.7526 0.8389 0.6348
Sergiojaula.tga
0 141.5056 106.1110 560.6151 -0.2593 -0.6053 0.7526 0.8389 0.6348
0 136.1400 107.2207 564.2594 0.7714 -0.6087 0.1857 0.8486 0.6445
0 135.4913 94.8475 562.5732 0.5194 0.3043 0.7985 0.8359 0.6504
Sergiojaula.tga
0 171.1550 55.7391 569.5597 0.6525 0.4979 0.5713 0.7529 0.6543
0 176.9513 64.7133 568.5250 -0.1902 -0.7261 0.6608 0.7524 0.6406
0 151.7197 92.4430 566.4523 -0.7338 -0.3559 0.5787 0.8110 0.6396
Sergiojaula.tga
0 179.2393 50.2231 567.6127 0.1454 0.6860 0.7129 0.7397 0.6538
0 176.9513 64.7133 568.5250 -0.1902 -0.7261 0.6608 0.7524 0.6406
0 171.1550 55.7391 569.5597 0.6525 0.4979 0.5713 0.7529 0.6543
Sergiojaula.tga
0 179.2393 50.2231 567.6127 0.1454 0.6860 0.7129 0.7397 0.6538
0 184.6099 60.0022 565.4618 -0.7626 -0.2455 0.5985 0.7354 0.6377
0 176.9513 64.7133 568.5250 -0.1902 -0.7261 0.6608 0.7524 0.6406
Sergiojaula.tga
0 185.8893 50.4531 575.8016 -0.8832 0.4541 -0.1174 0.7251 0.6548
0 184.6099 60.0022 565.4618 -0.7626 -0.2455 0.5985 0.7354 0.6377
0 179.2393 50.2231 567.6127 0.1454 0.6860 0.7129 0.7397 0.6538
Sergiojaula.tga
0 173.6483 60.8817 578.9730 0.1935 -0.3293 -0.9242 0.7529 0.6675
0 147.2442 85.3115 567.0640 0.5771 0.8100 0.1038 0.8115 0.6528
0 149.4835 89.2941 573.6777 -0.2647 0.0585 -0.9626 0.8105 0.6636
Sergiojaula.tga
0 149.4835 89.2941 573.6777 -0.2647 0.0585 -0.9626 0.8105 0.6636
0 147.2442 85.3115 567.0640 0.5771 0.8100 0.1038 0.8115 0.6528
0 135.1018 95.6108 577.0675 0.7453 0.2889 -0.6008 0.8384 0.6680
Sergiojaula.tga
0 147.2442 85.3115 567.0640 0.5771 0.8100 0.1038 0.8115 0.6528
0 135.4913 94.8475 562.5732 0.5194 0.3043 0.7985 0.8359 0.6504
0 135.1018 95.6108 577.0675 0.7453 0.2889 -0.6008 0.8384 0.6680
Sergiojaula.tga
0 173.6483 60.8817 578.9730 0.1935 -0.3293 -0.9242 0.7529 0.6675
0 171.1550 55.7391 569.5597 0.6525 0.4979 0.5713 0.7529 0.6543
0 147.2442 85.3115 567.0640 0.5771 0.8100 0.1038 0.8115 0.6528
Sergiojaula.tga
0 171.1550 55.7391 569.5597 0.6525 0.4979 0.5713 0.7529 0.6543
0 173.6483 60.8817 578.9730 0.1935 -0.3293 -0.9242 0.7529 0.6675
0 178.7250 50.8862 582.5226 0.2156 0.6048 -0.7667 0.7344 0.6699
Sergiojaula.tga
0 171.1550 55.7391 569.5597 0.6525 0.4979 0.5713 0.7529 0.6543
0 178.7250 50.8862 582.5226 0.2156 0.6048 -0.7667 0.7344 0.6699
0 179.2393 50.2231 567.6127 0.1454 0.6860 0.7129 0.7397 0.6538
Sergiojaula.tga
0 185.8893 50.4531 575.8016 -0.8832 0.4541 -0.1174 0.7251 0.6548
0 179.2393 50.2231 567.6127 0.1454 0.6860 0.7129 0.7397 0.6538
0 178.7250 50.8862 582.5226 0.2156 0.6048 -0.7667 0.7344 0.6699
Sergiojaula.tga
0 140.9119 106.8004 574.2236 -0.3844 -0.7658 -0.5155 0.8359 0.6504
0 135.1018 95.6108 577.0675 0.7453 0.2889 -0.6008 0.8384 0.6680
0 136.1400 107.2207 564.2594 0.7714 -0.6087 0.1857 0.8486 0.6445
Sergiojaula.tga
0 136.1400 107.2207 564.2594 0.7714 -0.6087 0.1857 0.8486 0.6445
0 135.1018 95.6108 577.0675 0.7453 0.2889 -0.6008 0.8384 0.6680
0 135.4913 94.8475 562.5732 0.5194 0.3043 0.7985 0.8359 0.6504
Sergiojaula.tga
0 518.6849 76.0751 607.9550 -0.4474 -0.8943 -0.0038 0.7070 0.8452
0 525.3223 72.7548 607.9468 -0.4474 -0.8943 -0.0038 0.7070 0.8301
0 525.2027 72.0460 787.9479 -0.4474 -0.8943 -0.0038 0.9834 0.8301
Sergiojaula.tga
0 525.2027 72.0460 787.9479 -0.4474 -0.8943 -0.0038 0.9834 0.8301
0 518.5649 75.3665 787.9567 -0.4474 -0.8943 -0.0038 0.9834 0.8452
0 518.6849 76.0751 607.9550 -0.4474 -0.8943 -0.0038 0.7070 0.8452
Sergiojaula.tga
0 518.6849 76.0751 607.9550 -0.4474 -0.8943 -0.0038 0.9834 0.8452
0 518.7837 76.6665 457.8197 -0.4474 -0.8943 -0.0038 0.7915 0.8452
0 525.4210 73.3464 457.8115 -0.4474 -0.8943 -0.0038 0.7915 0.8301
Sergiojaula.tga
0 525.4210 73.3464 457.8115 -0.4474 -0.8943 -0.0038 0.7915 0.8301
0 525.3223 72.7548 607.9468 -0.4474 -0.8943 -0.0038 0.9834 0.8301
0 518.6849 76.0751 607.9550 -0.4474 -0.8943 -0.0038 0.9834 0.8452
Sergiojaula.tga
0 507.8391 103.1882 647.9897 0.0479 0.1836 -0.9818 0.7529 0.6675
0 520.5565 61.8866 644.0112 0.7355 0.2269 0.6384 0.8110 0.6396
0 504.4233 99.2507 637.6434 0.3934 0.7033 0.5922 0.7524 0.6406
Sergiojaula.tga
0 504.4233 99.2507 637.6434 0.3934 0.7033 0.5922 0.7524 0.6406
0 498.8409 107.0570 644.1854 0.8302 0.2918 -0.4750 0.7397 0.6538
0 507.8391 103.1882 647.9897 0.0479 0.1836 -0.9818 0.7529 0.6675
Sergiojaula.tga
0 498.8409 107.0570 644.1854 0.8302 0.2918 -0.4750 0.7397 0.6538
0 505.5729 115.3565 649.1891 -0.3771 -0.6148 -0.6927 0.7344 0.6699
0 507.8391 103.1882 647.9897 0.0479 0.1836 -0.9818 0.7529 0.6675
Sergiojaula.tga
0 499.4724 117.7665 641.2098 0.6856 -0.7242 0.0738 0.7251 0.6548
0 505.5729 115.3565 649.1891 -0.3771 -0.6148 -0.6927 0.7344 0.6699
0 498.8409 107.0570 644.1854 0.8302 0.2918 -0.4750 0.7397 0.6538
Sergiojaula.tga
0 498.7731 106.4980 632.5867 0.7406 0.0920 0.6657 0.7354 0.6377
0 499.4724 117.7665 641.2098 0.6856 -0.7242 0.0738 0.7251 0.6548
0 498.8409 107.0570 644.1854 0.8302 0.2918 -0.4750 0.7397 0.6538
Sergiojaula.tga
0 504.4233 99.2507 637.6434 0.3934 0.7033 0.5922 0.7524 0.6406
0 498.7731 106.4980 632.5867 0.7406 0.0920 0.6657 0.7354 0.6377
0 498.8409 107.0570 644.1854 0.8302 0.2918 -0.4750 0.7397 0.6538
Sergiojaula.tga
0 507.8391 103.1882 647.9897 0.0479 0.1836 -0.9818 0.7529 0.6675
0 523.0073 65.0939 651.0900 0.3074 -0.2960 -0.9044 0.8105 0.6636
0 520.5565 61.8866 644.0112 0.7355 0.2269 0.6384 0.8110 0.6396
Sergiojaula.tga
0 526.2390 45.1320 655.5618 0.6786 0.4894 -0.5477 0.8359 0.6504
0 520.5565 61.8866 644.0112 0.7355 0.2269 0.6384 0.8110 0.6396
0 523.0073 65.0939 651.0900 0.3074 -0.2960 -0.9044 0.8105 0.6636
Sergiojaula.tga
0 523.0073 65.0939 651.0900 0.3074 -0.2960 -0.9044 0.8105 0.6636
0 534.4505 53.4039 657.9306 -0.7581 -0.1319 -0.6386 0.8384 0.6680
0 526.2390 45.1320 655.5618 0.6786 0.4894 -0.5477 0.8359 0.6504
Sergiojaula.tga
0 526.2390 45.1320 655.5618 0.6786 0.4894 -0.5477 0.8359 0.6504
0 526.7581 43.6047 642.0151 0.3959 0.5960 0.6986 0.8389 0.6348
0 520.5565 61.8866 644.0112 0.7355 0.2269 0.6384 0.8110 0.6396
Sergiojaula.tga
0 526.7581 43.6047 642.0151 0.3959 0.5960 0.6986 0.8389 0.6348
0 526.2390 45.1320 655.5618 0.6786 0.4894 -0.5477 0.8359 0.6504
0 531.2062 40.8246 646.7335 -0.5302 0.8479 -0.0022 0.8486 0.6445
Sergiojaula.tga
0 512.1472 105.1523 638.5334 -0.8288 -0.1653 0.5346 0.7529 0.6543
0 520.5565 61.8866 644.0112 0.7355 0.2269 0.6384 0.8110 0.6396
0 526.5867 66.5980 644.4869 -0.8374 -0.5227 0.1599 0.8115 0.6528
Sergiojaula.tga
0 535.2365 51.6954 643.5438 -0.6729 0.0088 0.7397 0.8359 0.6504
0 526.5867 66.5980 644.4869 -0.8374 -0.5227 0.1599 0.8115 0.6528
0 520.5565 61.8866 644.0112 0.7355 0.2269 0.6384 0.8110 0.6396
Sergiojaula.tga
0 535.2365 51.6954 643.5438 -0.6729 0.0088 0.7397 0.8359 0.6504
0 520.5565 61.8866 644.0112 0.7355 0.2269 0.6384 0.8110 0.6396
0 526.7581 43.6047 642.0151 0.3959 0.5960 0.6986 0.8389 0.6348
Sergiojaula.tga
0 526.7581 43.6047 642.0151 0.3959 0.5960 0.6986 0.8389 0.6348
0 531.2062 40.8246 646.7335 -0.5302 0.8479 -0.0022 0.8486 0.6445
0 535.2365 51.6954 643.5438 -0.6729 0.0088 0.7397 0.8359 0.6504
Sergiojaula.tga
0 512.1472 105.1523 638.5334 -0.8288 -0.1653 0.5346 0.7529 0.6543
0 504.4233 99.2507 637.6434 0.3934 0.7033 0.5922 0.7524 0.6406
0 520.5565 61.8866 644.0112 0.7355 0.2269 0.6384 0.8110 0.6396
Sergiojaula.tga
0 506.2435 113.5364 634.3846 -0.4790 -0.4406 0.7592 0.7397 0.6538
0 504.4233 99.2507 637.6434 0.3934 0.7033 0.5922 0.7524 0.6406
0 512.1472 105.1523 638.5334 -0.8288 -0.1653 0.5346 0.7529 0.6543
Sergiojaula.tga
0 506.2435 113.5364 634.3846 -0.4790 -0.4406 0.7592 0.7397 0.6538
0 498.7731 106.4980 632.5867 0.7406 0.0920 0.6657 0.7354 0.6377
0 504.4233 99.2507 637.6434 0.3934 0.7033 0.5922 0.7524 0.6406
Sergiojaula.tga
0 499.4724 117.7665 641.2098 0.6856 -0.7242 0.0738 0.7251 0.6548
0 498.7731 106.4980 632.5867 0.7406 0.0920 0.6657 0.7354 0.6377
0 506.2435 113.5364 634.3846 -0.4790 -0.4406 0.7592 0.7397 0.6538
Sergiojaula.tga
0 507.8391 103.1882 647.9897 0.0479 0.1836 -0.9818 0.7529 0.6675
0 526.5867 66.5980 644.4869 -0.8374 -0.5227 0.1599 0.8115 0.6528
0 523.0073 65.0939 651.0900 0.3074 -0.2960 -0.9044 0.8105 0.6636
Sergiojaula.tga
0 523.0073 65.0939 651.0900 0.3074 -0.2960 -0.9044 0.8105 0.6636
0 526.5867 66.5980 644.4869 -0.8374 -0.5227 0.1599 0.8115 0.6528
0 534.4505 53.4039 657.9306 -0.7581 -0.1319 -0.6386 0.8384 0.6680
Sergiojaula.tga
0 526.5867 66.5980 644.4869 -0.8374 -0.5227 0.1599 0.8115 0.6528
0 535.2365 51.6954 643.5438 -0.6729 0.0088 0.7397 0.8359 0.6504
0 534.4505 53.4039 657.9306 -0.7581 -0.1319 -0.6386 0.8384 0.6680
Sergiojaula.tga
0 507.8391 103.1882 647.9897 0.0479 0.1836 -0.9818 0.7529 0.6675
0 512.1472 105.1523 638.5334 -0.8288 -0.1653 0.5346 0.7529 0.6543
0 526.5867 66.5980 644.4869 -0.8374 -0.5227 0.1599 0.8115 0.6528
Sergiojaula.tga
0 512.1472 105.1523 638.5334 -0.8288 -0.1653 0.5346 0.7529 0.6543
0 507.8391 103.1882 647.9897 0.0479 0.1836 -0.9818 0.7529 0.6675
0 505.5729 115.3565 649.1891 -0.3771 -0.6148 -0.6927 0.7344 0.6699
Sergiojaula.tga
0 512.1472 105.1523 638.5334 -0.8288 -0.1653 0.5346 0.7529 0.6543
0 505.5729 115.3565 649.1891 -0.3771 -0.6148 -0.6927 0.7344 0.6699
0 506.2435 113.5364 634.3846 -0.4790 -0.4406 0.7592 0.7397 0.6538
Sergiojaula.tga
0 499.4724 117.7665 641.2098 0.6856 -0.7242 0.0738 0.7251 0.6548
0 506.2435 113.5364 634.3846 -0.4790 -0.4406 0.7592 0.7397 0.6538
0 505.5729 115.3565 649.1891 -0.3771 -0.6148 -0.6927 0.7344 0.6699
Sergiojaula.tga
0 526.2390 45.1320 655.5618 0.6786 0.4894 -0.5477 0.8359 0.6504
0 534.4505 53.4039 657.9306 -0.7581 -0.1319 -0.6386 0.8384 0.6680
0 531.2062 40.8246 646.7335 -0.5302 0.8479 -0.0022 0.8486 0.6445
Sergiojaula.tga
0 531.2062 40.8246 646.7335 -0.5302 0.8479 -0.0022 0.8486 0.6445
0 534.4505 53.4039 657.9306 -0.7581 -0.1319 -0.6386 0.8384 0.6680
0 535.2365 51.6954 643.5438 -0.6729 0.0088 0.7397 0.8359 0.6504
Sergiojaula.tga
0 539.6690 57.1666 697.3041 0.1936 -0.3293 -0.9242 0.7529 0.6675
0 517.7405 88.7285 684.7842 -0.7338 -0.3559 0.5786 0.8110 0.6396
0 542.9725 60.9983 686.8567 -0.1902 -0.7261 0.6608 0.7524 0.6406
Sergiojaula.tga
0 542.9725 60.9983 686.8567 -0.1902 -0.7261 0.6608 0.7524 0.6406
0 549.4536 57.3263 695.2575 -0.6000 -0.6200 -0.5056 0.7397 0.6538
0 539.6690 57.1666 697.3041 0.1936 -0.3293 -0.9242 0.7529 0.6675
Sergiojaula.tga
0 549.4536 57.3263 695.2575 -0.6000 -0.6200 -0.5056 0.7397 0.6538
0 544.7461 47.1714 700.8546 0.2156 0.6048 -0.7666 0.7344 0.6699
0 539.6690 57.1666 697.3041 0.1936 -0.3293 -0.9242 0.7529 0.6675
Sergiojaula.tga
0 551.9109 46.7378 694.1338 -0.8831 0.4542 -0.1174 0.7251 0.6548
0 544.7461 47.1714 700.8546 0.2156 0.6048 -0.7666 0.7344 0.6699
0 549.4536 57.3263 695.2575 -0.6000 -0.6200 -0.5056 0.7397 0.6538
Sergiojaula.tga
0 542.9725 60.9983 686.8567 -0.1902 -0.7261 0.6608 0.7524 0.6406
0 550.6313 56.2869 683.7932 -0.7626 -0.2455 0.5985 0.7354 0.6377
0 549.4536 57.3263 695.2575 -0.6000 -0.6200 -0.5056 0.7397 0.6538
Sergiojaula.tga
0 550.6313 56.2869 683.7932 -0.7626 -0.2455 0.5985 0.7354 0.6377
0 551.9109 46.7378 694.1338 -0.8831 0.4542 -0.1174 0.7251 0.6548
0 549.4536 57.3263 695.2575 -0.6000 -0.6200 -0.5056 0.7397 0.6538
Sergiojaula.tga
0 539.6690 57.1666 697.3041 0.1936 -0.3293 -0.9242 0.7529 0.6675
0 515.5040 85.5789 692.0098 -0.2647 0.0586 -0.9626 0.8105 0.6636
0 517.7405 88.7285 684.7842 -0.7338 -0.3559 0.5786 0.8110 0.6396
Sergiojaula.tga
0 506.9324 103.0859 692.5553 -0.3843 -0.7658 -0.5155 0.8359 0.6504
0 517.7405 88.7285 684.7842 -0.7338 -0.3559 0.5786 0.8110 0.6396
0 515.5040 85.5789 692.0098 -0.2647 0.0586 -0.9626 0.8105 0.6636
Sergiojaula.tga
0 515.5040 85.5789 692.0098 -0.2647 0.0586 -0.9626 0.8105 0.6636
0 501.1227 91.8958 695.3986 0.7454 0.2890 -0.6008 0.8384 0.6680
0 506.9324 103.0859 692.5553 -0.3843 -0.7658 -0.5155 0.8359 0.6504
Sergiojaula.tga
0 506.9324 103.0859 692.5553 -0.3843 -0.7658 -0.5155 0.8359 0.6504
0 507.5265 102.3959 678.9468 -0.2593 -0.6053 0.7526 0.8389 0.6348
0 517.7405 88.7285 684.7842 -0.7338 -0.3559 0.5786 0.8110 0.6396
Sergiojaula.tga
0 507.5265 102.3959 678.9468 -0.2593 -0.6053 0.7526 0.8389 0.6348
0 506.9324 103.0859 692.5553 -0.3843 -0.7658 -0.5155 0.8359 0.6504
0 502.1612 103.5052 682.5909 0.7714 -0.6086 0.1858 0.8486 0.6445
Sergiojaula.tga
0 537.1765 52.0244 687.8916 0.6524 0.4979 0.5713 0.7529 0.6543
0 517.7405 88.7285 684.7842 -0.7338 -0.3559 0.5786 0.8110 0.6396
0 513.2650 81.5966 685.3959 0.5771 0.8100 0.1038 0.8115 0.6528
Sergiojaula.tga
0 501.5131 91.1319 680.9050 0.5194 0.3043 0.7985 0.8359 0.6504
0 513.2650 81.5966 685.3959 0.5771 0.8100 0.1038 0.8115 0.6528
0 517.7405 88.7285 684.7842 -0.7338 -0.3559 0.5786 0.8110 0.6396
Sergiojaula.tga
0 501.5131 91.1319 680.9050 0.5194 0.3043 0.7985 0.8359 0.6504
0 517.7405 88.7285 684.7842 -0.7338 -0.3559 0.5786 0.8110 0.6396
0 507.5265 102.3959 678.9468 -0.2593 -0.6053 0.7526 0.8389 0.6348
Sergiojaula.tga
0 507.5265 102.3959 678.9468 -0.2593 -0.6053 0.7526 0.8389 0.6348
0 502.1612 103.5052 682.5909 0.7714 -0.6086 0.1858 0.8486 0.6445
0 501.5131 91.1319 680.9050 0.5194 0.3043 0.7985 0.8359 0.6504
Sergiojaula.tga
0 537.1765 52.0244 687.8916 0.6524 0.4979 0.5713 0.7529 0.6543
0 542.9725 60.9983 686.8567 -0.1902 -0.7261 0.6608 0.7524 0.6406
0 517.7405 88.7285 684.7842 -0.7338 -0.3559 0.5786 0.8110 0.6396
Sergiojaula.tga
0 545.2606 46.5084 685.9453 0.1454 0.6860 0.7129 0.7397 0.6538
0 542.9725 60.9983 686.8567 -0.1902 -0.7261 0.6608 0.7524 0.6406
0 537.1765 52.0244 687.8916 0.6524 0.4979 0.5713 0.7529 0.6543
Sergiojaula.tga
0 545.2606 46.5084 685.9453 0.1454 0.6860 0.7129 0.7397 0.6538
0 550.6313 56.2869 683.7932 -0.7626 -0.2455 0.5985 0.7354 0.6377
0 542.9725 60.9983 686.8567 -0.1902 -0.7261 0.6608 0.7524 0.6406
Sergiojaula.tga
0 551.9109 46.7378 694.1338 -0.8831 0.4542 -0.1174 0.7251 0.6548
0 550.6313 56.2869 683.7932 -0.7626 -0.2455 0.5985 0.7354 0.6377
0 545.2606 46.5084 685.9453 0.1454 0.6860 0.7129 0.7397 0.6538
Sergiojaula.tga
0 539.6690 57.1666 697.3041 0.1936 -0.3293 -0.9242 0.7529 0.6675
0 513.2650 81.5966 685.3959 0.5771 0.8100 0.1038 0.8115 0.6528
0 515.5040 85.5789 692.0098 -0.2647 0.0586 -0.9626 0.8105 0.6636
Sergiojaula.tga
0 515.5040 85.5789 692.0098 -0.2647 0.0586 -0.9626 0.8105 0.6636
0 513.2650 81.5966 685.3959 0.5771 0.8100 0.1038 0.8115 0.6528
0 501.1227 91.8958 695.3986 0.7454 0.2890 -0.6008 0.8384 0.6680
Sergiojaula.tga
0 513.2650 81.5966 685.3959 0.5771 0.8100 0.1038 0.8115 0.6528
0 501.5131 91.1319 680.9050 0.5194 0.3043 0.7985 0.8359 0.6504
0 501.1227 91.8958 695.3986 0.7454 0.2890 -0.6008 0.8384 0.6680
Sergiojaula.tga
0 539.6690 57.1666 697.3041 0.1936 -0.3293 -0.9242 0.7529 0.6675
0 537.1765 52.0244 687.8916 0.6524 0.4979 0.5713 0.7529 0.6543
0 513.2650 81.5966 685.3959 0.5771 0.8100 0.1038 0.8115 0.6528
Sergiojaula.tga
0 537.1765 52.0244 687.8916 0.6524 0.4979 0.5713 0.7529 0.6543
0 539.6690 57.1666 697.3041 0.1936 -0.3293 -0.9242 0.7529 0.6675
0 544.7461 47.1714 700.8546 0.2156 0.6048 -0.7666 0.7344 0.6699
Sergiojaula.tga
0 537.1765 52.0244 687.8916 0.6524 0.4979 0.5713 0.7529 0.6543
0 544.7461 47.1714 700.8546 0.2156 0.6048 -0.7666 0.7344 0.6699
0 545.2606 46.5084 685.9453 0.1454 0.6860 0.7129 0.7397 0.6538
Sergiojaula.tga
0 551.9109 46.7378 694.1338 -0.8831 0.4542 -0.1174 0.7251 0.6548
0 545.2606 46.5084 685.9453 0.1454 0.6860 0.7129 0.7397 0.6538
0 544.7461 47.1714 700.8546 0.2156 0.6048 -0.7666 0.7344 0.6699
Sergiojaula.tga
0 506.9324 103.0859 692.5553 -0.3843 -0.7658 -0.5155 0.8359 0.6504
0 501.1227 91.8958 695.3986 0.7454 0.2890 -0.6008 0.8384 0.6680
0 502.1612 103.5052 682.5909 0.7714 -0.6086 0.1858 0.8486 0.6445
Sergiojaula.tga
0 502.1612 103.5052 682.5909 0.7714 -0.6086 0.1858 0.8486 0.6445
0 501.1227 91.8958 695.3986 0.7454 0.2890 -0.6008 0.8384 0.6680
0 501.5131 91.1319 680.9050 0.5194 0.3043 0.7985 0.8359 0.6504
Sergiojaula.tga
0 -531.4363 81.7516 529.0949 -0.0089 -1.0000 -0.0039 0.7070 0.8452
0 -524.3314 81.6888 529.0993 -0.0088 -1.0000 -0.0039 0.7070 0.8301
0 -524.4859 80.7752 761.1536 -0.0089 -1.0000 -0.0039 0.9834 0.8301
Sergiojaula.tga
0 -524.4859 80.7752 761.1536 -0.0089 -1.0000 -0.0039 0.9834 0.8301
0 -531.5909 80.8382 761.1500 -0.0089 -1.0000 -0.0039 0.9834 0.8452
0 -531.4363 81.7516 529.0949 -0.0089 -1.0000 -0.0039 0.7070 0.8452
Sergiojaula.tga
0 -531.4363 81.7516 529.0949 -0.0089 -1.0000 -0.0039 0.9834 0.8452
0 -531.3187 82.4584 349.7294 -0.0089 -1.0000 -0.0039 0.7915 0.8452
0 -524.2126 82.3951 349.7344 -0.0089 -1.0000 -0.0039 0.7915 0.8301
Sergiojaula.tga
0 -524.2126 82.3951 349.7344 -0.0089 -1.0000 -0.0039 0.7915 0.8301
0 -524.3314 81.6888 529.0993 -0.0088 -1.0000 -0.0039 0.9834 0.8301
0 -531.4363 81.7516 529.0949 -0.0089 -1.0000 -0.0039 0.9834 0.8452
Sergiojaula.tga
0 -548.6941 102.4283 503.0500 -0.0389 0.1828 -0.9824 0.7529 0.6675
0 -525.9741 69.5842 499.1110 0.6373 0.4419 0.6313 0.8110 0.6396
0 -550.8674 97.1716 492.6995 0.0829 0.8185 0.5684 0.7524 0.6406
Sergiojaula.tga
0 -550.8674 97.1716 492.6995 0.0829 0.8185 0.5684 0.7524 0.6406
0 -558.1566 101.9218 499.2281 0.6803 0.5385 -0.4972 0.7397 0.6538
0 -548.6941 102.4283 503.0500 -0.0389 0.1828 -0.9824 0.7529 0.6675
Sergiojaula.tga
0 -558.1566 101.9218 499.2281 0.6803 0.5385 -0.4972 0.7397 0.6538
0 -553.9950 112.7853 504.2396 -0.1051 -0.7167 -0.6894 0.7344 0.6699
0 -548.6941 102.4283 503.0500 -0.0389 0.1828 -0.9824 0.7529 0.6675
Sergiojaula.tga
0 -560.3494 112.2415 496.2483 0.8817 -0.4678 0.0611 0.7251 0.6548
0 -553.9950 112.7853 504.2396 -0.1051 -0.7167 -0.6894 0.7344 0.6699
0 -558.1566 101.9218 499.2281 0.6803 0.5385 -0.4972 0.7397 0.6538
Sergiojaula.tga
0 -550.8674 97.1716 492.6995 0.0829 0.8185 0.5684 0.7524 0.6406
0 -558.0622 101.3663 487.6290 0.6811 0.3288 0.6542 0.7354 0.6377
0 -558.1566 101.9218 499.2281 0.6803 0.5385 -0.4972 0.7397 0.6538
Sergiojaula.tga
0 -558.0622 101.3663 487.6290 0.6811 0.3288 0.6542 0.7354 0.6377
0 -560.3494 112.2415 496.2483 0.8817 -0.4678 0.0611 0.7251 0.6548
0 -558.1566 101.9218 499.2281 0.6803 0.5385 -0.4972 0.7397 0.6538
Sergiojaula.tga
0 -548.6941 102.4283 503.0500 -0.0389 0.1828 -0.9824 0.7529 0.6675
0 -524.5135 73.7139 506.1931 0.4128 -0.1993 -0.8888 0.8105 0.6636
0 -525.9741 69.5842 499.1110 0.6373 0.4419 0.6313 0.8110 0.6396
Sergiojaula.tga
0 -516.2804 56.5024 510.6783 0.4699 0.6848 -0.5570 0.8359 0.6504
0 -525.9741 69.5842 499.1110 0.6373 0.4419 0.6313 0.8110 0.6396
0 -524.5135 73.7139 506.1931 0.4128 -0.1993 -0.8888 0.8105 0.6636
Sergiojaula.tga
0 -524.5135 73.7139 506.1931 0.4128 -0.1993 -0.8888 0.8105 0.6636
0 -510.7178 68.0195 513.0593 -0.6607 -0.3787 -0.6482 0.8384 0.6680
0 -516.2804 56.5024 510.6783 0.4699 0.6848 -0.5570 0.8359 0.6504
Sergiojaula.tga
0 -516.2804 56.5024 510.6783 0.4699 0.6848 -0.5570 0.8359 0.6504
0 -515.3794 55.3093 497.1334 0.1398 0.7112 0.6889 0.8389 0.6348
0 -525.9741 69.5842 499.1110 0.6373 0.4419 0.6313 0.8110 0.6396
Sergiojaula.tga
0 -515.3794 55.3093 497.1334 0.1398 0.7112 0.6889 0.8389 0.6348
0 -516.2804 56.5024 510.6783 0.4699 0.6848 -0.5570 0.8359 0.6504
0 -510.4788 54.7479 501.8615 -0.7821 0.6232 -0.0004 0.8486 0.6445
Sergiojaula.tga
0 -545.1468 106.2448 493.6004 -0.7450 -0.4134 0.5234 0.7529 0.6543
0 -525.9741 69.5842 499.1110 0.6373 0.4419 0.6313 0.8110 0.6396
0 -521.5341 76.7650 499.5959 -0.6029 -0.7857 0.1384 0.8115 0.6528
Sergiojaula.tga
0 -509.5186 66.7789 498.6740 -0.6427 -0.1928 0.7415 0.8359 0.6504
0 -521.5341 76.7650 499.5959 -0.6029 -0.7857 0.1384 0.8115 0.6528
0 -525.9741 69.5842 499.1110 0.6373 0.4419 0.6313 0.8110 0.6396
Sergiojaula.tga
0 -509.5186 66.7789 498.6740 -0.6427 -0.1928 0.7415 0.8359 0.6504
0 -525.9741 69.5842 499.1110 0.6373 0.4419 0.6313 0.8110 0.6396
0 -515.3794 55.3093 497.1334 0.1398 0.7112 0.6889 0.8389 0.6348
Sergiojaula.tga
0 -515.3794 55.3093 497.1334 0.1398 0.7112 0.6889 0.8389 0.6348
0 -510.4788 54.7479 501.8615 -0.7821 0.6232 -0.0004 0.8486 0.6445
0 -509.5186 66.7789 498.6740 -0.6427 -0.1928 0.7415 0.8359 0.6504
Sergiojaula.tga
0 -545.1468 106.2448 493.6004 -0.7450 -0.4134 0.5234 0.7529 0.6543
0 -550.8674 97.1716 492.6995 0.0829 0.8185 0.5684 0.7524 0.6406
0 -525.9741 69.5842 499.1110 0.6373 0.4419 0.6313 0.8110 0.6396
Sergiojaula.tga
0 -552.8751 111.3871 489.4377 -0.2749 -0.5851 0.7630 0.7397 0.6538
0 -550.8674 97.1716 492.6995 0.0829 0.8185 0.5684 0.7524 0.6406
0 -545.1468 106.2448 493.6004 -0.7450 -0.4134 0.5234 0.7529 0.6543
Sergiojaula.tga
0 -552.8751 111.3871 489.4377 -0.2749 -0.5851 0.7630 0.7397 0.6538
0 -558.0622 101.3663 487.6290 0.6811 0.3288 0.6542 0.7354 0.6377
0 -550.8674 97.1716 492.6995 0.0829 0.8185 0.5684 0.7524 0.6406
Sergiojaula.tga
0 -560.3494 112.2415 496.2483 0.8817 -0.4678 0.0611 0.7251 0.6548
0 -558.0622 101.3663 487.6290 0.6811 0.3288 0.6542 0.7354 0.6377
0 -552.8751 111.3871 489.4377 -0.2749 -0.5851 0.7630 0.7397 0.6538
Sergiojaula.tga
0 -548.6941 102.4283 503.0500 -0.0389 0.1828 -0.9824 0.7529 0.6675
0 -521.5341 76.7650 499.5959 -0.6029 -0.7857 0.1384 0.8115 0.6528
0 -524.5135 73.7139 506.1931 0.4128 -0.1993 -0.8888 0.8105 0.6636
Sergiojaula.tga
0 -524.5135 73.7139 506.1931 0.4128 -0.1993 -0.8888 0.8105 0.6636
0 -521.5341 76.7650 499.5959 -0.6029 -0.7857 0.1384 0.8115 0.6528
0 -510.7178 68.0195 513.0593 -0.6607 -0.3787 -0.6482 0.8384 0.6680
Sergiojaula.tga
0 -521.5341 76.7650 499.5959 -0.6029 -0.7857 0.1384 0.8115 0.6528
0 -509.5186 66.7789 498.6740 -0.6427 -0.1928 0.7415 0.8359 0.6504
0 -510.7178 68.0195 513.0593 -0.6607 -0.3787 -0.6482 0.8384 0.6680
Sergiojaula.tga
0 -548.6941 102.4283 503.0500 -0.0389 0.1828 -0.9824 0.7529 0.6675
0 -545.1468 106.2448 493.6004 -0.7450 -0.4134 0.5234 0.7529 0.6543
0 -521.5341 76.7650 499.5959 -0.6029 -0.7857 0.1384 0.8115 0.6528
Sergiojaula.tga
0 -545.1468 106.2448 493.6004 -0.7450 -0.4134 0.5234 0.7529 0.6543
0 -548.6941 102.4283 503.0500 -0.0389 0.1828 -0.9824 0.7529 0.6675
0 -553.9950 112.7853 504.2396 -0.1051 -0.7167 -0.6894 0.7344 0.6699
Sergiojaula.tga
0 -545.1468 106.2448 493.6004 -0.7450 -0.4134 0.5234 0.7529 0.6543
0 -553.9950 112.7853 504.2396 -0.1051 -0.7167 -0.6894 0.7344 0.6699
0 -552.8751 111.3871 489.4377 -0.2749 -0.5851 0.7630 0.7397 0.6538
Sergiojaula.tga
0 -560.3494 112.2415 496.2483 0.8817 -0.4678 0.0611 0.7251 0.6548
0 -552.8751 111.3871 489.4377 -0.2749 -0.5851 0.7630 0.7397 0.6538
0 -553.9950 112.7853 504.2396 -0.1051 -0.7167 -0.6894 0.7344 0.6699
Sergiojaula.tga
0 -516.2804 56.5024 510.6783 0.4699 0.6848 -0.5570 0.8359 0.6504
0 -510.7178 68.0195 513.0593 -0.6607 -0.3787 -0.6482 0.8384 0.6680
0 -510.4788 54.7479 501.8615 -0.7821 0.6232 -0.0004 0.8486 0.6445
Sergiojaula.tga
0 -510.4788 54.7479 501.8615 -0.7821 0.6232 -0.0004 0.8486 0.6445
0 -510.7178 68.0195 513.0593 -0.6607 -0.3787 -0.6482 0.8384 0.6680
0 -509.5186 66.7789 498.6740 -0.6427 -0.1928 0.7415 0.8359 0.6504
Sergiojaula.tga
0 -506.8342 73.9395 552.4403 0.3294 -0.2338 -0.9148 0.7529 0.6675
0 -535.6571 93.4330 539.8676 -0.5704 -0.5955 0.5657 0.8110 0.6396
0 -504.7167 79.0455 541.9970 0.1399 -0.7494 0.6472 0.7524 0.6406
Sergiojaula.tga
0 -504.7167 79.0455 541.9970 0.1399 -0.7494 0.6472 0.7524 0.6406
0 -497.6766 78.5815 550.4104 -0.3104 -0.7882 -0.5314 0.7397 0.6538
0 -506.8342 73.9395 552.4403 0.3294 -0.2338 -0.9148 0.7529 0.6675
Sergiojaula.tga
0 -497.6766 78.5815 550.4104 -0.3104 -0.7882 -0.5314 0.7397 0.6538
0 -499.4625 66.9099 556.0032 -0.0505 0.6332 -0.7724 0.7344 0.6699
0 -506.8342 73.9395 552.4403 0.3294 -0.2338 -0.9148 0.7529 0.6675
Sergiojaula.tga
0 -492.6066 69.7924 549.2952 -0.9796 0.1527 -0.1306 0.7251 0.6548
0 -499.4625 66.9099 556.0032 -0.0505 0.6332 -0.7724 0.7344 0.6699
0 -497.6766 78.5815 550.4104 -0.3104 -0.7882 -0.5314 0.7397 0.6538
Sergiojaula.tga
0 -504.7167 79.0455 541.9970 0.1399 -0.7494 0.6472 0.7524 0.6406
0 -496.2858 78.1470 538.9485 -0.6283 -0.4894 0.6048 0.7354 0.6377
0 -497.6766 78.5815 550.4104 -0.3104 -0.7882 -0.5314 0.7397 0.6538
Sergiojaula.tga
0 -496.2858 78.1470 538.9485 -0.6283 -0.4894 0.6048 0.7354 0.6377
0 -492.6066 69.7924 549.2952 -0.9796 0.1527 -0.1306 0.7251 0.6548
0 -497.6766 78.5815 550.4104 -0.3104 -0.7882 -0.5314 0.7397 0.6538
Sergiojaula.tga
0 -506.8342 73.9395 552.4403 0.3294 -0.2338 -0.9148 0.7529 0.6675
0 -536.9465 89.4575 547.0904 -0.2749 -0.0298 -0.9610 0.8105 0.6636
0 -535.6571 93.4330 539.8676 -0.5704 -0.5955 0.5657 0.8110 0.6396
Sergiojaula.tga
0 -549.5671 101.9189 547.6136 -0.0548 -0.8513 -0.5219 0.8359 0.6504
0 -535.6571 93.4330 539.8676 -0.5704 -0.5955 0.5657 0.8110 0.6396
0 -536.9465 89.4575 547.0904 -0.2749 -0.0298 -0.9610 0.8105 0.6636
Sergiojaula.tga
0 -536.9465 89.4575 547.0904 -0.2749 -0.0298 -0.9610 0.8105 0.6636
0 -552.1172 88.7729 550.4520 0.5848 0.5190 -0.6234 0.8384 0.6680
0 -549.5671 101.9189 547.6136 -0.0548 -0.8513 -0.5219 0.8359 0.6504
Sergiojaula.tga
0 -549.5671 101.9189 547.6136 -0.0548 -0.8513 -0.5219 0.8359 0.6504
0 -548.8145 101.5450 534.0068 0.0116 -0.6660 0.7459 0.8389 0.6348
0 -535.6571 93.4330 539.8676 -0.5704 -0.5955 0.5657 0.8110 0.6396
Sergiojaula.tga
0 -548.8145 101.5450 534.0068 0.0116 -0.6660 0.7459 0.8389 0.6348
0 -549.5671 101.9189 547.6136 -0.0548 -0.8513 -0.5219 0.8359 0.6504
0 -554.1511 100.1212 537.6411 0.9236 -0.3375 0.1817 0.8486 0.6445
Sergiojaula.tga
0 -507.8282 67.9789 543.0253 0.4205 0.7036 0.5729 0.7529 0.6543
0 -535.6571 93.4330 539.8676 -0.5704 -0.5955 0.5657 0.8110 0.6396
0 -538.0071 84.6989 540.4743 0.1955 0.9774 0.0808 0.8115 0.6528
Sergiojaula.tga
0 -551.5353 88.2352 535.9591 0.3660 0.4544 0.8121 0.8359 0.6504
0 -538.0071 84.6989 540.4743 0.1955 0.9774 0.0808 0.8115 0.6528
0 -535.6571 93.4330 539.8676 -0.5704 -0.5955 0.5657 0.8110 0.6396
Sergiojaula.tga
0 -551.5353 88.2352 535.9591 0.3660 0.4544 0.8121 0.8359 0.6504
0 -535.6571 93.4330 539.8676 -0.5704 -0.5955 0.5657 0.8110 0.6396
0 -548.8145 101.5450 534.0068 0.0116 -0.6660 0.7459 0.8389 0.6348
Sergiojaula.tga
0 -548.8145 101.5450 534.0068 0.0116 -0.6660 0.7459 0.8389 0.6348
0 -554.1511 100.1212 537.6411 0.9236 -0.3375 0.1817 0.8486 0.6445
0 -551.5353 88.2352 535.9591 0.3660 0.4544 0.8121 0.8359 0.6504
Sergiojaula.tga
0 -507.8282 67.9789 543.0253 0.4205 0.7036 0.5729 0.7529 0.6543
0 -504.7167 79.0455 541.9970 0.1399 -0.7494 0.6472 0.7524 0.6406
0 -535.6571 93.4330 539.8676 -0.5704 -0.5955 0.5657 0.8110 0.6396
Sergiojaula.tga
0 -498.7897 66.5244 541.0953 -0.1573 0.6884 0.7081 0.7397 0.6538
0 -504.7167 79.0455 541.9970 0.1399 -0.7494 0.6472 0.7524 0.6406
0 -507.8282 67.9789 543.0253 0.4205 0.7036 0.5729 0.7529 0.6543
Sergiojaula.tga
0 -498.7897 66.5244 541.0953 -0.1573 0.6884 0.7081 0.7397 0.6538
0 -496.2858 78.1470 538.9485 -0.6283 -0.4894 0.6048 0.7354 0.6377
0 -504.7167 79.0455 541.9970 0.1399 -0.7494 0.6472 0.7524 0.6406
Sergiojaula.tga
0 -492.6066 69.7924 549.2952 -0.9796 0.1527 -0.1306 0.7251 0.6548
0 -496.2858 78.1470 538.9485 -0.6283 -0.4894 0.6048 0.7354 0.6377
0 -498.7897 66.5244 541.0953 -0.1573 0.6884 0.7081 0.7397 0.6538
Sergiojaula.tga
0 -506.8342 73.9395 552.4403 0.3294 -0.2338 -0.9148 0.7529 0.6675
0 -538.0071 84.6989 540.4743 0.1955 0.9774 0.0808 0.8115 0.6528
0 -536.9465 89.4575 547.0904 -0.2749 -0.0298 -0.9610 0.8105 0.6636
Sergiojaula.tga
0 -536.9465 89.4575 547.0904 -0.2749 -0.0298 -0.9610 0.8105 0.6636
0 -538.0071 84.6989 540.4743 0.1955 0.9774 0.0808 0.8115 0.6528
0 -552.1172 88.7729 550.4520 0.5848 0.5190 -0.6234 0.8384 0.6680
Sergiojaula.tga
0 -538.0071 84.6989 540.4743 0.1955 0.9774 0.0808 0.8115 0.6528
0 -551.5353 88.2352 535.9591 0.3660 0.4544 0.8121 0.8359 0.6504
0 -552.1172 88.7729 550.4520 0.5848 0.5190 -0.6234 0.8384 0.6680
Sergiojaula.tga
0 -506.8342 73.9395 552.4403 0.3294 -0.2338 -0.9148 0.7529 0.6675
0 -507.8282 67.9789 543.0253 0.4205 0.7036 0.5729 0.7529 0.6543
0 -538.0071 84.6989 540.4743 0.1955 0.9774 0.0808 0.8115 0.6528
Sergiojaula.tga
0 -507.8282 67.9789 543.0253 0.4205 0.7036 0.5729 0.7529 0.6543
0 -506.8342 73.9395 552.4403 0.3294 -0.2338 -0.9148 0.7529 0.6675
0 -499.4625 66.9099 556.0032 -0.0505 0.6332 -0.7724 0.7344 0.6699
Sergiojaula.tga
0 -507.8282 67.9789 543.0253 0.4205 0.7036 0.5729 0.7529 0.6543
0 -499.4625 66.9099 556.0032 -0.0505 0.6332 -0.7724 0.7344 0.6699
0 -498.7897 66.5244 541.0953 -0.1573 0.6884 0.7081 0.7397 0.6538
Sergiojaula.tga
0 -492.6066 69.7924 549.2952 -0.9796 0.1527 -0.1306 0.7251 0.6548
0 -498.7897 66.5244 541.0953 -0.1573 0.6884 0.7081 0.7397 0.6538
0 -499.4625 66.9099 556.0032 -0.0505 0.6332 -0.7724 0.7344 0.6699
Sergiojaula.tga
0 -549.5671 101.9189 547.6136 -0.0548 -0.8513 -0.5219 0.8359 0.6504
0 -552.1172 88.7729 550.4520 0.5848 0.5190 -0.6234 0.8384 0.6680
0 -554.1511 100.1212 537.6411 0.9236 -0.3375 0.1817 0.8486 0.6445
Sergiojaula.tga
0 -554.1511 100.1212 537.6411 0.9236 -0.3375 0.1817 0.8486 0.6445
0 -552.1172 88.7729 550.4520 0.5848 0.5190 -0.6234 0.8384 0.6680
0 -551.5353 88.2352 535.9591 0.3660 0.4544 0.8121 0.8359 0.6504
Sergiojaula.tga
0 617.5962 -61.7692 658.5292 -0.9998 -0.0203 -0.0007 0.7070 0.8452
0 617.7874 -71.1959 658.4922 -0.9998 -0.0203 -0.0007 0.7070 0.8301
0 617.7029 -71.7040 787.4427 -0.9998 -0.0203 -0.0007 0.9834 0.8301
Sergiojaula.tga
0 617.7029 -71.7040 787.4427 -0.9998 -0.0203 -0.0007 0.9834 0.8301
0 617.5117 -62.2773 787.4802 -0.9998 -0.0203 -0.0007 0.9834 0.8452
0 617.5962 -61.7692 658.5292 -0.9998 -0.0203 -0.0007 0.7070 0.8452
Sergiojaula.tga
0 617.5962 -61.7692 658.5292 -0.9998 -0.0203 -0.0007 0.9834 0.8452
0 617.6956 -61.1779 508.3936 -0.9998 -0.0203 -0.0007 0.7915 0.8452
0 617.8875 -70.6048 508.3564 -0.9998 -0.0203 -0.0007 0.7915 0.8301
Sergiojaula.tga
0 617.8875 -70.6048 508.3564 -0.9998 -0.0203 -0.0007 0.7915 0.8301
0 617.7874 -71.1959 658.4922 -0.9998 -0.0203 -0.0007 0.9834 0.8301
0 617.5962 -61.7692 658.5292 -0.9998 -0.0203 -0.0007 0.9834 0.8452
Sergiojaula.tga
0 -496.8999 6.6666 815.1653 -0.0089 -1.0000 -0.0039 0.7549 0.5137
0 -527.6666 6.7811 855.4102 -0.0089 -1.0000 -0.0039 0.7549 0.4062
0 -558.3799 7.2126 815.1267 -0.0089 -1.0000 -0.0039 0.8628 0.4062
Sergiojaula.tga
0 -558.3799 7.2126 815.1267 -0.0089 -1.0000 -0.0039 0.8628 0.4062
0 -527.6138 7.0980 774.8823 -0.0089 -1.0000 -0.0039 0.8628 0.5137
0 -496.8999 6.6666 815.1653 -0.0089 -1.0000 -0.0039 0.7549 0.5137
Sergiojaula.tga
0 -527.6138 7.0980 774.8823 -0.4007 -0.0001 0.9162 0.7549 0.4062
0 -527.6951 -2.1277 774.8456 -0.7952 0.0046 0.6063 0.7549 0.3962
0 -496.9819 -2.5590 815.1292 -0.7952 0.0046 0.6063 0.8628 0.3960
Sergiojaula.tga
0 -496.9819 -2.5590 815.1292 -0.7952 0.0046 0.6063 0.8628 0.3960
0 -496.8999 6.6666 815.1653 -0.7952 0.0047 0.6063 0.8628 0.4062
0 -527.6138 7.0980 774.8823 -0.4007 -0.0001 0.9162 0.7549 0.4062
Sergiojaula.tga
0 -558.3799 7.2126 815.1267 0.7944 -0.0094 0.6073 0.7549 0.5137
0 -558.4617 -2.0134 815.0905 0.7944 -0.0094 0.6073 0.7466 0.5137
0 -527.6951 -2.1277 774.8456 0.7944 -0.0094 0.6073 0.7466 0.4062
Sergiojaula.tga
0 -527.6951 -2.1277 774.8456 0.7944 -0.0094 0.6073 0.7466 0.4062
0 -527.6138 7.0980 774.8823 -0.4007 -0.0001 0.9162 0.7549 0.4062
0 -558.3799 7.2126 815.1267 0.7944 -0.0094 0.6073 0.7549 0.5137
Sergiojaula.tga
0 -527.6666 6.7811 855.4102 0.7952 -0.0047 -0.6063 0.8628 0.4062
0 -527.7489 -2.4449 855.3738 0.7952 -0.0047 -0.6063 0.8628 0.3965
0 -558.4617 -2.0134 815.0905 0.7952 -0.0047 -0.6063 0.7549 0.3962
Sergiojaula.tga
0 -558.4617 -2.0134 815.0905 0.7952 -0.0047 -0.6063 0.7549 0.3962
0 -558.3799 7.2126 815.1267 0.7952 -0.0047 -0.6063 0.7549 0.4062
0 -527.6666 6.7811 855.4102 0.7952 -0.0047 -0.6063 0.8628 0.4062
Sergiojaula.tga
0 -496.8999 6.6666 815.1653 -0.7944 0.0095 -0.6073 0.7549 0.4062
0 -496.9819 -2.5590 815.1292 -0.7944 0.0094 -0.6073 0.7466 0.4062
0 -527.7489 -2.4449 855.3738 -0.7944 0.0095 -0.6073 0.7466 0.5137
Sergiojaula.tga
0 -527.7489 -2.4449 855.3738 -0.7944 0.0095 -0.6073 0.7466 0.5137
0 -527.6666 6.7811 855.4102 -0.7944 0.0095 -0.6073 0.7549 0.5137
0 -496.8999 6.6666 815.1653 -0.7944 0.0095 -0.6073 0.7549 0.4062
Sergiojaula.tga
0 -524.9820 177.1276 841.4847 -0.0079 -0.8472 0.5313 0.6221 0.5229
0 -514.6185 166.3814 851.3853 -0.6500 0.5108 -0.5627 0.6348 0.5371
0 -524.8621 194.5369 895.6074 -0.0080 -0.9101 -0.4143 0.6768 0.5029
Sergiojaula.tga
0 -514.9316 128.5322 815.2467 -0.8361 0.1401 -0.5304 0.5996 0.5771
0 -514.6185 166.3814 851.3853 -0.6500 0.5108 -0.5627 0.6348 0.5371
0 -524.9820 177.1276 841.4847 -0.0079 -0.8472 0.5313 0.6221 0.5229
Sergiojaula.tga
0 -524.9820 177.1276 841.4847 -0.0079 -0.8472 0.5313 0.6221 0.5229
0 -525.2615 142.0265 788.5245 -0.9561 -0.1690 0.2395 0.5718 0.5601
0 -514.9316 128.5322 815.2467 -0.8361 0.1401 -0.5304 0.5996 0.5771
Sergiojaula.tga
0 -525.2615 142.0265 788.5245 -0.9561 -0.1690 0.2395 0.5718 0.5601
0 -515.3502 80.3893 801.7277 -0.8973 -0.0675 -0.4363 0.5752 0.6240
0 -514.9316 128.5322 815.2467 -0.8361 0.1401 -0.5304 0.5996 0.5771
Sergiojaula.tga
0 -515.3502 80.3893 801.7277 -0.8973 -0.0675 -0.4363 0.5752 0.6240
0 -525.2615 142.0265 788.5245 -0.9561 -0.1690 0.2395 0.5718 0.5601
0 -525.7537 83.7108 748.8570 0.0008 0.1564 0.9877 0.5215 0.6055
Sergiojaula.tga
0 -515.3502 80.3893 801.7277 -0.8973 -0.0675 -0.4363 0.5752 0.6240
0 -525.7537 83.7108 748.8570 0.0008 0.1564 0.9877 0.5215 0.6055
0 -526.0117 56.5357 774.0816 0.0034 0.4413 0.8974 0.5366 0.6362
Sergiojaula.tga
0 -515.7001 41.9802 815.1707 -0.8043 -0.2787 -0.5248 0.5688 0.6665
0 -515.3502 80.3893 801.7277 -0.8973 -0.0675 -0.4363 0.5752 0.6240
0 -526.0117 56.5357 774.0816 0.0034 0.4413 0.8974 0.5366 0.6362
Sergiojaula.tga
0 -526.0117 56.5357 774.0816 0.0034 0.4413 0.8974 0.5366 0.6362
0 -526.3513 19.0665 785.8568 -0.0050 -0.4819 0.8762 0.5303 0.6724
0 -515.7001 41.9802 815.1707 -0.8043 -0.2787 -0.5248 0.5688 0.6665
Sergiojaula.tga
0 -516.0325 5.9499 836.4241 -0.8644 -0.4182 -0.2792 0.5684 0.7085
0 -515.7001 41.9802 815.1707 -0.8043 -0.2787 -0.5248 0.5688 0.6665
0 -526.3513 19.0665 785.8568 -0.0050 -0.4819 0.8762 0.5303 0.6724
Sergiojaula.tga
0 -526.3513 19.0665 785.8568 -0.0050 -0.4819 0.8762 0.5303 0.6724
0 -518.2908 6.0159 788.5847 -0.8538 -0.5191 0.0396 0.5269 0.6846
0 -516.0325 5.9499 836.4241 -0.8644 -0.4182 -0.2792 0.5684 0.7085
Sergiojaula.tga
0 -535.8623 128.7170 815.2336 0.0055 0.5654 -0.8248 0.6230 0.5923
0 -535.5491 166.5663 851.3715 0.0072 0.7731 -0.6342 0.6562 0.5532
0 -514.6185 166.3814 851.3853 -0.6500 0.5108 -0.5627 0.6348 0.5371
Sergiojaula.tga
0 -514.6185 166.3814 851.3853 -0.6500 0.5108 -0.5627 0.6348 0.5371
0 -514.9316 128.5322 815.2467 -0.8361 0.1401 -0.5304 0.5996 0.5771
0 -535.8623 128.7170 815.2336 0.0055 0.5654 -0.8248 0.6230 0.5923
Sergiojaula.tga
0 -514.6185 166.3814 851.3853 -0.6500 0.5108 -0.5627 0.6348 0.5371
0 -535.5491 166.5663 851.3715 0.0072 0.7731 -0.6342 0.6562 0.5532
0 -524.8621 194.5369 895.6074 -0.0080 -0.9101 -0.4143 0.6768 0.5029
Sergiojaula.tga
0 -536.2808 80.5756 801.7142 0.0013 0.0731 -0.9973 0.6021 0.6328
0 -535.8623 128.7170 815.2336 0.0055 0.5654 -0.8248 0.6230 0.5923
0 -514.9316 128.5322 815.2467 -0.8361 0.1401 -0.5304 0.5996 0.5771
Sergiojaula.tga
0 -514.9316 128.5322 815.2467 -0.8361 0.1401 -0.5304 0.5996 0.5771
0 -515.3502 80.3893 801.7277 -0.8973 -0.0675 -0.4363 0.5752 0.6240
0 -536.2808 80.5756 801.7142 0.0013 0.0731 -0.9973 0.6021 0.6328
Sergiojaula.tga
0 -536.6306 42.1655 815.1580 -0.0029 -0.3912 -0.9203 0.5967 0.6694
0 -536.2808 80.5756 801.7142 0.0013 0.0731 -0.9973 0.6021 0.6328
0 -515.3502 80.3893 801.7277 -0.8973 -0.0675 -0.4363 0.5752 0.6240
Sergiojaula.tga
0 -515.3502 80.3893 801.7277 -0.8973 -0.0675 -0.4363 0.5752 0.6240
0 -515.7001 41.9802 815.1707 -0.8043 -0.2787 -0.5248 0.5688 0.6665
0 -536.6306 42.1655 815.1580 -0.0029 -0.3912 -0.9203 0.5967 0.6694
Sergiojaula.tga
0 -536.9634 6.1360 836.4106 -0.0040 -0.5080 -0.8613 0.5957 0.7095
0 -536.6306 42.1655 815.1580 -0.0029 -0.3912 -0.9203 0.5967 0.6694
0 -515.7001 41.9802 815.1707 -0.8043 -0.2787 -0.5248 0.5688 0.6665
Sergiojaula.tga
0 -515.7001 41.9802 815.1707 -0.8043 -0.2787 -0.5248 0.5688 0.6665
0 -516.0325 5.9499 836.4241 -0.8644 -0.4182 -0.2792 0.5684 0.7085
0 -536.9634 6.1360 836.4106 -0.0040 -0.5080 -0.8613 0.5957 0.7095
Sergiojaula.tga
0 -524.8621 194.5369 895.6074 -0.0080 -0.9101 -0.4143 0.6768 0.5029
0 -535.5491 166.5663 851.3715 0.8015 -0.5109 0.3108 0.6348 0.5371
0 -524.9820 177.1276 841.4847 -0.0079 -0.8472 0.5313 0.6221 0.5229
Sergiojaula.tga
0 -524.9820 177.1276 841.4847 -0.0079 -0.8472 0.5313 0.6221 0.5229
0 -535.5491 166.5663 851.3715 0.8015 -0.5109 0.3108 0.6348 0.5371
0 -535.8623 128.7170 815.2336 0.9038 -0.2809 0.3229 0.5996 0.5771
Sergiojaula.tga
0 -535.8623 128.7170 815.2336 0.9038 -0.2809 0.3229 0.5996 0.5771
0 -525.2615 142.0265 788.5245 0.9526 -0.1859 0.2407 0.5708 0.5610
0 -524.9820 177.1276 841.4847 -0.0079 -0.8472 0.5313 0.6221 0.5229
Sergiojaula.tga
0 -525.2615 142.0265 788.5245 0.9526 -0.1859 0.2407 0.5708 0.5610
0 -535.8623 128.7170 815.2336 0.9038 -0.2809 0.3229 0.5996 0.5771
0 -536.2808 80.5756 801.7142 0.9682 0.0085 0.2502 0.5752 0.6240
Sergiojaula.tga
0 -536.2808 80.5756 801.7142 0.9682 0.0085 0.2502 0.5752 0.6240
0 -525.7537 83.7108 748.8570 0.0008 0.1564 0.9877 0.5215 0.6055
0 -525.2615 142.0265 788.5245 0.9526 -0.1859 0.2407 0.5708 0.5610
Sergiojaula.tga
0 -536.2808 80.5756 801.7142 0.9682 0.0085 0.2502 0.5752 0.6240
0 -526.0117 56.5357 774.0816 0.0034 0.4413 0.8974 0.5366 0.6362
0 -525.7537 83.7108 748.8570 0.0008 0.1564 0.9877 0.5215 0.6055
Sergiojaula.tga
0 -526.0117 56.5357 774.0816 0.0034 0.4413 0.8974 0.5366 0.6362
0 -536.2808 80.5756 801.7142 0.9682 0.0085 0.2502 0.5752 0.6240
0 -536.6306 42.1655 815.1580 0.9597 0.0988 0.2630 0.5688 0.6665
Sergiojaula.tga
0 -536.6306 42.1655 815.1580 0.9597 0.0988 0.2630 0.5688 0.6665
0 -526.3513 19.0665 785.8568 -0.0050 -0.4819 0.8762 0.5303 0.6724
0 -526.0117 56.5357 774.0816 0.0034 0.4413 0.8974 0.5366 0.6362
Sergiojaula.tga
0 -526.3513 19.0665 785.8568 -0.0050 -0.4819 0.8762 0.5303 0.6724
0 -536.6306 42.1655 815.1580 0.9597 0.0988 0.2630 0.5688 0.6665
0 -536.9634 6.1360 836.4106 0.9652 -0.2160 0.1474 0.5684 0.7085
Sergiojaula.tga
0 -536.9634 6.1360 836.4106 0.9652 -0.2160 0.1474 0.5684 0.7085
0 -534.6450 6.1608 788.4428 0.8442 -0.5344 0.0405 0.5269 0.6846
0 -526.3513 19.0665 785.8568 -0.0050 -0.4819 0.8762 0.5303 0.6724
Sergiojaula.tga
0 184.8957 0.6151 815.5931 -0.0089 -1.0000 -0.0039 0.7549 0.5137
0 154.1299 0.7288 855.8381 -0.0089 -1.0000 -0.0040 0.7549 0.4062
0 123.4163 1.1608 815.5546 -0.0089 -1.0000 -0.0039 0.8628 0.4062
Sergiojaula.tga
0 123.4163 1.1608 815.5546 -0.0089 -1.0000 -0.0039 0.8628 0.4062
0 154.1827 1.0462 775.3093 -0.0089 -1.0000 -0.0039 0.8628 0.5137
0 184.8957 0.6151 815.5931 -0.0089 -1.0000 -0.0039 0.7549 0.5137
Sergiojaula.tga
0 154.1827 1.0462 775.3093 -0.4007 -0.0001 0.9162 0.7549 0.4062
0 154.1008 -8.1800 775.2725 -0.7952 0.0046 0.6063 0.7549 0.3962
0 184.8139 -8.6111 815.5565 -0.7952 0.0046 0.6063 0.8628 0.3960
Sergiojaula.tga
0 184.8139 -8.6111 815.5565 -0.7952 0.0046 0.6063 0.8628 0.3960
0 184.8957 0.6151 815.5931 -0.7952 0.0046 0.6063 0.8628 0.4062
0 154.1827 1.0462 775.3093 -0.4007 -0.0001 0.9162 0.7549 0.4062
Sergiojaula.tga
0 123.4163 1.1608 815.5546 0.7944 -0.0094 0.6073 0.7549 0.5137
0 123.3345 -8.0656 815.5186 0.7944 -0.0094 0.6073 0.7466 0.5137
0 154.1008 -8.1800 775.2725 0.7944 -0.0094 0.6073 0.7466 0.4062
Sergiojaula.tga
0 154.1008 -8.1800 775.2725 0.7944 -0.0094 0.6073 0.7466 0.4062
0 154.1827 1.0462 775.3093 -0.4007 -0.0001 0.9162 0.7549 0.4062
0 123.4163 1.1608 815.5546 0.7944 -0.0094 0.6073 0.7549 0.5137
Sergiojaula.tga
0 154.1299 0.7288 855.8381 0.7952 -0.0047 -0.6063 0.8628 0.4062
0 154.0477 -8.4968 855.8019 0.7952 -0.0047 -0.6063 0.8628 0.3965
0 123.3345 -8.0656 815.5186 0.7952 -0.0047 -0.6063 0.7549 0.3962
Sergiojaula.tga
0 123.3345 -8.0656 815.5186 0.7952 -0.0047 -0.6063 0.7549 0.3962
0 123.4163 1.1608 815.5546 0.7952 -0.0047 -0.6063 0.7549 0.4062
0 154.1299 0.7288 855.8381 0.7952 -0.0047 -0.6063 0.8628 0.4062
Sergiojaula.tga
0 184.8957 0.6151 815.5931 -0.7944 0.0095 -0.6073 0.7549 0.4062
0 184.8139 -8.6111 815.5565 -0.7944 0.0095 -0.6073 0.7466 0.4062
0 154.0477 -8.4968 855.8019 -0.7944 0.0095 -0.6073 0.7466 0.5137
Sergiojaula.tga
0 154.0477 -8.4968 855.8019 -0.7944 0.0095 -0.6073 0.7466 0.5137
0 154.1299 0.7288 855.8381 -0.7944 0.0095 -0.6073 0.7549 0.5137
0 184.8957 0.6151 815.5931 -0.7944 0.0095 -0.6073 0.7549 0.4062
Sergiojaula.tga
0 156.8132 171.0759 841.9131 -0.0078 -0.8472 0.5313 0.6221 0.5229
0 167.1787 160.3289 851.8129 -0.6500 0.5108 -0.5627 0.6348 0.5371
0 156.9349 188.4840 896.0356 -0.0077 -0.9101 -0.4142 0.6768 0.5029
Sergiojaula.tga
0 166.8649 122.4797 815.6738 -0.8361 0.1401 -0.5304 0.5996 0.5771
0 167.1787 160.3289 851.8129 -0.6500 0.5108 -0.5627 0.6348 0.5371
0 156.8132 171.0759 841.9131 -0.0078 -0.8472 0.5313 0.6221 0.5229
Sergiojaula.tga
0 156.8132 171.0759 841.9131 -0.0078 -0.8472 0.5313 0.6221 0.5229
0 156.5349 135.9749 788.9518 -0.9561 -0.1690 0.2395 0.5718 0.5601
0 166.8649 122.4797 815.6738 -0.8361 0.1401 -0.5304 0.5996 0.5771
Sergiojaula.tga
0 156.5349 135.9749 788.9518 -0.9561 -0.1690 0.2395 0.5718 0.5601
0 166.4459 74.3378 802.1554 -0.8973 -0.0675 -0.4363 0.5752 0.6240
0 166.8649 122.4797 815.6738 -0.8361 0.1401 -0.5304 0.5996 0.5771
Sergiojaula.tga
0 166.4459 74.3378 802.1554 -0.8973 -0.0675 -0.4363 0.5752 0.6240
0 156.5349 135.9749 788.9518 -0.9561 -0.1690 0.2395 0.5718 0.5601
0 156.0422 77.6593 749.2841 0.0008 0.1564 0.9877 0.5215 0.6055
Sergiojaula.tga
0 166.4459 74.3378 802.1554 -0.8973 -0.0675 -0.4363 0.5752 0.6240
0 156.0422 77.6593 749.2841 0.0008 0.1564 0.9877 0.5215 0.6055
0 155.7856 50.4836 774.5087 0.0033 0.4413 0.8974 0.5366 0.6362
Sergiojaula.tga
0 166.0967 35.9275 815.5983 -0.8043 -0.2787 -0.5248 0.5688 0.6665
0 166.4459 74.3378 802.1554 -0.8973 -0.0675 -0.4363 0.5752 0.6240
0 155.7856 50.4836 774.5087 0.0033 0.4413 0.8974 0.5366 0.6362
Sergiojaula.tga
0 155.7856 50.4836 774.5087 0.0033 0.4413 0.8974 0.5366 0.6362
0 155.4458 13.0146 786.2836 -0.0050 -0.4819 0.8762 0.5303 0.6724
0 166.0967 35.9275 815.5983 -0.8043 -0.2787 -0.5248 0.5688 0.6665
Sergiojaula.tga
0 165.7631 -0.1023 836.8516 -0.8644 -0.4182 -0.2792 0.5684 0.7085
0 166.0967 35.9275 815.5983 -0.8043 -0.2787 -0.5248 0.5688 0.6665
0 155.4458 13.0146 786.2836 -0.0050 -0.4819 0.8762 0.5303 0.6724
Sergiojaula.tga
0 155.4458 13.0146 786.2836 -0.0050 -0.4819 0.8762 0.5303 0.6724
0 163.5056 -0.0354 789.0120 -0.8538 -0.5191 0.0396 0.5269 0.6846
0 165.7631 -0.1023 836.8516 -0.8644 -0.4182 -0.2792 0.5684 0.7085
Sergiojaula.tga
0 145.9343 122.6657 815.6608 0.0055 0.5654 -0.8248 0.6230 0.5923
0 146.2477 160.5151 851.7993 0.0073 0.7731 -0.6342 0.6562 0.5532
0 167.1787 160.3289 851.8129 -0.6500 0.5108 -0.5627 0.6348 0.5371
Sergiojaula.tga
0 167.1787 160.3289 851.8129 -0.6500 0.5108 -0.5627 0.6348 0.5371
0 166.8649 122.4797 815.6738 -0.8361 0.1401 -0.5304 0.5996 0.5771
0 145.9343 122.6657 815.6608 0.0055 0.5654 -0.8248 0.6230 0.5923
Sergiojaula.tga
0 167.1787 160.3289 851.8129 -0.6500 0.5108 -0.5627 0.6348 0.5371
0 146.2477 160.5151 851.7993 0.0073 0.7731 -0.6342 0.6562 0.5532
0 156.9349 188.4840 896.0356 -0.0077 -0.9101 -0.4142 0.6768 0.5029
Sergiojaula.tga
0 145.5151 74.5240 802.1417 0.0013 0.0731 -0.9973 0.6021 0.6328
0 145.9343 122.6657 815.6608 0.0055 0.5654 -0.8248 0.6230 0.5923
0 166.8649 122.4797 815.6738 -0.8361 0.1401 -0.5304 0.5996 0.5771
Sergiojaula.tga
0 166.8649 122.4797 815.6738 -0.8361 0.1401 -0.5304 0.5996 0.5771
0 166.4459 74.3378 802.1554 -0.8973 -0.0675 -0.4363 0.5752 0.6240
0 145.5151 74.5240 802.1417 0.0013 0.0731 -0.9973 0.6021 0.6328
Sergiojaula.tga
0 145.1658 36.1143 815.5847 -0.0029 -0.3912 -0.9203 0.5967 0.6694
0 145.5151 74.5240 802.1417 0.0013 0.0731 -0.9973 0.6021 0.6328
0 166.4459 74.3378 802.1554 -0.8973 -0.0675 -0.4363 0.5752 0.6240
Sergiojaula.tga
0 166.4459 74.3378 802.1554 -0.8973 -0.0675 -0.4363 0.5752 0.6240
0 166.0967 35.9275 815.5983 -0.8043 -0.2787 -0.5248 0.5688 0.6665
0 145.1658 36.1143 815.5847 -0.0029 -0.3912 -0.9203 0.5967 0.6694
Sergiojaula.tga
0 144.8331 0.0837 836.8386 -0.0040 -0.5080 -0.8613 0.5957 0.7095
0 145.1658 36.1143 815.5847 -0.0029 -0.3912 -0.9203 0.5967 0.6694
0 166.0967 35.9275 815.5983 -0.8043 -0.2787 -0.5248 0.5688 0.6665
Sergiojaula.tga
0 166.0967 35.9275 815.5983 -0.8043 -0.2787 -0.5248 0.5688 0.6665
0 165.7631 -0.1023 836.8516 -0.8644 -0.4182 -0.2792 0.5684 0.7085
0 144.8331 0.0837 836.8386 -0.0040 -0.5080 -0.8613 0.5957 0.7095
Sergiojaula.tga
0 156.9349 188.4840 896.0356 -0.0077 -0.9101 -0.4142 0.6768 0.5029
0 146.2477 160.5151 851.7993 0.8015 -0.5109 0.3108 0.6348 0.5371
0 156.8132 171.0759 841.9131 -0.0078 -0.8472 0.5313 0.6221 0.5229
Sergiojaula.tga
0 156.8132 171.0759 841.9131 -0.0078 -0.8472 0.5313 0.6221 0.5229
0 146.2477 160.5151 851.7993 0.8015 -0.5109 0.3108 0.6348 0.5371
0 145.9343 122.6657 815.6608 0.9038 -0.2808 0.3229 0.5996 0.5771
Sergiojaula.tga
0 145.9343 122.6657 815.6608 0.9038 -0.2808 0.3229 0.5996 0.5771
0 156.5349 135.9749 788.9518 0.9526 -0.1859 0.2407 0.5708 0.5610
0 156.8132 171.0759 841.9131 -0.0078 -0.8472 0.5313 0.6221 0.5229
Sergiojaula.tga
0 156.5349 135.9749 788.9518 0.9526 -0.1859 0.2407 0.5708 0.5610
0 145.9343 122.6657 815.6608 0.9038 -0.2808 0.3229 0.5996 0.5771
0 145.5151 74.5240 802.1417 0.9682 0.0085 0.2502 0.5752 0.6240
Sergiojaula.tga
0 145.5151 74.5240 802.1417 0.9682 0.0085 0.2502 0.5752 0.6240
0 156.0422 77.6593 749.2841 0.0008 0.1564 0.9877 0.5215 0.6055
0 156.5349 135.9749 788.9518 0.9526 -0.1859 0.2407 0.5708 0.5610
Sergiojaula.tga
0 145.5151 74.5240 802.1417 0.9682 0.0085 0.2502 0.5752 0.6240
0 155.7856 50.4836 774.5087 0.0033 0.4413 0.8974 0.5366 0.6362
0 156.0422 77.6593 749.2841 0.0008 0.1564 0.9877 0.5215 0.6055
Sergiojaula.tga
0 155.7856 50.4836 774.5087 0.0033 0.4413 0.8974 0.5366 0.6362
0 145.5151 74.5240 802.1417 0.9682 0.0085 0.2502 0.5752 0.6240
0 145.1658 36.1143 815.5847 0.9597 0.0988 0.2630 0.5688 0.6665
Sergiojaula.tga
0 145.1658 36.1143 815.5847 0.9597 0.0988 0.2630 0.5688 0.6665
0 155.4458 13.0146 786.2836 -0.0050 -0.4819 0.8762 0.5303 0.6724
0 155.7856 50.4836 774.5087 0.0033 0.4413 0.8974 0.5366 0.6362
Sergiojaula.tga
0 155.4458 13.0146 786.2836 -0.0050 -0.4819 0.8762 0.5303 0.6724
0 145.1658 36.1143 815.5847 0.9597 0.0988 0.2630 0.5688 0.6665
0 144.8331 0.0837 836.8386 0.9652 -0.2160 0.1474 0.5684 0.7085
Sergiojaula.tga
0 144.8331 0.0837 836.8386 0.9652 -0.2160 0.1474 0.5684 0.7085
0 147.1515 0.1086 788.8702 0.8442 -0.5344 0.0405 0.5269 0.6846
0 155.4458 13.0146 786.2836 -0.0050 -0.4819 0.8762 0.5303 0.6724
Sergiojaula.tga
0 549.0433 -2.6180 815.8210 -0.0089 -1.0000 -0.0039 0.7549 0.5137
0 518.2771 -2.5034 856.0658 -0.0089 -1.0000 -0.0039 0.7549 0.4062
0 487.5637 -2.0725 815.7827 -0.0089 -1.0000 -0.0039 0.8628 0.4062
Sergiojaula.tga
0 487.5637 -2.0725 815.7827 -0.0089 -1.0000 -0.0039 0.8628 0.4062
0 518.3306 -2.1868 775.5376 -0.0089 -1.0000 -0.0039 0.8628 0.5137
0 549.0433 -2.6180 815.8210 -0.0089 -1.0000 -0.0039 0.7549 0.5137
Sergiojaula.tga
0 518.3306 -2.1868 775.5376 -0.4007 -0.0001 0.9162 0.7549 0.4062
0 518.2490 -11.4124 775.5014 -0.7952 0.0047 0.6063 0.7549 0.3962
0 548.9616 -11.8439 815.7845 -0.7952 0.0046 0.6063 0.8628 0.3960
Sergiojaula.tga
0 548.9616 -11.8439 815.7845 -0.7952 0.0046 0.6063 0.8628 0.3960
0 549.0433 -2.6180 815.8210 -0.7952 0.0046 0.6063 0.8628 0.4062
0 518.3306 -2.1868 775.5376 -0.4007 -0.0001 0.9162 0.7549 0.4062
Sergiojaula.tga
0 487.5637 -2.0725 815.7827 0.7944 -0.0094 0.6073 0.7549 0.5137
0 487.4823 -11.2982 815.7455 0.7944 -0.0095 0.6073 0.7466 0.5137
0 518.2490 -11.4124 775.5014 0.7944 -0.0094 0.6073 0.7466 0.4062
Sergiojaula.tga
0 518.2490 -11.4124 775.5014 0.7944 -0.0094 0.6073 0.7466 0.4062
0 518.3306 -2.1868 775.5376 -0.4007 -0.0001 0.9162 0.7549 0.4062
0 487.5637 -2.0725 815.7827 0.7944 -0.0094 0.6073 0.7549 0.5137
Sergiojaula.tga
0 518.2771 -2.5034 856.0658 0.7952 -0.0046 -0.6063 0.8628 0.4062
0 518.1955 -11.7294 856.0299 0.7952 -0.0047 -0.6063 0.8628 0.3965
0 487.4823 -11.2982 815.7455 0.7952 -0.0046 -0.6063 0.7549 0.3962
Sergiojaula.tga
0 487.4823 -11.2982 815.7455 0.7952 -0.0046 -0.6063 0.7549 0.3962
0 487.5637 -2.0725 815.7827 0.7952 -0.0046 -0.6063 0.7549 0.4062
0 518.2771 -2.5034 856.0658 0.7952 -0.0046 -0.6063 0.8628 0.4062
Sergiojaula.tga
0 549.0433 -2.6180 815.8210 -0.7944 0.0094 -0.6073 0.7549 0.4062
0 548.9616 -11.8439 815.7845 -0.7944 0.0094 -0.6073 0.7466 0.4062
0 518.1955 -11.7294 856.0299 -0.7944 0.0094 -0.6073 0.7466 0.5137
Sergiojaula.tga
0 518.1955 -11.7294 856.0299 -0.7944 0.0094 -0.6073 0.7466 0.5137
0 518.2771 -2.5034 856.0658 -0.7944 0.0094 -0.6073 0.7549 0.5137
0 549.0433 -2.6180 815.8210 -0.7944 0.0094 -0.6073 0.7549 0.4062
Sergiojaula.tga
0 520.9611 167.8430 842.1414 -0.0078 -0.8472 0.5313 0.6221 0.5229
0 531.3264 157.0963 852.0403 -0.6500 0.5108 -0.5627 0.6348 0.5371
0 521.0815 185.2521 896.2629 -0.0078 -0.9101 -0.4142 0.6768 0.5029
Sergiojaula.tga
0 531.0124 119.2466 815.9017 -0.8361 0.1401 -0.5304 0.5996 0.5771
0 531.3264 157.0963 852.0403 -0.6500 0.5108 -0.5627 0.6348 0.5371
0 520.9611 167.8430 842.1414 -0.0078 -0.8472 0.5313 0.6221 0.5229
Sergiojaula.tga
0 520.9611 167.8430 842.1414 -0.0078 -0.8472 0.5313 0.6221 0.5229
0 520.6836 132.7423 789.1807 -0.9561 -0.1690 0.2395 0.5718 0.5601
0 531.0124 119.2466 815.9017 -0.8361 0.1401 -0.5304 0.5996 0.5771
Sergiojaula.tga
0 520.6836 132.7423 789.1807 -0.9561 -0.1690 0.2395 0.5718 0.5601
0 530.5944 71.1049 802.3834 -0.8973 -0.0675 -0.4363 0.5752 0.6240
0 531.0124 119.2466 815.9017 -0.8361 0.1401 -0.5304 0.5996 0.5771
Sergiojaula.tga
0 530.5944 71.1049 802.3834 -0.8973 -0.0675 -0.4363 0.5752 0.6240
0 520.6836 132.7423 789.1807 -0.9561 -0.1690 0.2395 0.5718 0.5601
0 520.1901 74.4266 749.5123 0.0008 0.1564 0.9877 0.5215 0.6055
Sergiojaula.tga
0 530.5944 71.1049 802.3834 -0.8973 -0.0675 -0.4363 0.5752 0.6240
0 520.1901 74.4266 749.5123 0.0008 0.1564 0.9877 0.5215 0.6055
0 519.9332 47.2518 774.7368 0.0034 0.4413 0.8974 0.5366 0.6362
Sergiojaula.tga
0 530.2438 32.6957 815.8262 -0.8043 -0.2787 -0.5248 0.5688 0.6665
0 530.5944 71.1049 802.3834 -0.8973 -0.0675 -0.4363 0.5752 0.6240
0 519.9332 47.2518 774.7368 0.0034 0.4413 0.8974 0.5366 0.6362
Sergiojaula.tga
0 519.9332 47.2518 774.7368 0.0034 0.4413 0.8974 0.5366 0.6362
0 519.5930 9.7819 786.5117 -0.0050 -0.4819 0.8762 0.5303 0.6724
0 530.2438 32.6957 815.8262 -0.8043 -0.2787 -0.5248 0.5688 0.6665
Sergiojaula.tga
0 529.9113 -3.3348 837.0804 -0.8644 -0.4183 -0.2792 0.5684 0.7085
0 530.2438 32.6957 815.8262 -0.8043 -0.2787 -0.5248 0.5688 0.6665
0 519.5930 9.7819 786.5117 -0.0050 -0.4819 0.8762 0.5303 0.6724
Sergiojaula.tga
0 519.5930 9.7819 786.5117 -0.0050 -0.4819 0.8762 0.5303 0.6724
0 527.6536 -3.2685 789.2399 -0.8538 -0.5191 0.0396 0.5269 0.6846
0 529.9113 -3.3348 837.0804 -0.8644 -0.4183 -0.2792 0.5684 0.7085
Sergiojaula.tga
0 510.0818 119.4325 815.8896 0.0055 0.5654 -0.8248 0.6230 0.5923
0 510.3951 157.2820 852.0283 0.0072 0.7731 -0.6342 0.6562 0.5532
0 531.3264 157.0963 852.0403 -0.6500 0.5108 -0.5627 0.6348 0.5371
Sergiojaula.tga
0 531.3264 157.0963 852.0403 -0.6500 0.5108 -0.5627 0.6348 0.5371
0 531.0124 119.2466 815.9017 -0.8361 0.1401 -0.5304 0.5996 0.5771
0 510.0818 119.4325 815.8896 0.0055 0.5654 -0.8248 0.6230 0.5923
Sergiojaula.tga
0 531.3264 157.0963 852.0403 -0.6500 0.5108 -0.5627 0.6348 0.5371
0 510.3951 157.2820 852.0283 0.0072 0.7731 -0.6342 0.6562 0.5532
0 521.0815 185.2521 896.2629 -0.0078 -0.9101 -0.4142 0.6768 0.5029
Sergiojaula.tga
0 509.6633 71.2910 802.3696 0.0013 0.0731 -0.9973 0.6021 0.6328
0 510.0818 119.4325 815.8896 0.0055 0.5654 -0.8248 0.6230 0.5923
0 531.0124 119.2466 815.9017 -0.8361 0.1401 -0.5304 0.5996 0.5771
Sergiojaula.tga
0 531.0124 119.2466 815.9017 -0.8361 0.1401 -0.5304 0.5996 0.5771
0 530.5944 71.1049 802.3834 -0.8973 -0.0675 -0.4363 0.5752 0.6240
0 509.6633 71.2910 802.3696 0.0013 0.0731 -0.9973 0.6021 0.6328
Sergiojaula.tga
0 509.3137 32.8810 815.8131 -0.0029 -0.3912 -0.9203 0.5967 0.6694
0 509.6633 71.2910 802.3696 0.0013 0.0731 -0.9973 0.6021 0.6328
0 530.5944 71.1049 802.3834 -0.8973 -0.0675 -0.4363 0.5752 0.6240
Sergiojaula.tga
0 530.5944 71.1049 802.3834 -0.8973 -0.0675 -0.4363 0.5752 0.6240
0 530.2438 32.6957 815.8262 -0.8043 -0.2787 -0.5248 0.5688 0.6665
0 509.3137 32.8810 815.8131 -0.0029 -0.3912 -0.9203 0.5967 0.6694
Sergiojaula.tga
0 508.9803 -3.1489 837.0669 -0.0040 -0.5081 -0.8613 0.5957 0.7095
0 509.3137 32.8810 815.8131 -0.0029 -0.3912 -0.9203 0.5967 0.6694
0 530.2438 32.6957 815.8262 -0.8043 -0.2787 -0.5248 0.5688 0.6665
Sergiojaula.tga
0 530.2438 32.6957 815.8262 -0.8043 -0.2787 -0.5248 0.5688 0.6665
0 529.9113 -3.3348 837.0804 -0.8644 -0.4183 -0.2792 0.5684 0.7085
0 508.9803 -3.1489 837.0669 -0.0040 -0.5081 -0.8613 0.5957 0.7095
Sergiojaula.tga
0 521.0815 185.2521 896.2629 -0.0078 -0.9101 -0.4142 0.6768 0.5029
0 510.3951 157.2820 852.0283 0.8015 -0.5109 0.3108 0.6348 0.5371
0 520.9611 167.8430 842.1414 -0.0078 -0.8472 0.5313 0.6221 0.5229
Sergiojaula.tga
0 520.9611 167.8430 842.1414 -0.0078 -0.8472 0.5313 0.6221 0.5229
0 510.3951 157.2820 852.0283 0.8015 -0.5109 0.3108 0.6348 0.5371
0 510.0818 119.4325 815.8896 0.9038 -0.2808 0.3230 0.5996 0.5771
Sergiojaula.tga
0 510.0818 119.4325 815.8896 0.9038 -0.2808 0.3230 0.5996 0.5771
0 520.6836 132.7423 789.1807 0.9526 -0.1859 0.2407 0.5708 0.5610
0 520.9611 167.8430 842.1414 -0.0078 -0.8472 0.5313 0.6221 0.5229
Sergiojaula.tga
0 520.6836 132.7423 789.1807 0.9526 -0.1859 0.2407 0.5708 0.5610
0 510.0818 119.4325 815.8896 0.9038 -0.2808 0.3230 0.5996 0.5771
0 509.6633 71.2910 802.3696 0.9682 0.0085 0.2502 0.5752 0.6240
Sergiojaula.tga
0 509.6633 71.2910 802.3696 0.9682 0.0085 0.2502 0.5752 0.6240
0 520.1901 74.4266 749.5123 0.0008 0.1564 0.9877 0.5215 0.6055
0 520.6836 132.7423 789.1807 0.9526 -0.1859 0.2407 0.5708 0.5610
Sergiojaula.tga
0 509.6633 71.2910 802.3696 0.9682 0.0085 0.2502 0.5752 0.6240
0 519.9332 47.2518 774.7368 0.0034 0.4413 0.8974 0.5366 0.6362
0 520.1901 74.4266 749.5123 0.0008 0.1564 0.9877 0.5215 0.6055
Sergiojaula.tga
0 519.9332 47.2518 774.7368 0.0034 0.4413 0.8974 0.5366 0.6362
0 509.6633 71.2910 802.3696 0.9682 0.0085 0.2502 0.5752 0.6240
0 509.3137 32.8810 815.8131 0.9597 0.0988 0.2630 0.5688 0.6665
Sergiojaula.tga
0 509.3137 32.8810 815.8131 0.9597 0.0988 0.2630 0.5688 0.6665
0 519.5930 9.7819 786.5117 -0.0050 -0.4819 0.8762 0.5303 0.6724
0 519.9332 47.2518 774.7368 0.0034 0.4413 0.8974 0.5366 0.6362
Sergiojaula.tga
0 519.5930 9.7819 786.5117 -0.0050 -0.4819 0.8762 0.5303 0.6724
0 509.3137 32.8810 815.8131 0.9597 0.0988 0.2630 0.5688 0.6665
0 508.9803 -3.1489 837.0669 0.9652 -0.2160 0.1474 0.5684 0.7085
Sergiojaula.tga
0 508.9803 -3.1489 837.0669 0.9652 -0.2160 0.1474 0.5684 0.7085
0 511.2989 -3.1234 789.0983 0.8442 -0.5345 0.0405 0.5269 0.6846
0 519.5930 9.7819 786.5117 -0.0050 -0.4819 0.8762 0.5303 0.6724
Sergiojaula.tga
0 563.2109 -105.6075 815.4251 -1.0000 0.0089 -0.0006 0.7549 0.5137
0 563.5464 -64.9609 855.8503 -1.0000 0.0089 -0.0006 0.7549 0.4062
0 563.9359 -23.9977 815.7468 -1.0000 0.0089 -0.0006 0.8628 0.4062
Sergiojaula.tga
0 563.9359 -23.9977 815.7468 -1.0000 0.0089 -0.0006 0.8628 0.4062
0 563.5999 -64.6442 775.3220 -1.0000 0.0089 -0.0006 0.8628 0.5137
0 563.2109 -105.6075 815.4251 -1.0000 0.0089 -0.0006 0.7549 0.5137
Sergiojaula.tga
0 563.5999 -64.6442 775.3220 0.0021 0.3087 0.9512 0.7549 0.4062
0 556.6498 -64.5823 775.3177 0.0058 0.6995 0.7146 0.7549 0.3962
0 556.2606 -105.5457 815.4202 0.0058 0.6995 0.7146 0.8628 0.3960
Sergiojaula.tga
0 556.2606 -105.5457 815.4202 0.0058 0.6995 0.7146 0.8628 0.3960
0 563.2109 -105.6075 815.4251 0.0057 0.6995 0.7146 0.8628 0.4062
0 563.5999 -64.6442 775.3220 0.0021 0.3087 0.9512 0.7549 0.4062
Sergiojaula.tga
0 563.9359 -23.9977 815.7468 -0.0067 -0.7051 0.7090 0.7549 0.5137
0 556.9847 -23.9357 815.7427 -0.0067 -0.7051 0.7090 0.7466 0.5137
0 556.6498 -64.5823 775.3177 -0.0067 -0.7051 0.7090 0.7466 0.4062
Sergiojaula.tga
0 556.6498 -64.5823 775.3177 -0.0067 -0.7051 0.7090 0.7466 0.4062
0 563.5999 -64.6442 775.3220 0.0021 0.3087 0.9512 0.7549 0.4062
0 563.9359 -23.9977 815.7468 -0.0067 -0.7051 0.7090 0.7549 0.5137
Sergiojaula.tga
0 563.5464 -64.9609 855.8503 -0.0058 -0.6995 -0.7146 0.8628 0.4062
0 556.5959 -64.8991 855.8458 -0.0058 -0.6995 -0.7146 0.8628 0.3965
0 556.9847 -23.9357 815.7427 -0.0058 -0.6995 -0.7146 0.7549 0.3962
Sergiojaula.tga
0 556.9847 -23.9357 815.7427 -0.0058 -0.6995 -0.7146 0.7549 0.3962
0 563.9359 -23.9977 815.7468 -0.0058 -0.6995 -0.7146 0.7549 0.4062
0 563.5464 -64.9609 855.8503 -0.0058 -0.6995 -0.7146 0.8628 0.4062
Sergiojaula.tga
0 563.2109 -105.6075 815.4251 0.0068 0.7051 -0.7090 0.7549 0.4062
0 556.2606 -105.5457 815.4202 0.0068 0.7051 -0.7090 0.7466 0.4062
0 556.5959 -64.8991 855.8458 0.0068 0.7051 -0.7090 0.7466 0.5137
Sergiojaula.tga
0 556.5959 -64.8991 855.8458 0.0068 0.7051 -0.7090 0.7466 0.5137
0 563.5464 -64.9609 855.8503 0.0067 0.7051 -0.7090 0.7549 0.5137
0 563.2109 -105.6075 815.4251 0.0068 0.7051 -0.7090 0.7549 0.4062
Sergiojaula.tga
0 691.8335 -67.5863 841.3262 -0.8996 0.0063 0.4367 0.6221 0.5229
0 683.7079 -81.4470 851.2021 0.5672 0.6389 -0.5196 0.6348 0.5371
0 705.0728 -67.9174 895.3883 -0.9972 0.0091 -0.0736 0.6768 0.5029
Sergiojaula.tga
0 655.1116 -81.0513 815.1960 0.0963 0.8651 -0.4923 0.5996 0.5771
0 683.7079 -81.4470 851.2021 0.5672 0.6389 -0.5196 0.6348 0.5371
0 691.8335 -67.5863 841.3262 -0.8996 0.0063 0.4367 0.6221 0.5229
Sergiojaula.tga
0 691.8335 -67.5863 841.3262 -0.8996 0.0063 0.4367 0.6221 0.5229
0 665.2695 -67.1423 788.4893 -0.2826 0.9086 0.3075 0.5718 0.5601
0 655.1116 -81.0513 815.1960 0.0963 0.8651 -0.4923 0.5996 0.5771
Sergiojaula.tga
0 665.2695 -67.1423 788.4893 -0.2826 0.9086 0.3075 0.5718 0.5601
0 618.8146 -80.6763 801.8441 -0.0893 0.9248 -0.3699 0.5752 0.6240
0 655.1116 -81.0513 815.1960 0.0963 0.8651 -0.4923 0.5996 0.5771
Sergiojaula.tga
0 618.8146 -80.6763 801.8441 -0.0893 0.9248 -0.3699 0.5752 0.6240
0 665.2695 -67.1423 788.4893 -0.2826 0.9086 0.3075 0.5718 0.5601
0 621.2478 -66.5954 749.0242 0.1994 -0.0056 0.9799 0.5215 0.6055
Sergiojaula.tga
0 618.8146 -80.6763 801.8441 -0.0893 0.9248 -0.3699 0.5752 0.6240
0 621.2478 -66.5954 749.0242 0.1994 -0.0056 0.9799 0.5215 0.6055
0 600.8345 -66.5146 774.3427 0.5486 -0.0082 0.8360 0.5366 0.6362
Sergiojaula.tga
0 589.9104 -80.4734 815.4203 -0.3272 0.8370 -0.4387 0.5688 0.6665
0 618.8146 -80.6763 801.8441 -0.0893 0.9248 -0.3699 0.5752 0.6240
0 600.8345 -66.5146 774.3427 0.5486 -0.0082 0.8360 0.5366 0.6362
Sergiojaula.tga
0 600.8345 -66.5146 774.3427 0.5486 -0.0082 0.8360 0.5366 0.6362
0 572.6341 -66.3115 786.2471 -0.4532 0.0007 0.8914 0.5303 0.6724
0 589.9104 -80.4734 815.4203 -0.3272 0.8370 -0.4387 0.5688 0.6665
Sergiojaula.tga
0 562.8176 -80.3170 836.7990 -0.5526 0.8046 -0.2176 0.5684 0.7085
0 589.9104 -80.4734 815.4203 -0.3272 0.8370 -0.4387 0.5688 0.6665
0 572.6341 -66.3115 786.2471 -0.4532 0.0007 0.8914 0.5303 0.6724
Sergiojaula.tga
0 572.6341 -66.3115 786.2471 -0.4532 0.0007 0.8914 0.5303 0.6724
0 562.7682 -77.0900 788.9724 -0.7309 0.6808 0.0467 0.5269 0.6846
0 562.8176 -80.3170 836.7990 -0.5526 0.8046 -0.2176 0.5684 0.7085
Sergiojaula.tga
0 655.3574 -53.2661 815.3057 0.6588 -0.0029 -0.7523 0.6230 0.5923
0 683.9546 -53.6626 851.3116 0.8473 -0.0054 -0.5311 0.6562 0.5532
0 683.7079 -81.4470 851.2021 0.5672 0.6389 -0.5196 0.6348 0.5371
Sergiojaula.tga
0 683.7079 -81.4470 851.2021 0.5672 0.6389 -0.5196 0.6348 0.5371
0 655.1116 -81.0513 815.1960 0.0963 0.8651 -0.4923 0.5996 0.5771
0 655.3574 -53.2661 815.3057 0.6588 -0.0029 -0.7523 0.6230 0.5923
Sergiojaula.tga
0 683.7079 -81.4470 851.2021 0.5672 0.6389 -0.5196 0.6348 0.5371
0 683.9546 -53.6626 851.3116 0.8473 -0.0054 -0.5311 0.6562 0.5532
0 705.0728 -67.9174 895.3883 -0.9972 0.0091 -0.0736 0.6768 0.5029
Sergiojaula.tga
0 619.0608 -52.8923 801.9532 0.0950 0.0031 -0.9955 0.6021 0.6328
0 655.3574 -53.2661 815.3057 0.6588 -0.0029 -0.7523 0.6230 0.5923
0 655.1116 -81.0513 815.1960 0.0963 0.8651 -0.4923 0.5996 0.5771
Sergiojaula.tga
0 655.1116 -81.0513 815.1960 0.0963 0.8651 -0.4923 0.5996 0.5771
0 618.8146 -80.6763 801.8441 -0.0893 0.9248 -0.3699 0.5752 0.6240
0 619.0608 -52.8923 801.9532 0.0950 0.0031 -0.9955 0.6021 0.6328
Sergiojaula.tga
0 590.1569 -52.6890 815.5305 -0.4927 0.0078 -0.8702 0.5967 0.6694
0 619.0608 -52.8923 801.9532 0.0950 0.0031 -0.9955 0.6021 0.6328
0 618.8146 -80.6763 801.8441 -0.0893 0.9248 -0.3699 0.5752 0.6240
Sergiojaula.tga
0 618.8146 -80.6763 801.8441 -0.0893 0.9248 -0.3699 0.5752 0.6240
0 589.9104 -80.4734 815.4203 -0.3272 0.8370 -0.4387 0.5688 0.6665
0 590.1569 -52.6890 815.5305 -0.4927 0.0078 -0.8702 0.5967 0.6694
Sergiojaula.tga
0 563.0635 -52.5329 836.9081 -0.6194 0.0086 -0.7850 0.5957 0.7095
0 590.1569 -52.6890 815.5305 -0.4927 0.0078 -0.8702 0.5967 0.6694
0 589.9104 -80.4734 815.4203 -0.3272 0.8370 -0.4387 0.5688 0.6665
Sergiojaula.tga
0 589.9104 -80.4734 815.4203 -0.3272 0.8370 -0.4387 0.5688 0.6665
0 562.8176 -80.3170 836.7990 -0.5526 0.8046 -0.2176 0.5684 0.7085
0 563.0635 -52.5329 836.9081 -0.6194 0.0086 -0.7850 0.5957 0.7095
Sergiojaula.tga
0 705.0728 -67.9174 895.3883 -0.9972 0.0091 -0.0736 0.6768 0.5029
0 683.9546 -53.6626 851.3116 -0.7001 -0.6330 0.3303 0.6348 0.5371
0 691.8335 -67.5863 841.3262 -0.8996 0.0063 0.4367 0.6221 0.5229
Sergiojaula.tga
0 691.8335 -67.5863 841.3262 -0.8996 0.0063 0.4367 0.6221 0.5229
0 683.9546 -53.6626 851.3116 -0.7001 -0.6330 0.3303 0.6348 0.5371
0 655.3574 -53.2661 815.3057 -0.4276 -0.8198 0.3809 0.5996 0.5771
Sergiojaula.tga
0 655.3574 -53.2661 815.3057 -0.4276 -0.8198 0.3809 0.5996 0.5771
0 665.2695 -67.1423 788.4893 -0.2987 -0.9059 0.3003 0.5708 0.5610
0 691.8335 -67.5863 841.3262 -0.8996 0.0063 0.4367 0.6221 0.5229
Sergiojaula.tga
0 665.2695 -67.1423 788.4893 -0.2987 -0.9059 0.3003 0.5708 0.5610
0 655.3574 -53.2661 815.3057 -0.4276 -0.8198 0.3809 0.5996 0.5771
0 619.0608 -52.8923 801.9532 0.0214 -0.9473 0.3196 0.5752 0.6240
Sergiojaula.tga
0 619.0608 -52.8923 801.9532 0.0214 -0.9473 0.3196 0.5752 0.6240
0 621.2478 -66.5954 749.0242 0.1994 -0.0056 0.9799 0.5215 0.6055
0 665.2695 -67.1423 788.4893 -0.2987 -0.9059 0.3003 0.5708 0.5610
Sergiojaula.tga
0 619.0608 -52.8923 801.9532 0.0214 -0.9473 0.3196 0.5752 0.6240
0 600.8345 -66.5146 774.3427 0.5486 -0.0082 0.8360 0.5366 0.6362
0 621.2478 -66.5954 749.0242 0.1994 -0.0056 0.9799 0.5215 0.6055
Sergiojaula.tga
0 600.8345 -66.5146 774.3427 0.5486 -0.0082 0.8360 0.5366 0.6362
0 619.0608 -52.8923 801.9532 0.0214 -0.9473 0.3196 0.5752 0.6240
0 590.1569 -52.6890 815.5305 0.1755 -0.9269 0.3316 0.5688 0.6665
Sergiojaula.tga
0 590.1569 -52.6890 815.5305 0.1755 -0.9269 0.3316 0.5688 0.6665
0 572.6341 -66.3115 786.2471 -0.4532 0.0007 0.8914 0.5303 0.6724
0 600.8345 -66.5146 774.3427 0.5486 -0.0082 0.8360 0.5366 0.6362
Sergiojaula.tga
0 572.6341 -66.3115 786.2471 -0.4532 0.0007 0.8914 0.5303 0.6724
0 590.1569 -52.6890 815.5305 0.1755 -0.9269 0.3316 0.5688 0.6665
0 563.0635 -52.5329 836.9081 -0.3014 -0.9330 0.1968 0.5684 0.7085
Sergiojaula.tga
0 563.0635 -52.5329 836.9081 -0.3014 -0.9330 0.1968 0.5684 0.7085
0 562.9607 -55.3799 788.9268 -0.7432 -0.6678 0.0412 0.5269 0.6846
0 572.6341 -66.3115 786.2471 -0.4532 0.0007 0.8914 0.5303 0.6724
Sergiojaula.tga
0 75.4864 -35.0270 581.6602 0.6328 -0.7541 -0.1757 0.9551 0.4360
0 104.7582 -35.2700 577.4006 -0.6648 -0.7430 -0.0770 0.9146 0.4360
0 -2.9910 -35.2104 804.7551 -0.4120 -0.8901 -0.1950 0.9146 0.6533
Sergiojaula.tga
0 -2.9910 -35.2104 804.7551 -0.4120 -0.8901 -0.1950 0.9146 0.6533
0 -19.9698 -34.9742 783.0751 0.8042 -0.4559 0.3813 0.9551 0.6533
0 75.4864 -35.0270 581.6602 0.6328 -0.7541 -0.1757 0.9551 0.4360
Sergiojaula.tga
0 104.7582 -35.2700 577.4006 -0.6648 -0.7430 -0.0770 0.9146 0.4360
0 75.4864 -35.0270 581.6602 0.6328 -0.7541 -0.1757 0.9551 0.4360
0 0.6442 -33.9262 470.9215 0.6722 -0.7253 -0.1486 0.9551 0.3059
Sergiojaula.tga
0 0.6442 -33.9262 470.9215 0.6722 -0.7253 -0.1486 0.9551 0.3059
0 21.7924 -34.0494 454.6411 -0.6439 -0.7153 0.2716 0.9146 0.3059
0 104.7582 -35.2700 577.4006 -0.6648 -0.7430 -0.0770 0.9146 0.4360
Sergiojaula.tga
0 21.7924 -34.0494 454.6411 -0.6439 -0.7153 0.2716 0.9146 0.3059
0 0.6442 -33.9262 470.9215 0.6722 -0.7253 -0.1486 0.9551 0.3059
0 -8.3973 -32.3416 89.4379 0.4391 -0.8983 -0.0141 0.9551 0.0068
Sergiojaula.tga
0 -8.3973 -32.3416 89.4379 0.4391 -0.8983 -0.0141 0.9551 0.0068
0 13.1031 -32.5264 88.0393 -0.8981 -0.4393 0.0195 0.9146 0.0068
0 21.7924 -34.0494 454.6411 -0.6439 -0.7153 0.2716 0.9146 0.3059
Sergiojaula.tga
0 75.2422 -62.5486 581.5515 0.9937 -0.0093 0.1118 0.9912 0.4360
0 75.4864 -35.0270 581.6602 0.6328 -0.7541 -0.1757 0.9551 0.4360
0 -19.9698 -34.9742 783.0751 0.8042 -0.4559 0.3813 0.9551 0.6533
Sergiojaula.tga
0 -19.9698 -34.9742 783.0751 0.8042 -0.4559 0.3813 0.9551 0.6533
0 -20.2142 -62.4956 782.9675 0.9036 -0.0097 0.4282 0.9912 0.6533
0 75.2422 -62.5486 581.5515 0.9937 -0.0093 0.1118 0.9912 0.4360
Sergiojaula.tga
0 75.4864 -35.0270 581.6602 0.6328 -0.7541 -0.1757 0.9551 0.4360
0 75.2422 -62.5486 581.5515 0.9937 -0.0093 0.1118 0.9912 0.4360
0 0.4005 -61.4481 470.8130 0.9185 -0.0066 -0.3954 0.9912 0.3059
Sergiojaula.tga
0 0.4005 -61.4481 470.8130 0.9185 -0.0066 -0.3954 0.9912 0.3059
0 0.6442 -33.9262 470.9215 0.6722 -0.7253 -0.1486 0.9551 0.3059
0 75.4864 -35.0270 581.6602 0.6328 -0.7541 -0.1757 0.9551 0.4360
Sergiojaula.tga
0 0.6442 -33.9262 470.9215 0.6722 -0.7253 -0.1486 0.9551 0.3059
0 0.4005 -61.4481 470.8130 0.9185 -0.0066 -0.3954 0.9912 0.3059
0 -8.6415 -59.8630 89.3291 0.9997 -0.0088 -0.0237 0.9912 0.0068
Sergiojaula.tga
0 -8.6415 -59.8630 89.3291 0.9997 -0.0088 -0.0237 0.9912 0.0068
0 -8.3973 -32.3416 89.4379 0.4391 -0.8983 -0.0141 0.9551 0.0068
0 0.6442 -33.9262 470.9215 0.6722 -0.7253 -0.1486 0.9551 0.3059
Sergiojaula.tga
0 104.7582 -35.2700 577.4006 -0.6648 -0.7430 -0.0770 0.9146 0.4360
0 104.5137 -62.7918 577.2924 -0.9654 0.0075 0.2608 0.8774 0.4360
0 -3.2357 -62.7318 804.6472 -0.9036 0.0097 -0.4282 0.8774 0.6533
Sergiojaula.tga
0 -3.2357 -62.7318 804.6472 -0.9036 0.0097 -0.4282 0.8774 0.6533
0 -2.9910 -35.2104 804.7551 -0.4120 -0.8901 -0.1950 0.9146 0.6533
0 104.7582 -35.2700 577.4006 -0.6648 -0.7430 -0.0770 0.9146 0.4360
Sergiojaula.tga
0 104.5137 -62.7918 577.2924 -0.9654 0.0075 0.2608 0.8774 0.4360
0 104.7582 -35.2700 577.4006 -0.6648 -0.7430 -0.0770 0.9146 0.4360
0 21.7924 -34.0494 454.6411 -0.6439 -0.7153 0.2716 0.9146 0.3059
Sergiojaula.tga
0 21.7924 -34.0494 454.6411 -0.6439 -0.7153 0.2716 0.9146 0.3059
0 21.5479 -61.5712 454.5328 -0.9777 0.0079 0.2100 0.8774 0.3059
0 104.5137 -62.7918 577.2924 -0.9654 0.0075 0.2608 0.8774 0.4360
Sergiojaula.tga
0 21.5479 -61.5712 454.5328 -0.9777 0.0079 0.2100 0.8774 0.3059
0 21.7924 -34.0494 454.6411 -0.6439 -0.7153 0.2716 0.9146 0.3059
0 13.1031 -32.5264 88.0393 -0.8981 -0.4393 0.0195 0.9146 0.0068
Sergiojaula.tga
0 13.1031 -32.5264 88.0393 -0.8981 -0.4393 0.0195 0.9146 0.0068
0 12.8591 -60.0486 87.9307 -0.9997 0.0088 0.0237 0.8774 0.0068
0 21.5479 -61.5712 454.5328 -0.9777 0.0079 0.2100 0.8774 0.3059
Sergiojaula.tga
0 -474.4075 -30.1460 581.3151 -0.6459 -0.7428 -0.1765 0.9551 0.4360
0 -379.2195 -31.7852 782.8504 -0.8127 -0.4415 0.3803 0.9551 0.6533
0 -396.2264 -31.7199 804.5085 0.3964 -0.8972 -0.1945 0.9146 0.6533
Sergiojaula.tga
0 -396.2264 -31.7199 804.5085 0.3964 -0.8972 -0.1945 0.9146 0.6533
0 -503.6746 -29.8685 577.0195 0.6516 -0.7547 -0.0762 0.9146 0.4360
0 -474.4075 -30.1460 581.3151 -0.6459 -0.7428 -0.1765 0.9551 0.4360
Sergiojaula.tga
0 -399.4196 -30.3744 470.6708 -0.6848 -0.7133 -0.1495 0.9551 0.3059
0 -474.4075 -30.1460 581.3151 -0.6459 -0.7428 -0.1765 0.9551 0.4360
0 -503.6746 -29.8685 577.0195 0.6516 -0.7547 -0.0762 0.9146 0.4360
Sergiojaula.tga
0 -503.6746 -29.8685 577.0195 0.6516 -0.7547 -0.0762 0.9146 0.4360
0 -420.5460 -30.1229 454.3640 0.6308 -0.7266 0.2724 0.9146 0.3059
0 -399.4196 -30.3744 470.6708 -0.6848 -0.7133 -0.1495 0.9551 0.3059
Sergiojaula.tga
0 -389.8723 -28.9551 89.1984 -0.4550 -0.8904 -0.0147 0.9551 0.0068
0 -399.4196 -30.3744 470.6708 -0.6848 -0.7133 -0.1495 0.9551 0.3059
0 -420.5460 -30.1229 454.3640 0.6308 -0.7266 0.2724 0.9146 0.3059
Sergiojaula.tga
0 -420.5460 -30.1229 454.3640 0.6308 -0.7266 0.2724 0.9146 0.3059
0 -411.3711 -28.7586 87.7731 0.8901 -0.4552 0.0206 0.9146 0.0068
0 -389.8723 -28.9551 89.1984 -0.4550 -0.8904 -0.0147 0.9551 0.0068
Sergiojaula.tga
0 -474.6523 -57.6671 581.2071 -0.9938 0.0084 0.1105 0.9912 0.4360
0 -379.4630 -59.3071 782.7412 -0.9042 0.0063 0.4271 0.9912 0.6533
0 -379.2195 -31.7852 782.8504 -0.8127 -0.4415 0.3803 0.9551 0.6533
Sergiojaula.tga
0 -379.2195 -31.7852 782.8504 -0.8127 -0.4415 0.3803 0.9551 0.6533
0 -474.4075 -30.1460 581.3151 -0.6459 -0.7428 -0.1765 0.9551 0.4360
0 -474.6523 -57.6671 581.2071 -0.9938 0.0084 0.1105 0.9912 0.4360
Sergiojaula.tga
0 -399.6641 -57.8963 470.5622 -0.9179 0.0097 -0.3966 0.9912 0.3059
0 -474.6523 -57.6671 581.2071 -0.9938 0.0084 0.1105 0.9912 0.4360
0 -474.4075 -30.1460 581.3151 -0.6459 -0.7428 -0.1765 0.9551 0.4360
Sergiojaula.tga
0 -474.4075 -30.1460 581.3151 -0.6459 -0.7428 -0.1765 0.9551 0.4360
0 -399.4196 -30.3744 470.6708 -0.6848 -0.7133 -0.1495 0.9551 0.3059
0 -399.6641 -57.8963 470.5622 -0.9179 0.0097 -0.3966 0.9912 0.3059
Sergiojaula.tga
0 -390.1163 -56.4768 89.0901 -0.9996 0.0090 -0.0250 0.9912 0.0068
0 -399.6641 -57.8963 470.5622 -0.9179 0.0097 -0.3966 0.9912 0.3059
0 -399.4196 -30.3744 470.6708 -0.6848 -0.7133 -0.1495 0.9551 0.3059
Sergiojaula.tga
0 -399.4196 -30.3744 470.6708 -0.6848 -0.7133 -0.1495 0.9551 0.3059
0 -389.8723 -28.9551 89.1984 -0.4550 -0.8904 -0.0147 0.9551 0.0068
0 -390.1163 -56.4768 89.0901 -0.9996 0.0090 -0.0250 0.9912 0.0068
Sergiojaula.tga
0 -503.6746 -29.8685 577.0195 0.6516 -0.7547 -0.0762 0.9146 0.4360
0 -396.2264 -31.7199 804.5085 0.3964 -0.8972 -0.1945 0.9146 0.6533
0 -396.4706 -59.2412 804.3999 0.9042 -0.0063 -0.4271 0.8774 0.6533
Sergiojaula.tga
0 -396.4706 -59.2412 804.3999 0.9042 -0.0063 -0.4271 0.8774 0.6533
0 -503.9187 -57.3912 576.9110 0.9650 -0.0096 0.2620 0.8774 0.4360
0 -503.6746 -29.8685 577.0195 0.6516 -0.7547 -0.0762 0.9146 0.4360
Sergiojaula.tga
0 -420.5460 -30.1229 454.3640 0.6308 -0.7266 0.2724 0.9146 0.3059
0 -503.6746 -29.8685 577.0195 0.6516 -0.7547 -0.0762 0.9146 0.4360
0 -503.9187 -57.3912 576.9110 0.9650 -0.0096 0.2620 0.8774 0.4360
Sergiojaula.tga
0 -503.9187 -57.3912 576.9110 0.9650 -0.0096 0.2620 0.8774 0.4360
0 -420.7896 -57.6449 454.2552 0.9774 -0.0095 0.2112 0.8774 0.3059
0 -420.5460 -30.1229 454.3640 0.6308 -0.7266 0.2724 0.9146 0.3059
Sergiojaula.tga
0 -411.3711 -28.7586 87.7731 0.8901 -0.4552 0.0206 0.9146 0.0068
0 -420.5460 -30.1229 454.3640 0.6308 -0.7266 0.2724 0.9146 0.3059
0 -420.7896 -57.6449 454.2552 0.9774 -0.0095 0.2112 0.8774 0.3059
Sergiojaula.tga
0 -420.7896 -57.6449 454.2552 0.9774 -0.0095 0.2112 0.8774 0.3059
0 -411.6150 -56.2802 87.6645 0.9996 -0.0090 0.0250 0.8774 0.0068
0 -411.3711 -28.7586 87.7731 0.8901 -0.4552 0.0206 0.9146 0.0068
Sergiojaula.tga
0 190.1879 -111.3945 868.2662 -0.4466 0.0075 -0.8947 0.7764 0.7163
0 108.4419 -110.6677 868.2148 0.8947 -0.0062 -0.4466 0.7764 0.7822
0 109.3777 -5.1635 868.6318 0.4478 -0.0004 -0.8941 0.7017 0.7822
Sergiojaula.tga
0 109.3777 -5.1635 868.6318 0.4478 -0.0004 -0.8941 0.7017 0.7822
0 191.1248 -5.8904 868.6827 -0.8941 0.0097 -0.4478 0.7017 0.7163
0 190.1879 -111.3945 868.2662 -0.4466 0.0075 -0.8947 0.7764 0.7163
Sergiojaula.tga
0 108.4419 -110.6677 868.2148 0.8947 -0.0062 -0.4466 0.7764 0.7822
0 108.5116 -110.2491 761.9862 1.0000 -0.0089 0.0006 0.7764 0.8193
0 109.4486 -4.7454 762.4017 1.0000 -0.0089 0.0006 0.7017 0.8193
Sergiojaula.tga
0 109.4486 -4.7454 762.4017 1.0000 -0.0089 0.0006 0.7017 0.8193
0 109.3777 -5.1635 868.6318 0.4478 -0.0004 -0.8941 0.7017 0.7822
0 108.4419 -110.6677 868.2148 0.8947 -0.0062 -0.4466 0.7764 0.7822
Sergiojaula.tga
0 191.1248 -5.8904 868.6827 -0.8941 0.0097 -0.4478 0.7017 0.7163
0 191.1948 -5.4716 762.4536 -1.0000 0.0089 -0.0006 0.7017 0.6787
0 190.2588 -110.9764 762.0378 -1.0000 0.0089 -0.0006 0.7764 0.6787
Sergiojaula.tga
0 190.2588 -110.9764 762.0378 -1.0000 0.0089 -0.0006 0.7764 0.6787
0 190.1879 -111.3945 868.2662 -0.4466 0.0075 -0.8947 0.7764 0.7163
0 191.1248 -5.8904 868.6827 -0.8941 0.0097 -0.4478 0.7017 0.7163
Sergiojaula.tga
0 109.3777 -5.1635 868.6318 -0.0089 -1.0000 -0.0039 0.7007 0.7822
0 109.4486 -4.7454 762.4017 -0.0089 -1.0000 -0.0039 0.6685 0.7822
0 191.1948 -5.4716 762.4536 -0.0089 -1.0000 -0.0039 0.6685 0.7163
Sergiojaula.tga
0 191.1948 -5.4716 762.4536 -0.0089 -1.0000 -0.0039 0.6685 0.7163
0 191.1248 -5.8904 868.6827 -0.0089 -1.0000 -0.0039 0.7007 0.7163
0 109.3777 -5.1635 868.6318 -0.0089 -1.0000 -0.0039 0.7007 0.7822
Sergiojaula.tga
0 557.8957 -7.6409 868.9187 -0.6692 -0.3248 -0.6684 0.7764 0.7163
0 556.9318 -116.1541 868.4907 -0.7066 0.0091 -0.7075 0.7764 0.7822
0 477.4528 -115.4487 868.4408 0.0007 0.0039 -1.0000 0.7017 0.7822
Sergiojaula.tga
0 477.4528 -115.4487 868.4408 0.0007 0.0039 -1.0000 0.7017 0.7822
0 478.4165 -6.9352 868.8692 -0.0076 -0.8926 -0.4507 0.7017 0.7163
0 557.8957 -7.6409 868.9187 -0.6692 -0.3248 -0.6684 0.7764 0.7163
Sergiojaula.tga
0 557.8957 -7.6409 868.9187 -0.6692 -0.3248 -0.6684 0.7764 0.7163
0 557.9659 -7.2228 762.6891 -1.0000 0.0089 -0.0006 0.8091 0.7163
0 557.0025 -115.7363 762.2615 -1.0000 0.0089 -0.0006 0.8091 0.7822
Sergiojaula.tga
0 557.0025 -115.7363 762.2615 -1.0000 0.0089 -0.0006 0.8091 0.7822
0 556.9318 -116.1541 868.4907 -0.7066 0.0091 -0.7075 0.7764 0.7822
0 557.8957 -7.6409 868.9187 -0.6692 -0.3248 -0.6684 0.7764 0.7163
Sergiojaula.tga
0 478.4165 -6.9352 868.8692 -0.0076 -0.8926 -0.4507 0.7017 0.7163
0 478.4872 -6.5168 762.6396 -0.0089 -1.0000 -0.0039 0.7017 0.6787
0 557.9659 -7.2228 762.6891 -0.0089 -1.0000 -0.0039 0.7764 0.6787
Sergiojaula.tga
0 557.9659 -7.2228 762.6891 -0.0089 -1.0000 -0.0039 0.7764 0.6787
0 557.8957 -7.6409 868.9187 -0.6692 -0.3248 -0.6684 0.7764 0.7163
0 478.4165 -6.9352 868.8692 -0.0076 -0.8926 -0.4507 0.7017 0.7163
Sergiojaula.tga
0 -488.3273 1.6463 868.2631 -0.6692 -0.3248 -0.6684 0.7764 0.7163
0 -489.2894 -106.8676 867.8344 -0.7066 0.0091 -0.7075 0.7764 0.7822
0 -568.7693 -106.1613 867.7849 0.0007 0.0039 -1.0000 0.7017 0.7822
Sergiojaula.tga
0 -568.7693 -106.1613 867.7849 0.0007 0.0039 -1.0000 0.7017 0.7822
0 -567.8058 2.3516 868.2133 -0.0076 -0.8926 -0.4507 0.7017 0.7163
0 -488.3273 1.6463 868.2631 -0.6692 -0.3248 -0.6684 0.7764 0.7163
Sergiojaula.tga
0 -488.3273 1.6463 868.2631 -0.6692 -0.3248 -0.6684 0.7764 0.7163
0 -488.2564 2.0646 762.0334 -1.0000 0.0089 -0.0006 0.8091 0.7163
0 -489.2197 -106.4490 761.6053 -1.0000 0.0089 -0.0006 0.8091 0.7822
Sergiojaula.tga
0 -489.2197 -106.4490 761.6053 -1.0000 0.0089 -0.0006 0.8091 0.7822
0 -489.2894 -106.8676 867.8344 -0.7066 0.0091 -0.7075 0.7764 0.7822
0 -488.3273 1.6463 868.2631 -0.6692 -0.3248 -0.6684 0.7764 0.7163
Sergiojaula.tga
0 -567.8058 2.3516 868.2133 -0.0076 -0.8926 -0.4507 0.7017 0.7163
0 -567.7347 2.7701 761.9834 -0.0089 -1.0000 -0.0039 0.7017 0.6787
0 -488.2564 2.0646 762.0334 -0.0089 -1.0000 -0.0039 0.7764 0.6787
Sergiojaula.tga
0 -488.2564 2.0646 762.0334 -0.0089 -1.0000 -0.0039 0.7764 0.6787
0 -488.3273 1.6463 868.2631 -0.6692 -0.3248 -0.6684 0.7764 0.7163
0 -567.8058 2.3516 868.2133 -0.0076 -0.8926 -0.4507 0.7017 0.7163
Sergiojaula.tga
0 151.6193 -49.8826 270.2439 0.0311 -0.9981 0.0530 -0.0076 0.9224
0 420.0681 -35.9544 295.0903 0.0612 -0.9926 -0.1044 0.3594 0.9224
0 419.7631 -38.7858 321.8233 0.0795 -0.9084 -0.4105 0.3562 0.9565
Sergiojaula.tga
0 419.7631 -38.7858 321.8233 0.0795 -0.9084 -0.4105 0.3562 0.9565
0 151.3851 -45.2561 291.8845 0.1088 -0.4767 -0.8723 -0.0076 0.9565
0 151.6193 -49.8826 270.2439 0.0311 -0.9981 0.0530 -0.0076 0.9224
Sergiojaula.tga
0 151.3851 -45.2561 291.8845 0.1088 -0.4767 -0.8723 -0.0076 0.9565
0 419.7631 -38.7858 321.8233 0.0795 -0.9084 -0.4105 0.3562 0.9565
0 419.6095 -56.0753 321.7552 0.1108 0.0029 -0.9938 0.3613 0.9902
Sergiojaula.tga
0 419.6095 -56.0753 321.7552 0.1108 0.0029 -0.9938 0.3613 0.9902
0 151.2228 -63.4640 291.8128 0.1108 0.0029 -0.9938 -0.0076 0.9902
0 151.3851 -45.2561 291.8845 0.1088 -0.4767 -0.8723 -0.0076 0.9565
Sergiojaula.tga
0 526.5516 -48.2162 221.2847 0.0012 -0.8928 -0.4504 0.3997 0.9565
0 153.5105 -39.3175 202.6826 0.0341 -0.4441 -0.8953 -0.0076 0.9565
0 153.8506 -39.2159 176.0854 -0.0236 -0.9997 -0.0041 -0.0076 0.9224
Sergiojaula.tga
0 153.8506 -39.2159 176.0854 -0.0236 -0.9997 -0.0041 -0.0076 0.9224
0 526.8951 -48.0977 190.3404 -0.0236 -0.9997 -0.0041 0.3999 0.9224
0 526.5516 -48.2162 221.2847 0.0012 -0.8928 -0.4504 0.3997 0.9565
Sergiojaula.tga
0 496.6475 -48.8270 541.2209 -0.0220 -0.8923 -0.4508 0.3259 0.8667
0 150.7792 -40.6011 541.8520 -0.0122 -0.4435 -0.8962 0.0010 0.8667
0 151.0963 -40.4551 504.0450 -0.0238 -0.9997 -0.0041 0.0010 0.8306
Sergiojaula.tga
0 151.0963 -40.4551 504.0450 -0.0238 -0.9997 -0.0041 0.0010 0.8306
0 496.9645 -48.6807 503.4143 -0.0238 -0.9997 -0.0041 0.3271 0.8306
0 496.6475 -48.8270 541.2209 -0.0220 -0.8923 -0.4508 0.3259 0.8667
Sergiojaula.tga
0 147.7755 -49.8634 650.0242 0.0228 -0.9997 -0.0035 0.0010 0.7500
0 499.1509 -41.8525 650.3113 0.0228 -0.9997 -0.0035 0.3708 0.7500
0 498.7911 -41.9489 675.5247 0.0169 -0.8926 -0.4505 0.3704 0.7866
Sergiojaula.tga
0 498.7911 -41.9489 675.5247 0.0169 -0.8926 -0.4505 0.3704 0.7866
0 147.4142 -49.9719 678.2726 0.0031 -0.4436 -0.8962 0.0010 0.7866
0 147.7755 -49.8634 650.0242 0.0228 -0.9997 -0.0035 0.0010 0.7500
Sergiojaula.tga
0 526.3679 -68.9293 221.2031 0.0499 0.0035 -0.9987 0.3997 0.9902
0 153.3267 -60.0308 202.6011 0.0499 0.0035 -0.9987 -0.0076 0.9902
0 153.5105 -39.3175 202.6826 0.0341 -0.4441 -0.8953 -0.0076 0.9565
Sergiojaula.tga
0 153.5105 -39.3175 202.6826 0.0341 -0.4441 -0.8953 -0.0076 0.9565
0 526.5516 -48.2162 221.2847 0.0012 -0.8928 -0.4504 0.3997 0.9565
0 526.3679 -68.9293 221.2031 0.0499 0.0035 -0.9987 0.3997 0.9902
Sergiojaula.tga
0 496.4637 -69.5401 541.1390 -0.0017 0.0040 -1.0000 0.3250 0.8877
0 150.5957 -61.3143 541.7699 -0.0017 0.0040 -1.0000 0.0010 0.8877
0 150.7792 -40.6011 541.8520 -0.0122 -0.4435 -0.8962 0.0010 0.8667
Sergiojaula.tga
0 150.7792 -40.6011 541.8520 -0.0122 -0.4435 -0.8962 0.0010 0.8667
0 496.6475 -48.8270 541.2209 -0.0220 -0.8923 -0.4508 0.3259 0.8667
0 496.4637 -69.5401 541.1390 -0.0017 0.0040 -1.0000 0.3250 0.8877
Sergiojaula.tga
0 147.4142 -49.9719 678.2726 0.0031 -0.4436 -0.8962 0.0010 0.7866
0 498.7911 -41.9489 675.5247 0.0169 -0.8926 -0.4505 0.3704 0.7866
0 498.6083 -62.6619 675.4429 -0.0079 0.0040 -1.0000 0.3711 0.8057
Sergiojaula.tga
0 498.6083 -62.6619 675.4429 -0.0079 0.0040 -1.0000 0.3711 0.8057
0 147.2303 -70.6849 678.1907 -0.0079 0.0040 -1.0000 0.0010 0.8057
0 147.4142 -49.9719 678.2726 0.0031 -0.4436 -0.8962 0.0010 0.7866
Sergiojaula.tga
0 420.0681 -35.9544 295.0903 0.0372 -0.9902 -0.1349 0.0382 0.9224
0 541.0477 -31.3708 300.5062 0.0447 -0.9853 -0.1648 0.1725 0.9224
0 540.7318 -35.5689 325.5265 0.0446 -0.8405 -0.5400 0.1686 0.9565
Sergiojaula.tga
0 540.7318 -35.5689 325.5265 0.0446 -0.8405 -0.5400 0.1686 0.9565
0 419.7631 -38.7858 321.8233 0.0390 -0.4243 -0.9047 0.0356 0.9565
0 420.0681 -35.9544 295.0903 0.0372 -0.9902 -0.1349 0.0382 0.9224
Sergiojaula.tga
0 419.7631 -38.7858 321.8233 0.0390 -0.4243 -0.9047 0.0356 0.9565
0 540.7318 -35.5689 325.5265 0.0446 -0.8405 -0.5400 0.1686 0.9565
0 540.5786 -52.8582 325.4585 0.0305 0.0037 -0.9995 0.1727 0.9902
Sergiojaula.tga
0 540.5786 -52.8582 325.4585 0.0305 0.0037 -0.9995 0.1727 0.9902
0 419.6095 -56.0753 321.7552 0.0305 0.0037 -0.9995 0.0400 0.9902
0 419.7631 -38.7858 321.8233 0.0390 -0.4243 -0.9047 0.0356 0.9565
Sergiojaula.tga
0 479.7815 -63.7242 386.0836 -0.0890 -0.9341 -0.3458 0.9023 0.9067
0 479.9952 -69.8284 402.5136 -0.4074 -0.1034 -0.9074 0.9033 0.8667
0 219.7222 -43.5879 398.6284 -0.0580 -0.6827 -0.7284 0.5107 0.8667
Sergiojaula.tga
0 219.7222 -43.5879 398.6284 -0.0580 -0.6827 -0.7284 0.5107 0.8667
0 219.5007 -38.2136 384.1644 -0.0890 -0.9341 -0.3457 0.5098 0.9067
0 479.7815 -63.7242 386.0836 -0.0890 -0.9341 -0.3458 0.9023 0.9067
Sergiojaula.tga
0 219.5630 -62.0524 391.9497 0.0482 0.3394 -0.9394 0.5107 0.8540
0 219.7222 -43.5879 398.6284 -0.0580 -0.6827 -0.7284 0.5107 0.8667
0 479.9952 -69.8284 402.5136 -0.4074 -0.1034 -0.9074 0.9033 0.8667
Sergiojaula.tga
0 479.9952 -69.8284 402.5136 -0.4074 -0.1034 -0.9074 0.9033 0.8667
0 479.8420 -87.5237 396.1129 -0.8947 0.1588 -0.4175 0.9033 0.8540
0 219.5630 -62.0524 391.9497 0.0482 0.3394 -0.9394 0.5107 0.8540
Sergiojaula.tga
0 479.8420 -87.5237 396.1129 -0.8947 0.1588 -0.4175 0.9033 0.8540
0 479.9952 -69.8284 402.5136 -0.4074 -0.1034 -0.9074 0.9033 0.8667
0 479.7815 -63.7242 386.0836 -0.9999 0.0035 0.0143 0.9106 0.8706
Sergiojaula.tga
0 479.7815 -63.7242 386.0836 -0.9999 0.0035 0.0143 0.9106 0.8706
0 479.6250 -81.7464 379.5654 -0.9999 0.0035 0.0143 0.9106 0.8584
0 479.8420 -87.5237 396.1129 -0.8947 0.1588 -0.4175 0.9033 0.8540
Sergiojaula.tga
0 -421.0912 -13.1674 321.3408 0.2243 -0.9603 -0.1656 0.2544 0.9224
0 -420.9303 -19.4719 339.7039 0.1379 -0.3663 -0.9202 0.2395 0.9565
0 -501.7232 -34.0842 333.4140 0.2196 -0.7994 -0.5593 0.4946 0.9565
Sergiojaula.tga
0 -501.7232 -34.0842 333.4140 0.2196 -0.7994 -0.5593 0.4946 0.9565
0 -501.9394 -34.0102 315.0266 0.2501 -0.9682 -0.0068 0.4946 0.9224
0 -421.0912 -13.1674 321.3408 0.2243 -0.9603 -0.1656 0.2544 0.9224
Sergiojaula.tga
0 -420.9303 -19.4719 339.7039 -0.0603 -0.8013 -0.5952 0.4346 0.9565
0 -421.0912 -13.1674 321.3408 -0.0682 -0.9438 -0.3234 0.4409 0.9224
0 -104.9926 -31.4183 307.9132 -0.0589 -0.9739 -0.2190 0.0382 0.9224
Sergiojaula.tga
0 -104.9926 -31.4183 307.9132 -0.0589 -0.9739 -0.2190 0.0382 0.9224
0 -104.8011 -33.9929 330.6455 -0.0453 -0.4221 -0.9054 0.0356 0.9565
0 -420.9303 -19.4719 339.7039 -0.0603 -0.8013 -0.5952 0.4346 0.9565
Sergiojaula.tga
0 -421.0703 -35.2021 339.6422 -0.0285 0.0042 -0.9996 0.4382 0.9902
0 -420.9303 -19.4719 339.7039 -0.0603 -0.8013 -0.5952 0.4346 0.9565
0 -104.8011 -33.9929 330.6455 -0.0453 -0.4221 -0.9054 0.0356 0.9565
Sergiojaula.tga
0 -104.8011 -33.9929 330.6455 -0.0453 -0.4221 -0.9054 0.0356 0.9565
0 -104.9403 -49.7231 330.5832 -0.0285 0.0042 -0.9996 0.0400 0.9902
0 -421.0703 -35.2021 339.6422 -0.0285 0.0042 -0.9996 0.4382 0.9902
Sergiojaula.tga
0 128.7648 -48.3404 287.0696 -0.0507 -0.9971 0.0567 -0.0076 0.9224
0 129.0195 -44.1297 305.4736 -0.1145 -0.4765 -0.8717 -0.0076 0.9565
0 -104.8011 -33.9929 330.6455 -0.0957 -0.9076 -0.4087 0.3562 0.9565
Sergiojaula.tga
0 -104.8011 -33.9929 330.6455 -0.0957 -0.9076 -0.4087 0.3562 0.9565
0 -104.9926 -31.4183 307.9132 -0.0816 -0.9904 -0.1115 0.3594 0.9224
0 128.7648 -48.3404 287.0696 -0.0507 -0.9971 0.0567 -0.0076 0.9224
Sergiojaula.tga
0 129.0195 -44.1297 305.4736 -0.1145 -0.4765 -0.8717 -0.0076 0.9565
0 128.8725 -60.6966 305.4086 -0.1068 0.0049 -0.9943 -0.0076 0.9902
0 -104.9403 -49.7231 330.5832 -0.1068 0.0049 -0.9943 0.3613 0.9902
Sergiojaula.tga
0 -104.9403 -49.7231 330.5832 -0.1068 0.0049 -0.9943 0.3613 0.9902
0 -104.8011 -33.9929 330.6455 -0.0957 -0.9076 -0.4087 0.3562 0.9565
0 129.0195 -44.1297 305.4736 -0.1145 -0.4765 -0.8717 -0.0076 0.9565
Sergiojaula.tga
0 -198.1523 -40.6918 190.9253 -0.0253 -0.9997 -0.0038 0.0310 0.9224
0 -197.8882 -40.7985 217.2395 -0.0024 -0.4437 -0.8962 0.0309 0.9565
0 -503.4084 -33.0577 214.2419 -0.0182 -0.8925 -0.4506 0.4946 0.9565
Sergiojaula.tga
0 -503.4084 -33.0577 214.2419 -0.0182 -0.8925 -0.4506 0.4946 0.9565
0 -503.6746 -32.9664 191.6240 -0.0253 -0.9997 -0.0037 0.4946 0.9224
0 -198.1523 -40.6918 190.9253 -0.0253 -0.9997 -0.0038 0.0310 0.9224
Sergiojaula.tga
0 -197.8882 -40.7985 217.2395 -0.0153 -0.8926 -0.4505 0.3997 0.9565
0 -198.1523 -40.6918 190.9253 0.0065 -1.0000 -0.0041 0.3999 0.9224
0 127.1087 -38.5148 179.2072 0.0065 -1.0000 -0.0041 -0.0076 0.9224
Sergiojaula.tga
0 127.1087 -38.5148 179.2072 0.0065 -1.0000 -0.0041 -0.0076 0.9224
0 127.3748 -38.6063 201.8252 -0.0394 -0.4434 -0.8955 -0.0076 0.9565
0 -197.8882 -40.7985 217.2395 -0.0153 -0.8926 -0.4505 0.3997 0.9565
Sergiojaula.tga
0 129.1693 -39.4052 407.1193 0.0085 -1.0000 -0.0041 0.0010 0.8306
0 129.4027 -39.5339 439.2691 0.0067 -0.4437 -0.8962 0.0010 0.8667
0 -276.1635 -42.9703 437.9324 0.0090 -0.8926 -0.4508 0.4946 0.8667
Sergiojaula.tga
0 -276.1635 -42.9703 437.9324 0.0090 -0.8926 -0.4508 0.4946 0.8667
0 -276.3964 -42.8410 405.7820 0.0085 -1.0000 -0.0041 0.4946 0.8306
0 129.1693 -39.4052 407.1193 0.0085 -1.0000 -0.0041 0.0010 0.8306
Sergiojaula.tga
0 -276.3964 -42.8410 405.7820 -0.0401 -0.9992 -0.0037 0.0073 0.8306
0 -276.1635 -42.9703 437.9324 0.0434 -0.4443 -0.8948 0.0010 0.8667
0 -501.3557 -33.8704 422.4982 -0.0053 -0.8931 -0.4499 0.4946 0.8667
Sergiojaula.tga
0 -501.3557 -33.8704 422.4982 -0.0053 -0.8931 -0.4499 0.4946 0.8667
0 -501.5897 -33.7411 390.3484 -0.0401 -0.9992 -0.0037 0.4946 0.8306
0 -276.3964 -42.8410 405.7820 -0.0401 -0.9992 -0.0037 0.0073 0.8306
Sergiojaula.tga
0 -212.0552 -6.2640 558.0395 -0.1718 -0.8724 -0.4576 0.3606 0.7866
0 -211.2417 -6.1837 535.6665 -0.2177 -0.9760 -0.0114 0.3606 0.7500
0 -28.5992 -46.9828 541.2191 -0.2177 -0.9759 -0.0116 0.1317 0.7500
Sergiojaula.tga
0 -28.5992 -46.9828 541.2191 -0.2177 -0.9759 -0.0116 0.1317 0.7500
0 -29.5956 -47.0769 567.3448 -0.0512 -0.4338 -0.8995 0.1313 0.7866
0 -212.0552 -6.2640 558.0395 -0.1718 -0.8724 -0.4576 0.3606 0.7866
Sergiojaula.tga
0 -29.5956 -47.0769 567.3448 0.1377 -0.8902 -0.4343 0.2969 0.7866
0 -28.5992 -46.9828 541.2191 0.0323 -0.9995 -0.0024 0.2971 0.7500
0 123.5178 -42.1685 583.3753 0.0323 -0.9995 -0.0024 0.0010 0.7500
Sergiojaula.tga
0 123.5178 -42.1685 583.3753 0.0323 -0.9995 -0.0024 0.0010 0.7500
0 122.7051 -42.2496 605.7482 0.2323 -0.4440 -0.8654 0.0010 0.7866
0 -29.5956 -47.0769 567.3448 0.1377 -0.8902 -0.4343 0.2969 0.7866
Sergiojaula.tga
0 -29.7630 -65.9225 567.2704 0.2445 0.0017 -0.9697 0.2959 0.8057
0 -29.5956 -47.0769 567.3448 0.1377 -0.8902 -0.4343 0.2969 0.7866
0 122.7051 -42.2496 605.7482 0.2323 -0.4440 -0.8654 0.0010 0.7866
Sergiojaula.tga
0 122.7051 -42.2496 605.7482 0.2323 -0.4440 -0.8654 0.0010 0.7866
0 122.5384 -61.0954 605.6737 0.2445 0.0017 -0.9697 0.0010 0.8057
0 -29.7630 -65.9225 567.2704 0.2445 0.0017 -0.9697 0.2959 0.8057
Sergiojaula.tga
0 -234.9828 -55.4910 571.5876 -0.0899 -0.9959 -0.0026 0.9023 0.9067
0 -234.7162 -55.5617 589.0851 0.0002 -0.4431 -0.8965 0.9033 0.8667
0 -495.0084 -32.0356 577.3848 -0.0603 -0.8910 -0.4500 0.5107 0.8667
Sergiojaula.tga
0 -495.0084 -32.0356 577.3848 -0.0603 -0.8910 -0.4500 0.5107 0.8667
0 -495.2764 -31.9722 561.9799 -0.0899 -0.9959 -0.0025 0.5098 0.9067
0 -234.9828 -55.4910 571.5876 -0.0899 -0.9959 -0.0026 0.9023 0.9067
Sergiojaula.tga
0 -254.4622 -31.6238 676.3923 -0.0349 -0.8921 -0.4505 0.4946 0.7866
0 -254.7476 -31.5396 655.8121 -0.0438 -0.9990 -0.0035 0.4946 0.7500
0 131.6743 -48.4713 655.9742 -0.0438 -0.9990 -0.0035 0.0010 0.7500
Sergiojaula.tga
0 131.6743 -48.4713 655.9742 -0.0438 -0.9990 -0.0035 0.0010 0.7500
0 131.9574 -48.5689 679.9968 -0.0111 -0.4435 -0.8962 0.0010 0.7866
0 -254.4622 -31.6238 676.3923 -0.0349 -0.8921 -0.4505 0.4946 0.7866
Sergiojaula.tga
0 -431.9545 -35.7373 690.2463 0.1384 -0.7032 -0.6974 0.4038 0.7866
0 -432.2367 -35.6402 666.2238 0.0228 -0.9997 -0.0043 0.4041 0.7500
0 -254.7476 -31.5396 655.8121 0.0228 -0.9997 -0.0044 0.1346 0.7500
Sergiojaula.tga
0 -254.7476 -31.5396 655.8121 0.0228 -0.9997 -0.0044 0.1346 0.7500
0 -254.4622 -31.6238 676.3923 0.0228 -0.9997 -0.0044 0.1334 0.7866
0 -431.9545 -35.7373 690.2463 0.1384 -0.7032 -0.6974 0.4038 0.7866
Sergiojaula.tga
0 -501.8905 -52.9297 333.3395 0.0770 0.0032 -0.9970 0.4946 0.9902
0 -501.7232 -34.0842 333.4140 0.2196 -0.7994 -0.5593 0.4946 0.9565
0 -420.9303 -19.4719 339.7039 0.1379 -0.3663 -0.9202 0.2395 0.9565
Sergiojaula.tga
0 -420.9303 -19.4719 339.7039 0.1379 -0.3663 -0.9202 0.2395 0.9565
0 -421.0703 -35.2021 339.6422 0.0770 0.0032 -0.9970 0.2477 0.9902
0 -501.8905 -52.9297 333.3395 0.0770 0.0032 -0.9970 0.4946 0.9902
Sergiojaula.tga
0 -503.5753 -51.9034 214.1675 0.0099 0.0038 -0.9999 0.4946 0.9902
0 -503.4084 -33.0577 214.2419 -0.0182 -0.8925 -0.4506 0.4946 0.9565
0 -197.8882 -40.7985 217.2395 -0.0024 -0.4437 -0.8962 0.0309 0.9565
Sergiojaula.tga
0 -197.8882 -40.7985 217.2395 -0.0024 -0.4437 -0.8962 0.0309 0.9565
0 -198.0553 -59.6441 217.1656 0.0099 0.0038 -0.9999 0.0309 0.9902
0 -503.5753 -51.9034 214.1675 0.0099 0.0038 -0.9999 0.4946 0.9902
Sergiojaula.tga
0 -198.0553 -59.6441 217.1656 -0.0474 0.0043 -0.9989 0.3997 0.9902
0 -197.8882 -40.7985 217.2395 -0.0153 -0.8926 -0.4505 0.3997 0.9565
0 127.3748 -38.6063 201.8252 -0.0394 -0.4434 -0.8955 -0.0076 0.9565
Sergiojaula.tga
0 127.3748 -38.6063 201.8252 -0.0394 -0.4434 -0.8955 -0.0076 0.9565
0 127.2078 -57.4520 201.7510 -0.0474 0.0044 -0.9989 -0.0076 0.9902
0 -198.0553 -59.6441 217.1656 -0.0474 0.0043 -0.9989 0.3997 0.9902
Sergiojaula.tga
0 -276.3310 -61.8151 437.8579 0.0033 0.0039 -1.0000 0.4946 0.8877
0 -276.1635 -42.9703 437.9324 0.0090 -0.8926 -0.4508 0.4946 0.8667
0 129.4027 -39.5339 439.2691 0.0067 -0.4437 -0.8962 0.0010 0.8667
Sergiojaula.tga
0 129.4027 -39.5339 439.2691 0.0067 -0.4437 -0.8962 0.0010 0.8667
0 129.2358 -58.3795 439.1946 0.0033 0.0039 -1.0000 0.0010 0.8877
0 -276.3310 -61.8151 437.8579 0.0033 0.0039 -1.0000 0.4946 0.8877
Sergiojaula.tga
0 -501.5231 -52.7160 422.4240 0.0685 0.0033 -0.9976 0.4946 0.8877
0 -501.3557 -33.8704 422.4982 -0.0053 -0.8931 -0.4499 0.4946 0.8667
0 -276.1635 -42.9703 437.9324 0.0434 -0.4443 -0.8948 0.0010 0.8667
Sergiojaula.tga
0 -276.1635 -42.9703 437.9324 0.0434 -0.4443 -0.8948 0.0010 0.8667
0 -276.3310 -61.8151 437.8579 0.0685 0.0033 -0.9976 0.0010 0.8877
0 -501.5231 -52.7160 422.4240 0.0685 0.0033 -0.9976 0.4946 0.8877
Sergiojaula.tga
0 -212.2225 -25.1101 557.9650 0.0517 0.0035 -0.9987 0.3606 0.8057
0 -212.0552 -6.2640 558.0395 -0.1718 -0.8724 -0.4576 0.3606 0.7866
0 -29.5956 -47.0769 567.3448 -0.0512 -0.4338 -0.8995 0.1313 0.7866
Sergiojaula.tga
0 -29.5956 -47.0769 567.3448 -0.0512 -0.4338 -0.8995 0.1313 0.7866
0 -29.7630 -65.9225 567.2704 0.0517 0.0035 -0.9987 0.1302 0.8057
0 -212.2225 -25.1101 557.9650 0.0517 0.0035 -0.9987 0.3606 0.8057
Sergiojaula.tga
0 -495.1825 -51.7009 577.3073 0.0452 0.0035 -0.9990 0.5107 0.8540
0 -495.0084 -32.0356 577.3848 -0.0603 -0.8910 -0.4500 0.5107 0.8667
0 -234.7162 -55.5617 589.0851 0.0002 -0.4431 -0.8965 0.9033 0.8667
Sergiojaula.tga
0 -234.7162 -55.5617 589.0851 0.0002 -0.4431 -0.8965 0.9033 0.8667
0 -234.8830 -74.4077 589.0111 0.0452 0.0035 -0.9990 0.9033 0.8540
0 -495.1825 -51.7009 577.3073 0.0452 0.0035 -0.9990 0.5107 0.8540
Sergiojaula.tga
0 131.9574 -48.5689 679.9968 -0.0111 -0.4435 -0.8962 0.0010 0.7866
0 131.7905 -67.4144 679.9224 0.0095 0.0039 -0.9999 0.0010 0.8057
0 -254.6295 -50.4689 676.3180 0.0095 0.0039 -0.9999 0.4946 0.8057
Sergiojaula.tga
0 -254.6295 -50.4689 676.3180 0.0095 0.0039 -0.9999 0.4946 0.8057
0 -254.4622 -31.6238 676.3923 -0.0349 -0.8921 -0.4505 0.4946 0.7866
0 131.9574 -48.5689 679.9968 -0.0111 -0.4435 -0.8962 0.0010 0.7866
Sergiojaula.tga
0 -431.9545 -35.7373 690.2463 0.1384 -0.7032 -0.6974 0.4038 0.7866
0 -432.1213 -54.5829 690.1713 0.1735 0.0024 -0.9848 0.4038 0.8057
0 -498.9175 -53.9442 678.4083 0.1735 0.0024 -0.9848 0.4946 0.8057
Sergiojaula.tga
0 -498.9175 -53.9442 678.4083 0.1735 0.0024 -0.9848 0.4946 0.8057
0 -498.7502 -35.0980 678.4824 0.1735 0.0023 -0.9848 0.4946 0.7866
0 -431.9545 -35.7373 690.2463 0.1384 -0.7032 -0.6974 0.4038 0.7866
Sergiojaula.tga
0 187.3893 87.8335 663.3802 -0.8476 0.1453 -0.5103 0.7129 0.5713
0 176.8317 65.7554 659.4468 -0.6578 0.7500 -0.0690 0.7358 0.5742
0 169.8406 76.3385 681.1814 -0.3800 0.3973 -0.8353 0.7397 0.5444
Sergiojaula.tga
0 180.8835 84.0206 631.8002 -0.8357 0.4752 0.2752 0.7271 0.6118
0 189.9895 104.0836 643.3622 -0.9973 -0.0717 -0.0169 0.6938 0.5986
0 196.9495 112.0132 626.1378 -0.9403 0.2111 -0.2668 0.6836 0.6226
Sergiojaula.tga
0 196.9495 112.0132 626.1378 -0.9403 0.2111 -0.2668 0.6836 0.6226
0 186.0867 93.5349 617.2008 -0.8656 0.5004 0.0176 0.7134 0.6309
0 180.8835 84.0206 631.8002 -0.8357 0.4752 0.2752 0.7271 0.6118
Sergiojaula.tga
0 189.9895 104.0836 643.3622 -0.9973 -0.0717 -0.0169 0.6938 0.5986
0 187.9965 109.1400 656.7094 -0.9606 -0.1295 -0.2459 0.6855 0.5786
0 185.2947 114.8605 649.0934 -0.8295 -0.5216 -0.1994 0.6738 0.5884
Sergiojaula.tga
0 187.9965 109.1400 656.7094 -0.9606 -0.1295 -0.2459 0.6855 0.5786
0 189.9895 104.0836 643.3622 -0.9973 -0.0717 -0.0169 0.6938 0.5986
0 193.6125 94.0929 652.3678 -0.9962 0.0762 0.0416 0.7041 0.5864
Sergiojaula.tga
0 187.9965 109.1400 656.7094 -0.9606 -0.1295 -0.2459 0.6855 0.5786
0 193.6125 94.0929 652.3678 -0.9962 0.0762 0.0416 0.7041 0.5864
0 187.3893 87.8335 663.3802 -0.8476 0.1453 -0.5103 0.7129 0.5713
Sergiojaula.tga
0 187.3893 87.8335 663.3802 -0.8476 0.1453 -0.5103 0.7129 0.5713
0 182.6722 112.0986 665.8672 -0.5165 -0.3322 -0.7892 0.6836 0.5601
0 187.9965 109.1400 656.7094 -0.9606 -0.1295 -0.2459 0.6855 0.5786
Sergiojaula.tga
0 176.8317 65.7554 659.4468 -0.6578 0.7500 -0.0690 0.7358 0.5742
0 156.5842 60.6517 673.5602 -0.2604 0.7516 -0.6061 0.7744 0.5596
0 169.8406 76.3385 681.1814 -0.3800 0.3973 -0.8353 0.7397 0.5444
Sergiojaula.tga
0 185.2947 114.8605 649.0934 -0.8295 -0.5216 -0.1994 0.6738 0.5884
0 194.0416 123.9498 631.2148 -0.6847 -0.4573 -0.5675 0.6680 0.6152
0 196.9495 112.0132 626.1378 -0.9403 0.2111 -0.2668 0.6836 0.6226
Sergiojaula.tga
0 196.9495 112.0132 626.1378 -0.9403 0.2111 -0.2668 0.6836 0.6226
0 189.9895 104.0836 643.3622 -0.9973 -0.0717 -0.0169 0.6938 0.5986
0 185.2947 114.8605 649.0934 -0.8295 -0.5216 -0.1994 0.6738 0.5884
Sergiojaula.tga
0 185.9995 78.6533 644.3162 -0.8192 0.5493 0.1651 0.7256 0.5942
0 180.8835 84.0206 631.8002 -0.8357 0.4752 0.2752 0.7271 0.6118
0 176.8317 65.7554 659.4468 -0.6578 0.7500 -0.0690 0.7358 0.5742
Sergiojaula.tga
0 193.6125 94.0929 652.3678 -0.9962 0.0762 0.0416 0.7041 0.5864
0 189.9895 104.0836 643.3622 -0.9973 -0.0717 -0.0169 0.6938 0.5986
0 180.8835 84.0206 631.8002 -0.8357 0.4752 0.2752 0.7271 0.6118
Sergiojaula.tga
0 180.8835 84.0206 631.8002 -0.8357 0.4752 0.2752 0.7271 0.6118
0 185.9995 78.6533 644.3162 -0.8192 0.5493 0.1651 0.7256 0.5942
0 193.6125 94.0929 652.3678 -0.9962 0.0762 0.0416 0.7041 0.5864
Sergiojaula.tga
0 144.0955 72.3661 675.0697 0.3219 0.1971 -0.9260 0.7930 0.5439
0 161.6337 90.3102 685.7720 -0.2513 -0.1501 -0.9562 0.7358 0.5254
0 169.8406 76.3385 681.1814 -0.3800 0.3973 -0.8353 0.7397 0.5444
Sergiojaula.tga
0 169.8406 76.3385 681.1814 -0.3800 0.3973 -0.8353 0.7397 0.5444
0 156.5842 60.6517 673.5602 -0.2604 0.7516 -0.6061 0.7744 0.5596
0 144.0955 72.3661 675.0697 0.3219 0.1971 -0.9260 0.7930 0.5439
Sergiojaula.tga
0 176.8317 65.7554 659.4468 -0.6578 0.7500 -0.0690 0.7358 0.5742
0 180.8835 84.0206 631.8002 -0.8357 0.4752 0.2752 0.7271 0.6118
0 165.1812 62.1998 627.0814 -0.6773 0.7169 0.1651 0.7700 0.6064
Sergiojaula.tga
0 165.1812 62.1998 627.0814 -0.6773 0.7169 0.1651 0.7700 0.6064
0 157.1710 56.3492 638.4541 -0.4168 0.9089 -0.0169 0.7773 0.5884
0 176.8317 65.7554 659.4468 -0.6578 0.7500 -0.0690 0.7358 0.5742
Sergiojaula.tga
0 187.9965 109.1400 656.7094 -0.9606 -0.1295 -0.2459 0.6855 0.5786
0 182.6722 112.0986 665.8672 -0.5165 -0.3322 -0.7892 0.6836 0.5601
0 188.3445 117.9623 663.8215 -0.7932 -0.5317 -0.2969 0.6743 0.5703
Sergiojaula.tga
0 187.3893 87.8335 663.3802 -0.8476 0.1453 -0.5103 0.7129 0.5713
0 193.6125 94.0929 652.3678 -0.9962 0.0762 0.0416 0.7041 0.5864
0 185.9995 78.6533 644.3162 -0.8192 0.5493 0.1651 0.7256 0.5942
Sergiojaula.tga
0 176.8317 65.7554 659.4468 -0.6578 0.7500 -0.0690 0.7358 0.5742
0 187.3893 87.8335 663.3802 -0.8476 0.1453 -0.5103 0.7129 0.5713
0 185.9995 78.6533 644.3162 -0.8192 0.5493 0.1651 0.7256 0.5942
Sergiojaula.tga
0 161.6337 90.3102 685.7720 -0.2513 -0.1501 -0.9562 0.7358 0.5254
0 182.6722 112.0986 665.8672 -0.5165 -0.3322 -0.7892 0.6836 0.5601
0 187.3893 87.8335 663.3802 -0.8476 0.1453 -0.5103 0.7129 0.5713
Sergiojaula.tga
0 187.3893 87.8335 663.3802 -0.8476 0.1453 -0.5103 0.7129 0.5713
0 169.8406 76.3385 681.1814 -0.3800 0.3973 -0.8353 0.7397 0.5444
0 161.6337 90.3102 685.7720 -0.2513 -0.1501 -0.9562 0.7358 0.5254
Sergiojaula.tga
0 187.9965 109.1400 656.7094 -0.9606 -0.1295 -0.2459 0.6855 0.5786
0 188.3445 117.9623 663.8215 -0.7932 -0.5317 -0.2969 0.6743 0.5703
0 185.2947 114.8605 649.0934 -0.8295 -0.5216 -0.1994 0.6738 0.5884
Sergiojaula.tga
0 157.1710 56.3492 638.4541 -0.4168 0.9089 -0.0169 0.7773 0.5884
0 156.5842 60.6517 673.5602 -0.2604 0.7516 -0.6061 0.7744 0.5596
0 176.8317 65.7554 659.4468 -0.6578 0.7500 -0.0690 0.7358 0.5742
Sergiojaula.tga
0 166.1428 124.1841 663.5099 -0.0266 -0.7900 -0.6126 0.7129 0.5713
0 153.4664 104.3527 681.2808 0.3933 -0.3889 -0.8331 0.7397 0.5444
0 147.4281 116.0620 659.6255 0.7395 -0.6675 -0.0874 0.7358 0.5742
Sergiojaula.tga
0 161.6812 117.0061 631.9178 0.4249 -0.8531 0.3027 0.7271 0.6118
0 169.8679 121.2840 617.2998 0.4928 -0.8699 0.0214 0.7134 0.6309
0 186.0468 130.6678 626.2042 0.0408 -0.9372 -0.3463 0.6836 0.6226
Sergiojaula.tga
0 186.0468 130.6678 626.2042 0.0408 -0.9372 -0.3463 0.6836 0.6226
0 178.5845 123.5956 643.4317 -0.4154 -0.9094 -0.0199 0.6938 0.5986
0 161.6812 117.0061 631.9178 0.4249 -0.8531 0.3027 0.7271 0.6118
Sergiojaula.tga
0 178.5845 123.5956 643.4317 -0.4154 -0.9094 -0.0199 0.6938 0.5986
0 185.2947 114.8605 649.0934 -0.8295 -0.5216 -0.1994 0.6738 0.5884
0 181.8097 119.7234 656.7466 -0.4987 -0.8144 -0.2967 0.6855 0.5786
Sergiojaula.tga
0 181.8097 119.7234 656.7466 -0.4987 -0.8144 -0.2967 0.6855 0.5786
0 172.2192 130.6945 652.4974 -0.1851 -0.9804 0.0681 0.7041 0.5864
0 178.5845 123.5956 643.4317 -0.4154 -0.9094 -0.0199 0.6938 0.5986
Sergiojaula.tga
0 181.8097 119.7234 656.7466 -0.4987 -0.8144 -0.2967 0.6855 0.5786
0 182.6722 112.0986 665.8672 -0.5165 -0.3322 -0.7892 0.6836 0.5601
0 166.1428 124.1841 663.5099 -0.0266 -0.7900 -0.6126 0.7129 0.5713
Sergiojaula.tga
0 166.1428 124.1841 663.5099 -0.0266 -0.7900 -0.6126 0.7129 0.5713
0 172.2192 130.6945 652.4974 -0.1851 -0.9804 0.0681 0.7041 0.5864
0 181.8097 119.7234 656.7466 -0.4987 -0.8144 -0.2967 0.6855 0.5786
Sergiojaula.tga
0 147.4281 116.0620 659.6255 0.7395 -0.6675 -0.0874 0.7358 0.5742
0 153.4664 104.3527 681.2808 0.3933 -0.3889 -0.8331 0.7397 0.5444
0 138.6401 91.3516 673.6692 0.7655 -0.3203 -0.5581 0.7744 0.5596
Sergiojaula.tga
0 185.2947 114.8605 649.0934 -0.8295 -0.5216 -0.1994 0.6738 0.5884
0 178.5845 123.5956 643.4317 -0.4154 -0.9094 -0.0199 0.6938 0.5986
0 186.0468 130.6678 626.2042 0.0408 -0.9372 -0.3463 0.6836 0.6226
Sergiojaula.tga
0 186.0468 130.6678 626.2042 0.0408 -0.9372 -0.3463 0.6836 0.6226
0 194.0416 123.9498 631.2148 -0.6847 -0.4573 -0.5675 0.6680 0.6152
0 185.2947 114.8605 649.0934 -0.8295 -0.5216 -0.1994 0.6738 0.5884
Sergiojaula.tga
0 159.0623 124.7402 644.4802 0.5167 -0.8419 0.1557 0.7256 0.5942
0 147.4281 116.0620 659.6255 0.7395 -0.6675 -0.0874 0.7358 0.5742
0 161.6812 117.0061 631.9178 0.4249 -0.8531 0.3027 0.7271 0.6118
Sergiojaula.tga
0 172.2192 130.6945 652.4974 -0.1851 -0.9804 0.0681 0.7041 0.5864
0 159.0623 124.7402 644.4802 0.5167 -0.8419 0.1557 0.7256 0.5942
0 161.6812 117.0061 631.9178 0.4249 -0.8531 0.3027 0.7271 0.6118
Sergiojaula.tga
0 161.6812 117.0061 631.9178 0.4249 -0.8531 0.3027 0.7271 0.6118
0 178.5845 123.5956 643.4317 -0.4154 -0.9094 -0.0199 0.6938 0.5986
0 172.2192 130.6945 652.4974 -0.1851 -0.9804 0.0681 0.7041 0.5864
Sergiojaula.tga
0 144.0955 72.3661 675.0697 0.3219 0.1971 -0.9260 0.7930 0.5439
0 138.6401 91.3516 673.6692 0.7655 -0.3203 -0.5581 0.7744 0.5596
0 153.4664 104.3527 681.2808 0.3933 -0.3889 -0.8331 0.7397 0.5444
Sergiojaula.tga
0 153.4664 104.3527 681.2808 0.3933 -0.3889 -0.8331 0.7397 0.5444
0 161.6337 90.3102 685.7720 -0.2513 -0.1501 -0.9562 0.7358 0.5254
0 144.0955 72.3661 675.0697 0.3219 0.1971 -0.9260 0.7930 0.5439
Sergiojaula.tga
0 147.4281 116.0620 659.6255 0.7395 -0.6675 -0.0874 0.7358 0.5742
0 141.7839 102.2294 627.2236 0.7180 -0.6765 0.1637 0.7700 0.6064
0 161.6812 117.0061 631.9178 0.4249 -0.8531 0.3027 0.7271 0.6118
Sergiojaula.tga
0 141.7839 102.2294 627.2236 0.7180 -0.6765 0.1637 0.7700 0.6064
0 147.4281 116.0620 659.6255 0.7395 -0.6675 -0.0874 0.7358 0.5742
0 135.5652 93.3149 638.5854 0.8928 -0.4501 -0.0168 0.7773 0.5884
Sergiojaula.tga
0 181.8097 119.7234 656.7466 -0.4987 -0.8144 -0.2967 0.6855 0.5786
0 188.3445 117.9623 663.8215 -0.7932 -0.5317 -0.2969 0.6743 0.5703
0 182.6722 112.0986 665.8672 -0.5165 -0.3322 -0.7892 0.6836 0.5601
Sergiojaula.tga
0 166.1428 124.1841 663.5099 -0.0266 -0.7900 -0.6126 0.7129 0.5713
0 159.0623 124.7402 644.4802 0.5167 -0.8419 0.1557 0.7256 0.5942
0 172.2192 130.6945 652.4974 -0.1851 -0.9804 0.0681 0.7041 0.5864
Sergiojaula.tga
0 147.4281 116.0620 659.6255 0.7395 -0.6675 -0.0874 0.7358 0.5742
0 159.0623 124.7402 644.4802 0.5167 -0.8419 0.1557 0.7256 0.5942
0 166.1428 124.1841 663.5099 -0.0266 -0.7900 -0.6126 0.7129 0.5713
Sergiojaula.tga
0 161.6337 90.3102 685.7720 -0.2513 -0.1501 -0.9562 0.7358 0.5254
0 153.4664 104.3527 681.2808 0.3933 -0.3889 -0.8331 0.7397 0.5444
0 166.1428 124.1841 663.5099 -0.0266 -0.7900 -0.6126 0.7129 0.5713
Sergiojaula.tga
0 166.1428 124.1841 663.5099 -0.0266 -0.7900 -0.6126 0.7129 0.5713
0 182.6722 112.0986 665.8672 -0.5165 -0.3322 -0.7892 0.6836 0.5601
0 161.6337 90.3102 685.7720 -0.2513 -0.1501 -0.9562 0.7358 0.5254
Sergiojaula.tga
0 181.8097 119.7234 656.7466 -0.4987 -0.8144 -0.2967 0.6855 0.5786
0 185.2947 114.8605 649.0934 -0.8295 -0.5216 -0.1994 0.6738 0.5884
0 188.3445 117.9623 663.8215 -0.7932 -0.5317 -0.2969 0.6743 0.5703
Sergiojaula.tga
0 135.5652 93.3149 638.5854 0.8928 -0.4501 -0.0168 0.7773 0.5884
0 147.4281 116.0620 659.6255 0.7395 -0.6675 -0.0874 0.7358 0.5742
0 138.6401 91.3516 673.6692 0.7655 -0.3203 -0.5581 0.7744 0.5596
Sergiojaula.tga
0 176.3273 118.6183 482.8907 -0.7163 -0.4195 -0.5576 0.7129 0.5713
0 181.6785 93.5485 478.9562 -0.9930 0.0973 -0.0672 0.7358 0.5742
0 170.9944 93.6154 500.6465 -0.5876 0.0371 -0.8083 0.7397 0.5444
Sergiojaula.tga
0 174.1913 109.6715 451.2935 -0.9517 -0.1614 0.2611 0.7271 0.6118
0 168.9822 131.9634 462.8545 -0.6582 -0.7524 -0.0265 0.6938 0.5986
0 169.2271 144.1188 445.6419 -0.8469 -0.4339 -0.3075 0.6836 0.6226
Sergiojaula.tga
0 169.2271 144.1188 445.6419 -0.8469 -0.4339 -0.3075 0.6836 0.6226
0 172.3625 121.1332 436.6971 -0.9900 -0.1404 0.0138 0.7134 0.6309
0 174.1913 109.6715 451.2935 -0.9517 -0.1614 0.2611 0.7271 0.6118
Sergiojaula.tga
0 168.9822 131.9634 462.8545 -0.6582 -0.7524 -0.0265 0.6938 0.5986
0 164.7724 133.3282 476.1851 -0.5755 -0.7726 -0.2681 0.6855 0.5786
0 159.7664 134.4446 468.5494 -0.0782 -0.9714 -0.2243 0.6738 0.5884
Sergiojaula.tga
0 164.7724 133.3282 476.1851 -0.5755 -0.7726 -0.2681 0.6855 0.5786
0 168.9822 131.9634 462.8545 -0.6582 -0.7524 -0.0265 0.6938 0.5986
0 177.0018 128.9329 471.8907 -0.7972 -0.6025 0.0379 0.7041 0.5864
Sergiojaula.tga
0 164.7724 133.3282 476.1851 -0.5755 -0.7726 -0.2681 0.6855 0.5786
0 177.0018 128.9329 471.8907 -0.7972 -0.6025 0.0379 0.7041 0.5864
0 176.3273 118.6183 482.8907 -0.7163 -0.4195 -0.5576 0.7129 0.5713
Sergiojaula.tga
0 176.3273 118.6183 482.8907 -0.7163 -0.4195 -0.5576 0.7129 0.5713
0 159.5229 130.0067 485.3185 -0.0437 -0.5563 -0.8299 0.6836 0.5601
0 164.7724 133.3282 476.1851 -0.5755 -0.7726 -0.2681 0.6855 0.5786
Sergiojaula.tga
0 181.6785 93.5485 478.9562 -0.9930 0.0973 -0.0672 0.7358 0.5742
0 171.0276 70.0184 493.0032 -0.7660 0.3079 -0.5643 0.7744 0.5596
0 170.9944 93.6154 500.6465 -0.5876 0.0371 -0.8083 0.7397 0.5444
Sergiojaula.tga
0 159.7664 134.4446 468.5494 -0.0782 -0.9714 -0.2243 0.6738 0.5884
0 160.5572 149.1358 450.6883 -0.0578 -0.7698 -0.6357 0.6680 0.6152
0 169.2271 144.1188 445.6419 -0.8469 -0.4339 -0.3075 0.6836 0.6226
Sergiojaula.tga
0 169.2271 144.1188 445.6419 -0.8469 -0.4339 -0.3075 0.6836 0.6226
0 168.9822 131.9634 462.8545 -0.6582 -0.7524 -0.0265 0.6938 0.5986
0 159.7664 134.4446 468.5494 -0.0782 -0.9714 -0.2243 0.6738 0.5884
Sergiojaula.tga
0 180.6033 111.1771 463.8370 -0.9836 -0.1032 0.1481 0.7256 0.5942
0 174.1913 109.6715 451.2935 -0.9517 -0.1614 0.2611 0.7271 0.6118
0 181.6785 93.5485 478.9562 -0.9930 0.0973 -0.0672 0.7358 0.5742
Sergiojaula.tga
0 177.0018 128.9329 471.8907 -0.7972 -0.6025 0.0379 0.7041 0.5864
0 168.9822 131.9634 462.8545 -0.6582 -0.7524 -0.0265 0.6938 0.5986
0 174.1913 109.6715 451.2935 -0.9517 -0.1614 0.2611 0.7271 0.6118
Sergiojaula.tga
0 174.1913 109.6715 451.2935 -0.9517 -0.1614 0.2611 0.7271 0.6118
0 180.6033 111.1771 463.8370 -0.9836 -0.1032 0.1481 0.7256 0.5942
0 177.0018 128.9329 471.8907 -0.7972 -0.6025 0.0379 0.7041 0.5864
Sergiojaula.tga
0 156.0775 65.4034 494.4467 0.0274 0.3197 -0.9471 0.7930 0.5439
0 157.6351 94.7325 505.1833 -0.0205 -0.2499 -0.9681 0.7358 0.5254
0 170.9944 93.6154 500.6465 -0.5876 0.0371 -0.8083 0.7397 0.5444
Sergiojaula.tga
0 170.9944 93.6154 500.6465 -0.5876 0.0371 -0.8083 0.7397 0.5444
0 171.0276 70.0184 493.0032 -0.7660 0.3079 -0.5643 0.7744 0.5596
0 156.0775 65.4034 494.4467 0.0274 0.3197 -0.9471 0.7930 0.5439
Sergiojaula.tga
0 181.6785 93.5485 478.9562 -0.9930 0.0973 -0.0672 0.7358 0.5742
0 174.1913 109.6715 451.2935 -0.9517 -0.1614 0.2611 0.7271 0.6118
0 176.0272 79.5895 446.5536 -0.9873 0.0734 0.1406 0.7700 0.6064
Sergiojaula.tga
0 176.0272 79.5895 446.5536 -0.9873 0.0734 0.1406 0.7700 0.6064
0 173.9252 67.7758 457.9065 -0.9537 0.3003 -0.0164 0.7773 0.5884
0 181.6785 93.5485 478.9562 -0.9930 0.0973 -0.0672 0.7358 0.5742
Sergiojaula.tga
0 164.7724 133.3282 476.1851 -0.5755 -0.7726 -0.2681 0.6855 0.5786
0 159.5229 130.0067 485.3185 -0.0437 -0.5563 -0.8299 0.6836 0.5601
0 160.0292 139.5083 483.2836 -0.0731 -0.9647 -0.2530 0.6743 0.5703
Sergiojaula.tga
0 176.3273 118.6183 482.8907 -0.7163 -0.4195 -0.5576 0.7129 0.5713
0 177.0018 128.9329 471.8907 -0.7972 -0.6025 0.0379 0.7041 0.5864
0 180.6033 111.1771 463.8370 -0.9836 -0.1032 0.1481 0.7256 0.5942
Sergiojaula.tga
0 181.6785 93.5485 478.9562 -0.9930 0.0973 -0.0672 0.7358 0.5742
0 176.3273 118.6183 482.8907 -0.7163 -0.4195 -0.5576 0.7129 0.5713
0 180.6033 111.1771 463.8370 -0.9836 -0.1032 0.1481 0.7256 0.5942
Sergiojaula.tga
0 157.6351 94.7325 505.1833 -0.0205 -0.2499 -0.9681 0.7358 0.5254
0 159.5229 130.0067 485.3185 -0.0437 -0.5563 -0.8299 0.6836 0.5601
0 176.3273 118.6183 482.8907 -0.7163 -0.4195 -0.5576 0.7129 0.5713
Sergiojaula.tga
0 176.3273 118.6183 482.8907 -0.7163 -0.4195 -0.5576 0.7129 0.5713
0 170.9944 93.6154 500.6465 -0.5876 0.0371 -0.8083 0.7397 0.5444
0 157.6351 94.7325 505.1833 -0.0205 -0.2499 -0.9681 0.7358 0.5254
Sergiojaula.tga
0 164.7724 133.3282 476.1851 -0.5755 -0.7726 -0.2681 0.6855 0.5786
0 160.0292 139.5083 483.2836 -0.0731 -0.9647 -0.2530 0.6743 0.5703
0 159.7664 134.4446 468.5494 -0.0782 -0.9714 -0.2243 0.6738 0.5884
Sergiojaula.tga
0 173.9252 67.7758 457.9065 -0.9537 0.3003 -0.0164 0.7773 0.5884
0 171.0276 70.0184 493.0032 -0.7660 0.3079 -0.5643 0.7744 0.5596
0 181.6785 93.5485 478.9562 -0.9930 0.0973 -0.0672 0.7358 0.5742
Sergiojaula.tga
0 141.6672 121.6377 482.8797 0.6508 -0.5028 -0.5689 0.7129 0.5713
0 144.2838 95.9428 500.6381 0.5894 -0.0280 -0.8074 0.7397 0.5444
0 133.7113 97.7277 478.9406 0.9977 -0.0117 -0.0674 0.7358 0.5742
Sergiojaula.tga
0 142.8635 112.4009 451.2836 0.9263 -0.2674 0.2655 0.7271 0.6118
0 145.9043 123.4385 436.6888 0.9688 -0.2473 0.0149 0.7134 0.6309
0 151.4404 145.6682 445.6364 0.7834 -0.5350 -0.3164 0.6836 0.6226
Sergiojaula.tga
0 151.4404 145.6682 445.6364 0.7834 -0.5350 -0.3164 0.6836 0.6226
0 150.3781 133.5842 462.8484 0.5392 -0.8418 -0.0266 0.6938 0.5986
0 142.8635 112.4009 451.2836 0.9263 -0.2674 0.2655 0.7271 0.6118
Sergiojaula.tga
0 150.3781 133.5842 462.8484 0.5392 -0.8418 -0.0266 0.6938 0.5986
0 159.7664 134.4446 468.5494 -0.0782 -0.9714 -0.2243 0.6738 0.5884
0 154.6812 134.2072 476.1823 0.4483 -0.8508 -0.2742 0.6855 0.5786
Sergiojaula.tga
0 154.6812 134.2072 476.1823 0.4483 -0.8508 -0.2742 0.6855 0.5786
0 142.1025 131.9733 471.8791 0.7082 -0.7048 0.0413 0.7041 0.5864
0 150.3781 133.5842 462.8484 0.5392 -0.8418 -0.0266 0.6938 0.5986
Sergiojaula.tga
0 154.6812 134.2072 476.1823 0.4483 -0.8508 -0.2742 0.6855 0.5786
0 159.5229 130.0067 485.3185 -0.0437 -0.5563 -0.8299 0.6836 0.5601
0 141.6672 121.6377 482.8797 0.6508 -0.5028 -0.5689 0.7129 0.5713
Sergiojaula.tga
0 141.6672 121.6377 482.8797 0.6508 -0.5028 -0.5689 0.7129 0.5713
0 142.1025 131.9733 471.8791 0.7082 -0.7048 0.0413 0.7041 0.5864
0 154.6812 134.2072 476.1823 0.4483 -0.8508 -0.2742 0.6855 0.5786
Sergiojaula.tga
0 133.7113 97.7277 478.9406 0.9977 -0.0117 -0.0674 0.7358 0.5742
0 144.2838 95.9428 500.6381 0.5894 -0.0280 -0.8074 0.7397 0.5444
0 141.7555 72.5682 492.9938 0.7999 0.2205 -0.5582 0.7744 0.5596
Sergiojaula.tga
0 159.7664 134.4446 468.5494 -0.0782 -0.9714 -0.2243 0.6738 0.5884
0 150.3781 133.5842 462.8484 0.5392 -0.8418 -0.0266 0.6938 0.5986
0 151.4404 145.6682 445.6364 0.7834 -0.5350 -0.3164 0.6836 0.6226
Sergiojaula.tga
0 151.4404 145.6682 445.6364 0.7834 -0.5350 -0.3164 0.6836 0.6226
0 160.5572 149.1358 450.6883 -0.0578 -0.7698 -0.6357 0.6680 0.6152
0 159.7664 134.4446 468.5494 -0.0782 -0.9714 -0.2243 0.6738 0.5884
Sergiojaula.tga
0 136.6600 115.0059 463.8229 0.9657 -0.2123 0.1492 0.7256 0.5942
0 133.7113 97.7277 478.9406 0.9977 -0.0117 -0.0674 0.7358 0.5742
0 142.8635 112.4009 451.2836 0.9263 -0.2674 0.2655 0.7271 0.6118
Sergiojaula.tga
0 142.1025 131.9733 471.8791 0.7082 -0.7048 0.0413 0.7041 0.5864
0 136.6600 115.0059 463.8229 0.9657 -0.2123 0.1492 0.7256 0.5942
0 142.8635 112.4009 451.2836 0.9263 -0.2674 0.2655 0.7271 0.6118
Sergiojaula.tga
0 142.8635 112.4009 451.2836 0.9263 -0.2674 0.2655 0.7271 0.6118
0 150.3781 133.5842 462.8484 0.5392 -0.8418 -0.0266 0.6938 0.5986
0 142.1025 131.9733 471.8791 0.7082 -0.7048 0.0413 0.7041 0.5864
Sergiojaula.tga
0 156.0775 65.4034 494.4467 0.0274 0.3197 -0.9471 0.7930 0.5439
0 141.7555 72.5682 492.9938 0.7999 0.2205 -0.5582 0.7744 0.5596
0 144.2838 95.9428 500.6381 0.5894 -0.0280 -0.8074 0.7397 0.5444
Sergiojaula.tga
0 144.2838 95.9428 500.6381 0.5894 -0.0280 -0.8074 0.7397 0.5444
0 157.6351 94.7325 505.1833 -0.0205 -0.2499 -0.9681 0.7358 0.5254
0 156.0775 65.4034 494.4467 0.0274 0.3197 -0.9471 0.7930 0.5439
Sergiojaula.tga
0 133.7113 97.7277 478.9406 0.9977 -0.0117 -0.0674 0.7358 0.5742
0 137.8594 82.9152 446.5412 0.9893 -0.0337 0.1421 0.7700 0.6064
0 142.8635 112.4009 451.2836 0.9263 -0.2674 0.2655 0.7271 0.6118
Sergiojaula.tga
0 137.8594 82.9152 446.5412 0.9893 -0.0337 0.1421 0.7700 0.6064
0 133.7113 97.7277 478.9406 0.9977 -0.0117 -0.0674 0.7358 0.5742
0 138.6782 70.8471 457.8953 0.9811 0.1930 -0.0149 0.7773 0.5884
Sergiojaula.tga
0 154.6812 134.2072 476.1823 0.4483 -0.8508 -0.2742 0.6855 0.5786
0 160.0292 139.5083 483.2836 -0.0731 -0.9647 -0.2530 0.6743 0.5703
0 159.5229 130.0067 485.3185 -0.0437 -0.5563 -0.8299 0.6836 0.5601
Sergiojaula.tga
0 141.6672 121.6377 482.8797 0.6508 -0.5028 -0.5689 0.7129 0.5713
0 136.6600 115.0059 463.8229 0.9657 -0.2123 0.1492 0.7256 0.5942
0 142.1025 131.9733 471.8791 0.7082 -0.7048 0.0413 0.7041 0.5864
Sergiojaula.tga
0 133.7113 97.7277 478.9406 0.9977 -0.0117 -0.0674 0.7358 0.5742
0 136.6600 115.0059 463.8229 0.9657 -0.2123 0.1492 0.7256 0.5942
0 141.6672 121.6377 482.8797 0.6508 -0.5028 -0.5689 0.7129 0.5713
Sergiojaula.tga
0 157.6351 94.7325 505.1833 -0.0205 -0.2499 -0.9681 0.7358 0.5254
0 144.2838 95.9428 500.6381 0.5894 -0.0280 -0.8074 0.7397 0.5444
0 141.6672 121.6377 482.8797 0.6508 -0.5028 -0.5689 0.7129 0.5713
Sergiojaula.tga
0 141.6672 121.6377 482.8797 0.6508 -0.5028 -0.5689 0.7129 0.5713
0 159.5229 130.0067 485.3185 -0.0437 -0.5563 -0.8299 0.6836 0.5601
0 157.6351 94.7325 505.1833 -0.0205 -0.2499 -0.9681 0.7358 0.5254
Sergiojaula.tga
0 154.6812 134.2072 476.1823 0.4483 -0.8508 -0.2742 0.6855 0.5786
0 159.7664 134.4446 468.5494 -0.0782 -0.9714 -0.2243 0.6738 0.5884
0 160.0292 139.5083 483.2836 -0.0731 -0.9647 -0.2530 0.6743 0.5703
Sergiojaula.tga
0 138.6782 70.8471 457.8953 0.9811 0.1930 -0.0149 0.7773 0.5884
0 133.7113 97.7277 478.9406 0.9977 -0.0117 -0.0674 0.7358 0.5742
0 141.7555 72.5682 492.9938 0.7999 0.2205 -0.5582 0.7744 0.5596
Sergiojaula.tga
0 553.5170 84.7532 620.4205 -0.8476 0.1453 -0.5103 0.7129 0.5713
0 542.9598 62.6756 616.4868 -0.6578 0.7500 -0.0690 0.7358 0.5742
0 535.9684 73.2594 638.2212 -0.3800 0.3973 -0.8353 0.7397 0.5444
Sergiojaula.tga
0 547.0103 80.9406 588.8403 -0.8357 0.4752 0.2752 0.7271 0.6118
0 556.1172 101.0033 600.4024 -0.9973 -0.0717 -0.0169 0.6938 0.5986
0 563.0779 108.9340 583.1776 -0.9403 0.2111 -0.2669 0.6836 0.6226
Sergiojaula.tga
0 563.0779 108.9340 583.1776 -0.9403 0.2111 -0.2669 0.6836 0.6226
0 552.2147 90.4553 574.2407 -0.8656 0.5004 0.0175 0.7134 0.6309
0 547.0103 80.9406 588.8403 -0.8357 0.4752 0.2752 0.7271 0.6118
Sergiojaula.tga
0 556.1172 101.0033 600.4024 -0.9973 -0.0717 -0.0169 0.6938 0.5986
0 554.1241 106.0603 613.7484 -0.9606 -0.1296 -0.2459 0.6855 0.5786
0 551.4218 111.7811 606.1336 -0.8296 -0.5216 -0.1994 0.6738 0.5884
Sergiojaula.tga
0 554.1241 106.0603 613.7484 -0.9606 -0.1296 -0.2459 0.6855 0.5786
0 556.1172 101.0033 600.4024 -0.9973 -0.0717 -0.0169 0.6938 0.5986
0 559.7402 91.0134 609.4077 -0.9962 0.0761 0.0416 0.7041 0.5864
Sergiojaula.tga
0 554.1241 106.0603 613.7484 -0.9606 -0.1296 -0.2459 0.6855 0.5786
0 559.7402 91.0134 609.4077 -0.9962 0.0761 0.0416 0.7041 0.5864
0 553.5170 84.7532 620.4205 -0.8476 0.1453 -0.5103 0.7129 0.5713
Sergiojaula.tga
0 553.5170 84.7532 620.4205 -0.8476 0.1453 -0.5103 0.7129 0.5713
0 548.8002 109.0182 622.9078 -0.5166 -0.3322 -0.7892 0.6836 0.5601
0 554.1241 106.0603 613.7484 -0.9606 -0.1296 -0.2459 0.6855 0.5786
Sergiojaula.tga
0 542.9598 62.6756 616.4868 -0.6578 0.7500 -0.0690 0.7358 0.5742
0 522.7118 57.5717 630.6003 -0.2604 0.7516 -0.6061 0.7744 0.5596
0 535.9684 73.2594 638.2212 -0.3800 0.3973 -0.8353 0.7397 0.5444
Sergiojaula.tga
0 551.4218 111.7811 606.1336 -0.8296 -0.5216 -0.1994 0.6738 0.5884
0 560.1692 120.8701 588.2549 -0.6847 -0.4573 -0.5675 0.6680 0.6152
0 563.0779 108.9340 583.1776 -0.9403 0.2111 -0.2669 0.6836 0.6226
Sergiojaula.tga
0 563.0779 108.9340 583.1776 -0.9403 0.2111 -0.2669 0.6836 0.6226
0 556.1172 101.0033 600.4024 -0.9973 -0.0717 -0.0169 0.6938 0.5986
0 551.4218 111.7811 606.1336 -0.8296 -0.5216 -0.1994 0.6738 0.5884
Sergiojaula.tga
0 552.1276 75.5739 601.3560 -0.8192 0.5493 0.1651 0.7256 0.5942
0 547.0103 80.9406 588.8403 -0.8357 0.4752 0.2752 0.7271 0.6118
0 542.9598 62.6756 616.4868 -0.6578 0.7500 -0.0690 0.7358 0.5742
Sergiojaula.tga
0 559.7402 91.0134 609.4077 -0.9962 0.0761 0.0416 0.7041 0.5864
0 556.1172 101.0033 600.4024 -0.9973 -0.0717 -0.0169 0.6938 0.5986
0 547.0103 80.9406 588.8403 -0.8357 0.4752 0.2752 0.7271 0.6118
Sergiojaula.tga
0 547.0103 80.9406 588.8403 -0.8357 0.4752 0.2752 0.7271 0.6118
0 552.1276 75.5739 601.3560 -0.8192 0.5493 0.1651 0.7256 0.5942
0 559.7402 91.0134 609.4077 -0.9962 0.0761 0.0416 0.7041 0.5864
Sergiojaula.tga
0 510.2228 69.2861 632.1102 0.3218 0.1971 -0.9261 0.7930 0.5439
0 527.7618 87.2309 642.8120 -0.2513 -0.1501 -0.9562 0.7358 0.5254
0 535.9684 73.2594 638.2212 -0.3800 0.3973 -0.8353 0.7397 0.5444
Sergiojaula.tga
0 535.9684 73.2594 638.2212 -0.3800 0.3973 -0.8353 0.7397 0.5444
0 522.7118 57.5717 630.6003 -0.2604 0.7516 -0.6061 0.7744 0.5596
0 510.2228 69.2861 632.1102 0.3218 0.1971 -0.9261 0.7930 0.5439
Sergiojaula.tga
0 542.9598 62.6756 616.4868 -0.6578 0.7500 -0.0690 0.7358 0.5742
0 547.0103 80.9406 588.8403 -0.8357 0.4752 0.2752 0.7271 0.6118
0 531.3092 59.1201 584.1215 -0.6774 0.7169 0.1651 0.7700 0.6064
Sergiojaula.tga
0 531.3092 59.1201 584.1215 -0.6774 0.7169 0.1651 0.7700 0.6064
0 523.2985 53.2692 595.4938 -0.4168 0.9089 -0.0169 0.7773 0.5884
0 542.9598 62.6756 616.4868 -0.6578 0.7500 -0.0690 0.7358 0.5742
Sergiojaula.tga
0 554.1241 106.0603 613.7484 -0.9606 -0.1296 -0.2459 0.6855 0.5786
0 548.8002 109.0182 622.9078 -0.5166 -0.3322 -0.7892 0.6836 0.5601
0 554.4717 114.8828 620.8612 -0.7932 -0.5317 -0.2968 0.6743 0.5703
Sergiojaula.tga
0 553.5170 84.7532 620.4205 -0.8476 0.1453 -0.5103 0.7129 0.5713
0 559.7402 91.0134 609.4077 -0.9962 0.0761 0.0416 0.7041 0.5864
0 552.1276 75.5739 601.3560 -0.8192 0.5493 0.1651 0.7256 0.5942
Sergiojaula.tga
0 542.9598 62.6756 616.4868 -0.6578 0.7500 -0.0690 0.7358 0.5742
0 553.5170 84.7532 620.4205 -0.8476 0.1453 -0.5103 0.7129 0.5713
0 552.1276 75.5739 601.3560 -0.8192 0.5493 0.1651 0.7256 0.5942
Sergiojaula.tga
0 527.7618 87.2309 642.8120 -0.2513 -0.1501 -0.9562 0.7358 0.5254
0 548.8002 109.0182 622.9078 -0.5166 -0.3322 -0.7892 0.6836 0.5601
0 553.5170 84.7532 620.4205 -0.8476 0.1453 -0.5103 0.7129 0.5713
Sergiojaula.tga
0 553.5170 84.7532 620.4205 -0.8476 0.1453 -0.5103 0.7129 0.5713
0 535.9684 73.2594 638.2212 -0.3800 0.3973 -0.8353 0.7397 0.5444
0 527.7618 87.2309 642.8120 -0.2513 -0.1501 -0.9562 0.7358 0.5254
Sergiojaula.tga
0 554.1241 106.0603 613.7484 -0.9606 -0.1296 -0.2459 0.6855 0.5786
0 554.4717 114.8828 620.8612 -0.7932 -0.5317 -0.2968 0.6743 0.5703
0 551.4218 111.7811 606.1336 -0.8296 -0.5216 -0.1994 0.6738 0.5884
Sergiojaula.tga
0 523.2985 53.2692 595.4938 -0.4168 0.9089 -0.0169 0.7773 0.5884
0 522.7118 57.5717 630.6003 -0.2604 0.7516 -0.6061 0.7744 0.5596
0 542.9598 62.6756 616.4868 -0.6578 0.7500 -0.0690 0.7358 0.5742
Sergiojaula.tga
0 532.2709 121.1038 620.5494 -0.0266 -0.7900 -0.6126 0.7129 0.5713
0 519.5940 101.2733 638.3201 0.3933 -0.3889 -0.8331 0.7397 0.5444
0 513.5557 112.9821 616.6654 0.7393 -0.6677 -0.0868 0.7358 0.5742
Sergiojaula.tga
0 527.8077 113.7959 588.9570 0.4256 -0.8521 0.3045 0.7271 0.6118
0 535.9963 118.2036 574.3389 0.4953 -0.8686 0.0155 0.7134 0.6309
0 552.1742 127.5879 583.2442 0.0427 -0.9367 -0.3474 0.6836 0.6226
Sergiojaula.tga
0 552.1742 127.5879 583.2442 0.0427 -0.9367 -0.3474 0.6836 0.6226
0 544.7134 120.5151 600.4721 -0.4139 -0.9101 -0.0188 0.6938 0.5986
0 527.8077 113.7959 588.9570 0.4256 -0.8521 0.3045 0.7271 0.6118
Sergiojaula.tga
0 544.7134 120.5151 600.4721 -0.4139 -0.9101 -0.0188 0.6938 0.5986
0 551.4218 111.7811 606.1336 -0.8296 -0.5216 -0.1994 0.6738 0.5884
0 547.9387 116.6433 613.7864 -0.4987 -0.8144 -0.2967 0.6855 0.5786
Sergiojaula.tga
0 547.9387 116.6433 613.7864 -0.4987 -0.8144 -0.2967 0.6855 0.5786
0 538.3471 127.6153 609.5385 -0.1855 -0.9801 0.0702 0.7041 0.5864
0 544.7134 120.5151 600.4721 -0.4139 -0.9101 -0.0188 0.6938 0.5986
Sergiojaula.tga
0 547.9387 116.6433 613.7864 -0.4987 -0.8144 -0.2967 0.6855 0.5786
0 548.8002 109.0182 622.9078 -0.5166 -0.3322 -0.7892 0.6836 0.5601
0 532.2709 121.1038 620.5494 -0.0266 -0.7900 -0.6126 0.7129 0.5713
Sergiojaula.tga
0 532.2709 121.1038 620.5494 -0.0266 -0.7900 -0.6126 0.7129 0.5713
0 538.3471 127.6153 609.5385 -0.1855 -0.9801 0.0702 0.7041 0.5864
0 547.9387 116.6433 613.7864 -0.4987 -0.8144 -0.2967 0.6855 0.5786
Sergiojaula.tga
0 513.5557 112.9821 616.6654 0.7393 -0.6677 -0.0868 0.7358 0.5742
0 519.5940 101.2733 638.3201 0.3933 -0.3889 -0.8331 0.7397 0.5444
0 504.7676 88.2722 630.7089 0.7655 -0.3203 -0.5581 0.7744 0.5596
Sergiojaula.tga
0 551.4218 111.7811 606.1336 -0.8296 -0.5216 -0.1994 0.6738 0.5884
0 544.7134 120.5151 600.4721 -0.4139 -0.9101 -0.0188 0.6938 0.5986
0 552.1742 127.5879 583.2442 0.0427 -0.9367 -0.3474 0.6836 0.6226
Sergiojaula.tga
0 552.1742 127.5879 583.2442 0.0427 -0.9367 -0.3474 0.6836 0.6226
0 560.1692 120.8701 588.2549 -0.6847 -0.4573 -0.5675 0.6680 0.6152
0 551.4218 111.7811 606.1336 -0.8296 -0.5216 -0.1994 0.6738 0.5884
Sergiojaula.tga
0 525.1902 121.6609 601.5197 0.5164 -0.8416 0.1582 0.7256 0.5942
0 513.5557 112.9821 616.6654 0.7393 -0.6677 -0.0868 0.7358 0.5742
0 527.8077 113.7959 588.9570 0.4256 -0.8521 0.3045 0.7271 0.6118
Sergiojaula.tga
0 538.3471 127.6153 609.5385 -0.1855 -0.9801 0.0702 0.7041 0.5864
0 525.1902 121.6609 601.5197 0.5164 -0.8416 0.1582 0.7256 0.5942
0 527.8077 113.7959 588.9570 0.4256 -0.8521 0.3045 0.7271 0.6118
Sergiojaula.tga
0 527.8077 113.7959 588.9570 0.4256 -0.8521 0.3045 0.7271 0.6118
0 544.7134 120.5151 600.4721 -0.4139 -0.9101 -0.0188 0.6938 0.5986
0 538.3471 127.6153 609.5385 -0.1855 -0.9801 0.0702 0.7041 0.5864
Sergiojaula.tga
0 510.2228 69.2861 632.1102 0.3218 0.1971 -0.9261 0.7930 0.5439
0 504.7676 88.2722 630.7089 0.7655 -0.3203 -0.5581 0.7744 0.5596
0 519.5940 101.2733 638.3201 0.3933 -0.3889 -0.8331 0.7397 0.5444
Sergiojaula.tga
0 519.5940 101.2733 638.3201 0.3933 -0.3889 -0.8331 0.7397 0.5444
0 527.7618 87.2309 642.8120 -0.2513 -0.1501 -0.9562 0.7358 0.5254
0 510.2228 69.2861 632.1102 0.3218 0.1971 -0.9261 0.7930 0.5439
Sergiojaula.tga
0 513.5557 112.9821 616.6654 0.7393 -0.6677 -0.0868 0.7358 0.5742
0 507.9117 99.1495 584.2635 0.7164 -0.6780 0.1647 0.7700 0.6064
0 527.8077 113.7959 588.9570 0.4256 -0.8521 0.3045 0.7271 0.6118
Sergiojaula.tga
0 507.9117 99.1495 584.2635 0.7164 -0.6780 0.1647 0.7700 0.6064
0 513.5557 112.9821 616.6654 0.7393 -0.6677 -0.0868 0.7358 0.5742
0 501.6928 90.2347 595.6258 0.8928 -0.4501 -0.0167 0.7773 0.5884
Sergiojaula.tga
0 547.9387 116.6433 613.7864 -0.4987 -0.8144 -0.2967 0.6855 0.5786
0 554.4717 114.8828 620.8612 -0.7932 -0.5317 -0.2968 0.6743 0.5703
0 548.8002 109.0182 622.9078 -0.5166 -0.3322 -0.7892 0.6836 0.5601
Sergiojaula.tga
0 532.2709 121.1038 620.5494 -0.0266 -0.7900 -0.6126 0.7129 0.5713
0 525.1902 121.6609 601.5197 0.5164 -0.8416 0.1582 0.7256 0.5942
0 538.3471 127.6153 609.5385 -0.1855 -0.9801 0.0702 0.7041 0.5864
Sergiojaula.tga
0 513.5557 112.9821 616.6654 0.7393 -0.6677 -0.0868 0.7358 0.5742
0 525.1902 121.6609 601.5197 0.5164 -0.8416 0.1582 0.7256 0.5942
0 532.2709 121.1038 620.5494 -0.0266 -0.7900 -0.6126 0.7129 0.5713
Sergiojaula.tga
0 527.7618 87.2309 642.8120 -0.2513 -0.1501 -0.9562 0.7358 0.5254
0 519.5940 101.2733 638.3201 0.3933 -0.3889 -0.8331 0.7397 0.5444
0 532.2709 121.1038 620.5494 -0.0266 -0.7900 -0.6126 0.7129 0.5713
Sergiojaula.tga
0 532.2709 121.1038 620.5494 -0.0266 -0.7900 -0.6126 0.7129 0.5713
0 548.8002 109.0182 622.9078 -0.5166 -0.3322 -0.7892 0.6836 0.5601
0 527.7618 87.2309 642.8120 -0.2513 -0.1501 -0.9562 0.7358 0.5254
Sergiojaula.tga
0 547.9387 116.6433 613.7864 -0.4987 -0.8144 -0.2967 0.6855 0.5786
0 551.4218 111.7811 606.1336 -0.8296 -0.5216 -0.1994 0.6738 0.5884
0 554.4717 114.8828 620.8612 -0.7932 -0.5317 -0.2968 0.6743 0.5703
Sergiojaula.tga
0 501.6928 90.2347 595.6258 0.8928 -0.4501 -0.0167 0.7773 0.5884
0 513.5557 112.9821 616.6654 0.7393 -0.6677 -0.0868 0.7358 0.5742
0 504.7676 88.2722 630.7089 0.7655 -0.3203 -0.5581 0.7744 0.5596
Sergiojaula.tga
0 542.3926 115.1636 535.1738 -0.7163 -0.4195 -0.5576 0.7129 0.5713
0 547.7424 90.0939 531.2394 -0.9930 0.0977 -0.0671 0.7358 0.5742
0 537.0596 90.1604 552.9299 -0.5877 0.0379 -0.8082 0.7397 0.5444
Sergiojaula.tga
0 540.2554 106.2166 503.5771 -0.9517 -0.1615 0.2611 0.7271 0.6118
0 535.0468 128.5090 515.1371 -0.6582 -0.7524 -0.0265 0.6938 0.5986
0 535.2923 140.6642 497.9253 -0.8469 -0.4339 -0.3075 0.6836 0.6226
Sergiojaula.tga
0 535.2923 140.6642 497.9253 -0.8469 -0.4339 -0.3075 0.6836 0.6226
0 538.4269 117.6786 488.9798 -0.9900 -0.1404 0.0138 0.7134 0.6309
0 540.2554 106.2166 503.5771 -0.9517 -0.1615 0.2611 0.7271 0.6118
Sergiojaula.tga
0 535.0468 128.5090 515.1371 -0.6582 -0.7524 -0.0265 0.6938 0.5986
0 530.8376 129.8734 528.4680 -0.5755 -0.7726 -0.2681 0.6855 0.5786
0 525.8312 130.9892 520.8328 -0.0782 -0.9714 -0.2243 0.6738 0.5884
Sergiojaula.tga
0 530.8376 129.8734 528.4680 -0.5755 -0.7726 -0.2681 0.6855 0.5786
0 535.0468 128.5090 515.1371 -0.6582 -0.7524 -0.0265 0.6938 0.5986
0 543.0674 125.4773 524.1731 -0.7972 -0.6025 0.0380 0.7041 0.5864
Sergiojaula.tga
0 530.8376 129.8734 528.4680 -0.5755 -0.7726 -0.2681 0.6855 0.5786
0 543.0674 125.4773 524.1731 -0.7972 -0.6025 0.0380 0.7041 0.5864
0 542.3926 115.1636 535.1738 -0.7163 -0.4195 -0.5576 0.7129 0.5713
Sergiojaula.tga
0 542.3926 115.1636 535.1738 -0.7163 -0.4195 -0.5576 0.7129 0.5713
0 525.5872 126.5523 537.6016 -0.0437 -0.5563 -0.8299 0.6836 0.5601
0 530.8376 129.8734 528.4680 -0.5755 -0.7726 -0.2681 0.6855 0.5786
Sergiojaula.tga
0 547.7424 90.0939 531.2394 -0.9930 0.0977 -0.0671 0.7358 0.5742
0 537.0945 66.6941 545.2863 -0.7657 0.3093 -0.5639 0.7744 0.5596
0 537.0596 90.1604 552.9299 -0.5877 0.0379 -0.8082 0.7397 0.5444
Sergiojaula.tga
0 525.8312 130.9892 520.8328 -0.0782 -0.9714 -0.2243 0.6738 0.5884
0 526.6218 145.6813 502.9712 -0.0578 -0.7698 -0.6357 0.6680 0.6152
0 535.2923 140.6642 497.9253 -0.8469 -0.4339 -0.3075 0.6836 0.6226
Sergiojaula.tga
0 535.2923 140.6642 497.9253 -0.8469 -0.4339 -0.3075 0.6836 0.6226
0 535.0468 128.5090 515.1371 -0.6582 -0.7524 -0.0265 0.6938 0.5986
0 525.8312 130.9892 520.8328 -0.0782 -0.9714 -0.2243 0.6738 0.5884
Sergiojaula.tga
0 546.6678 107.7228 516.1201 -0.9836 -0.1032 0.1481 0.7256 0.5942
0 540.2554 106.2166 503.5771 -0.9517 -0.1615 0.2611 0.7271 0.6118
0 547.7424 90.0939 531.2394 -0.9930 0.0977 -0.0671 0.7358 0.5742
Sergiojaula.tga
0 543.0674 125.4773 524.1731 -0.7972 -0.6025 0.0380 0.7041 0.5864
0 535.0468 128.5090 515.1371 -0.6582 -0.7524 -0.0265 0.6938 0.5986
0 540.2554 106.2166 503.5771 -0.9517 -0.1615 0.2611 0.7271 0.6118
Sergiojaula.tga
0 540.2554 106.2166 503.5771 -0.9517 -0.1615 0.2611 0.7271 0.6118
0 546.6678 107.7228 516.1201 -0.9836 -0.1032 0.1481 0.7256 0.5942
0 543.0674 125.4773 524.1731 -0.7972 -0.6025 0.0380 0.7041 0.5864
Sergiojaula.tga
0 522.1431 62.0785 546.7301 0.0275 0.3211 -0.9466 0.7930 0.5439
0 523.6989 91.2775 557.4659 -0.0205 -0.2495 -0.9682 0.7358 0.5254
0 537.0596 90.1604 552.9299 -0.5877 0.0379 -0.8082 0.7397 0.5444
Sergiojaula.tga
0 537.0596 90.1604 552.9299 -0.5877 0.0379 -0.8082 0.7397 0.5444
0 537.0945 66.6941 545.2863 -0.7657 0.3093 -0.5639 0.7744 0.5596
0 522.1431 62.0785 546.7301 0.0275 0.3211 -0.9466 0.7930 0.5439
Sergiojaula.tga
0 547.7424 90.0939 531.2394 -0.9930 0.0977 -0.0671 0.7358 0.5742
0 540.2554 106.2166 503.5771 -0.9517 -0.1615 0.2611 0.7271 0.6118
0 542.0924 76.2650 498.8371 -0.9873 0.0735 0.1408 0.7700 0.6064
Sergiojaula.tga
0 542.0924 76.2650 498.8371 -0.9873 0.0735 0.1408 0.7700 0.6064
0 539.9910 64.4522 510.1901 -0.9534 0.3014 -0.0161 0.7773 0.5884
0 547.7424 90.0939 531.2394 -0.9930 0.0977 -0.0671 0.7358 0.5742
Sergiojaula.tga
0 530.8376 129.8734 528.4680 -0.5755 -0.7726 -0.2681 0.6855 0.5786
0 525.5872 126.5523 537.6016 -0.0437 -0.5563 -0.8299 0.6836 0.5601
0 526.0947 136.0538 535.5666 -0.0731 -0.9647 -0.2529 0.6743 0.5703
Sergiojaula.tga
0 542.3926 115.1636 535.1738 -0.7163 -0.4195 -0.5576 0.7129 0.5713
0 543.0674 125.4773 524.1731 -0.7972 -0.6025 0.0380 0.7041 0.5864
0 546.6678 107.7228 516.1201 -0.9836 -0.1032 0.1481 0.7256 0.5942
Sergiojaula.tga
0 547.7424 90.0939 531.2394 -0.9930 0.0977 -0.0671 0.7358 0.5742
0 542.3926 115.1636 535.1738 -0.7163 -0.4195 -0.5576 0.7129 0.5713
0 546.6678 107.7228 516.1201 -0.9836 -0.1032 0.1481 0.7256 0.5942
Sergiojaula.tga
0 523.6989 91.2775 557.4659 -0.0205 -0.2495 -0.9682 0.7358 0.5254
0 525.5872 126.5523 537.6016 -0.0437 -0.5563 -0.8299 0.6836 0.5601
0 542.3926 115.1636 535.1738 -0.7163 -0.4195 -0.5576 0.7129 0.5713
Sergiojaula.tga
0 542.3926 115.1636 535.1738 -0.7163 -0.4195 -0.5576 0.7129 0.5713
0 537.0596 90.1604 552.9299 -0.5877 0.0379 -0.8082 0.7397 0.5444
0 523.6989 91.2775 557.4659 -0.0205 -0.2495 -0.9682 0.7358 0.5254
Sergiojaula.tga
0 530.8376 129.8734 528.4680 -0.5755 -0.7726 -0.2681 0.6855 0.5786
0 526.0947 136.0538 535.5666 -0.0731 -0.9647 -0.2529 0.6743 0.5703
0 525.8312 130.9892 520.8328 -0.0782 -0.9714 -0.2243 0.6738 0.5884
Sergiojaula.tga
0 539.9910 64.4522 510.1901 -0.9534 0.3014 -0.0161 0.7773 0.5884
0 537.0945 66.6941 545.2863 -0.7657 0.3093 -0.5639 0.7744 0.5596
0 547.7424 90.0939 531.2394 -0.9930 0.0977 -0.0671 0.7358 0.5742
Sergiojaula.tga
0 507.7318 118.1823 535.1627 0.6505 -0.5031 -0.5689 0.7129 0.5713
0 510.3478 92.4878 552.9215 0.5894 -0.0276 -0.8074 0.7397 0.5444
0 499.7771 94.4031 531.2238 0.9910 -0.1003 -0.0891 0.7358 0.5742
Sergiojaula.tga
0 508.9277 108.9454 503.5669 0.9263 -0.2674 0.2655 0.7271 0.6118
0 511.9689 119.9836 488.9713 0.9688 -0.2473 0.0149 0.7134 0.6309
0 517.5047 142.2134 497.9196 0.7834 -0.5350 -0.3164 0.6836 0.6226
Sergiojaula.tga
0 517.5047 142.2134 497.9196 0.7834 -0.5350 -0.3164 0.6836 0.6226
0 516.4426 130.1295 515.1317 0.5392 -0.8418 -0.0266 0.6938 0.5986
0 508.9277 108.9454 503.5669 0.9263 -0.2674 0.2655 0.7271 0.6118
Sergiojaula.tga
0 516.4426 130.1295 515.1317 0.5392 -0.8418 -0.0266 0.6938 0.5986
0 525.8312 130.9892 520.8328 -0.0782 -0.9714 -0.2243 0.6738 0.5884
0 520.7463 130.7526 528.4653 0.4483 -0.8508 -0.2742 0.6855 0.5786
Sergiojaula.tga
0 520.7463 130.7526 528.4653 0.4483 -0.8508 -0.2742 0.6855 0.5786
0 508.1675 128.5179 524.1625 0.7082 -0.7048 0.0413 0.7041 0.5864
0 516.4426 130.1295 515.1317 0.5392 -0.8418 -0.0266 0.6938 0.5986
Sergiojaula.tga
0 520.7463 130.7526 528.4653 0.4483 -0.8508 -0.2742 0.6855 0.5786
0 525.5872 126.5523 537.6016 -0.0437 -0.5563 -0.8299 0.6836 0.5601
0 507.7318 118.1823 535.1627 0.6505 -0.5031 -0.5689 0.7129 0.5713
Sergiojaula.tga
0 507.7318 118.1823 535.1627 0.6505 -0.5031 -0.5689 0.7129 0.5713
0 508.1675 128.5179 524.1625 0.7082 -0.7048 0.0413 0.7041 0.5864
0 520.7463 130.7526 528.4653 0.4483 -0.8508 -0.2742 0.6855 0.5786
Sergiojaula.tga
0 499.7771 94.4031 531.2238 0.9910 -0.1003 -0.0891 0.7358 0.5742
0 510.3478 92.4878 552.9215 0.5894 -0.0276 -0.8074 0.7397 0.5444
0 507.8208 69.2444 545.2776 0.6287 0.1804 -0.7565 0.7744 0.5596
Sergiojaula.tga
0 525.8312 130.9892 520.8328 -0.0782 -0.9714 -0.2243 0.6738 0.5884
0 516.4426 130.1295 515.1317 0.5392 -0.8418 -0.0266 0.6938 0.5986
0 517.5047 142.2134 497.9196 0.7834 -0.5350 -0.3164 0.6836 0.6226
Sergiojaula.tga
0 517.5047 142.2134 497.9196 0.7834 -0.5350 -0.3164 0.6836 0.6226
0 526.6218 145.6813 502.9712 -0.0578 -0.7698 -0.6357 0.6680 0.6152
0 525.8312 130.9892 520.8328 -0.0782 -0.9714 -0.2243 0.6738 0.5884
Sergiojaula.tga
0 502.7242 111.5509 516.1061 0.9657 -0.2124 0.1493 0.7256 0.5942
0 499.7771 94.4031 531.2238 0.9910 -0.1003 -0.0891 0.7358 0.5742
0 508.9277 108.9454 503.5669 0.9263 -0.2674 0.2655 0.7271 0.6118
Sergiojaula.tga
0 508.1675 128.5179 524.1625 0.7082 -0.7048 0.0413 0.7041 0.5864
0 502.7242 111.5509 516.1061 0.9657 -0.2124 0.1493 0.7256 0.5942
0 508.9277 108.9454 503.5669 0.9263 -0.2674 0.2655 0.7271 0.6118
Sergiojaula.tga
0 508.9277 108.9454 503.5669 0.9263 -0.2674 0.2655 0.7271 0.6118
0 516.4426 130.1295 515.1317 0.5392 -0.8418 -0.0266 0.6938 0.5986
0 508.1675 128.5179 524.1625 0.7082 -0.7048 0.0413 0.7041 0.5864
Sergiojaula.tga
0 522.1431 62.0785 546.7301 0.0275 0.3211 -0.9466 0.7930 0.5439
0 507.8208 69.2444 545.2776 0.6287 0.1804 -0.7565 0.7744 0.5596
0 510.3478 92.4878 552.9215 0.5894 -0.0276 -0.8074 0.7397 0.5444
Sergiojaula.tga
0 510.3478 92.4878 552.9215 0.5894 -0.0276 -0.8074 0.7397 0.5444
0 523.6989 91.2775 557.4659 -0.0205 -0.2495 -0.9682 0.7358 0.5254
0 522.1431 62.0785 546.7301 0.0275 0.3211 -0.9466 0.7930 0.5439
Sergiojaula.tga
0 499.7771 94.4031 531.2238 0.9910 -0.1003 -0.0891 0.7358 0.5742
0 503.9255 79.5905 498.8244 0.9569 -0.1974 0.2128 0.7700 0.6064
0 508.9277 108.9454 503.5669 0.9263 -0.2674 0.2655 0.7271 0.6118
Sergiojaula.tga
0 520.7463 130.7526 528.4653 0.4483 -0.8508 -0.2742 0.6855 0.5786
0 526.0947 136.0538 535.5666 -0.0731 -0.9647 -0.2529 0.6743 0.5703
0 525.5872 126.5523 537.6016 -0.0437 -0.5563 -0.8299 0.6836 0.5601
Sergiojaula.tga
0 507.7318 118.1823 535.1627 0.6505 -0.5031 -0.5689 0.7129 0.5713
0 502.7242 111.5509 516.1061 0.9657 -0.2124 0.1493 0.7256 0.5942
0 508.1675 128.5179 524.1625 0.7082 -0.7048 0.0413 0.7041 0.5864
Sergiojaula.tga
0 499.7771 94.4031 531.2238 0.9910 -0.1003 -0.0891 0.7358 0.5742
0 502.7242 111.5509 516.1061 0.9657 -0.2124 0.1493 0.7256 0.5942
0 507.7318 118.1823 535.1627 0.6505 -0.5031 -0.5689 0.7129 0.5713
Sergiojaula.tga
0 523.6989 91.2775 557.4659 -0.0205 -0.2495 -0.9682 0.7358 0.5254
0 510.3478 92.4878 552.9215 0.5894 -0.0276 -0.8074 0.7397 0.5444
0 507.7318 118.1823 535.1627 0.6505 -0.5031 -0.5689 0.7129 0.5713
Sergiojaula.tga
0 507.7318 118.1823 535.1627 0.6505 -0.5031 -0.5689 0.7129 0.5713
0 525.5872 126.5523 537.6016 -0.0437 -0.5563 -0.8299 0.6836 0.5601
0 523.6989 91.2775 557.4659 -0.0205 -0.2495 -0.9682 0.7358 0.5254
Sergiojaula.tga
0 520.7463 130.7526 528.4653 0.4483 -0.8508 -0.2742 0.6855 0.5786
0 525.8312 130.9892 520.8328 -0.0782 -0.9714 -0.2243 0.6738 0.5884
0 526.0947 136.0538 535.5666 -0.0731 -0.9647 -0.2529 0.6743 0.5703
Sergiojaula.tga
0 -501.0279 105.4932 636.8607 -0.8497 -0.0972 -0.5183 0.7129 0.5713
0 -505.1972 79.9702 632.9178 -0.8745 0.4806 -0.0656 0.7358 0.5742
0 -514.5505 86.6744 654.6356 -0.5107 0.2577 -0.8202 0.7397 0.5444
Sergiojaula.tga
0 -506.1167 98.9346 605.2712 -0.9423 0.2086 0.2617 0.7271 0.6118
0 -502.7957 121.9050 616.8402 -0.9320 -0.3619 -0.0207 0.6938 0.5986
0 -498.3003 132.5261 599.6249 -0.9594 -0.0613 -0.2753 0.6836 0.6226
Sergiojaula.tga
0 -498.3003 132.5261 599.6249 -0.9594 -0.0613 -0.2753 0.6836 0.6226
0 -503.6893 110.2330 590.6765 -0.9733 0.2291 0.0155 0.7134 0.6309
0 -506.1167 98.9346 605.2712 -0.9423 0.2086 0.2617 0.7271 0.6118
Sergiojaula.tga
0 -502.7957 121.9050 616.8402 -0.9320 -0.3619 -0.0207 0.6938 0.5986
0 -506.0006 125.7272 630.1813 -0.8793 -0.4065 -0.2482 0.6855 0.5786
0 -510.0232 129.8438 622.5582 -0.5919 -0.7773 -0.2132 0.6738 0.5884
Sergiojaula.tga
0 -506.0006 125.7272 630.1813 -0.8793 -0.4065 -0.2482 0.6855 0.5786
0 -502.7957 121.9050 616.8402 -0.9320 -0.3619 -0.0207 0.6938 0.5986
0 -496.7974 114.2126 625.8568 -0.9774 -0.2081 0.0367 0.7041 0.5864
Sergiojaula.tga
0 -506.0006 125.7272 630.1813 -0.8793 -0.4065 -0.2482 0.6855 0.5786
0 -496.7974 114.2126 625.8568 -0.9774 -0.2081 0.0367 0.7041 0.5864
0 -501.0279 105.4932 636.8607 -0.8497 -0.0972 -0.5183 0.7129 0.5713
Sergiojaula.tga
0 -501.0279 105.4932 636.8607 -0.8497 -0.0972 -0.5183 0.7129 0.5713
0 -511.7866 126.0546 639.3286 -0.3497 -0.4680 -0.8116 0.6836 0.5601
0 -506.0006 125.7272 630.1813 -0.8793 -0.4065 -0.2482 0.6855 0.5786
Sergiojaula.tga
0 -505.1972 79.9702 632.9178 -0.8745 0.4806 -0.0656 0.7358 0.5742
0 -522.8847 65.7747 646.9971 -0.5437 0.5961 -0.5908 0.7744 0.5596
0 -514.5505 86.6744 654.6356 -0.5107 0.2577 -0.8202 0.7397 0.5444
Sergiojaula.tga
0 -510.0232 129.8438 622.5582 -0.5919 -0.7773 -0.2132 0.6738 0.5884
0 -504.1495 142.3705 604.6919 -0.4615 -0.6479 -0.6060 0.6680 0.6152
0 -498.3003 132.5261 599.6249 -0.9594 -0.0613 -0.2753 0.6836 0.6226
Sergiojaula.tga
0 -498.3003 132.5261 599.6249 -0.9594 -0.0613 -0.2753 0.6836 0.6226
0 -502.7957 121.9050 616.8402 -0.9320 -0.3619 -0.0207 0.6938 0.5986
0 -510.0232 129.8438 622.5582 -0.5919 -0.7773 -0.2132 0.6738 0.5884
Sergiojaula.tga
0 -499.9233 96.2576 617.7982 -0.9484 0.2764 0.1554 0.7256 0.5942
0 -506.1167 98.9346 605.2712 -0.9423 0.2086 0.2617 0.7271 0.6118
0 -505.1972 79.9702 632.9178 -0.8745 0.4806 -0.0656 0.7358 0.5742
Sergiojaula.tga
0 -496.7974 114.2126 625.8568 -0.9774 -0.2081 0.0367 0.7041 0.5864
0 -502.7957 121.9050 616.8402 -0.9320 -0.3619 -0.0207 0.6938 0.5986
0 -506.1167 98.9346 605.2712 -0.9423 0.2086 0.2617 0.7271 0.6118
Sergiojaula.tga
0 -506.1167 98.9346 605.2712 -0.9423 0.2086 0.2617 0.7271 0.6118
0 -499.9233 96.2576 617.7982 -0.9484 0.2764 0.1554 0.7256 0.5942
0 -496.7974 114.2126 625.8568 -0.9774 -0.2081 0.0367 0.7041 0.5864
Sergiojaula.tga
0 -537.6780 71.0134 648.4797 0.2152 0.2717 -0.9380 0.7930 0.5439
0 -525.9094 95.9921 659.2056 -0.1686 -0.2110 -0.9628 0.7358 0.5254
0 -514.5505 86.6744 654.6356 -0.5107 0.2577 -0.8202 0.7397 0.5444
Sergiojaula.tga
0 -514.5505 86.6744 654.6356 -0.5107 0.2577 -0.8202 0.7397 0.5444
0 -522.8847 65.7747 646.9971 -0.5437 0.5961 -0.5908 0.7744 0.5596
0 -537.6780 71.0134 648.4797 0.2152 0.2717 -0.9380 0.7930 0.5439
Sergiojaula.tga
0 -505.1972 79.9702 632.9178 -0.8745 0.4806 -0.0656 0.7358 0.5742
0 -506.1167 98.9346 605.2712 -0.9423 0.2086 0.2617 0.7271 0.6118
0 -515.1563 71.1675 600.5333 -0.8809 0.4494 0.1488 0.7700 0.6064
Sergiojaula.tga
0 -515.1563 71.1675 600.5333 -0.8809 0.4494 0.1488 0.7700 0.6064
0 -521.1738 62.0128 611.8942 -0.7366 0.6761 -0.0178 0.7773 0.5884
0 -505.1972 79.9702 632.9178 -0.8745 0.4806 -0.0656 0.7358 0.5742
Sergiojaula.tga
0 -506.0006 125.7272 630.1813 -0.8793 -0.4065 -0.2482 0.6855 0.5786
0 -511.7866 126.0546 639.3286 -0.3497 -0.4680 -0.8116 0.6836 0.5601
0 -507.9792 134.1494 637.2908 -0.5600 -0.7833 -0.2700 0.6743 0.5703
Sergiojaula.tga
0 -501.0279 105.4932 636.8607 -0.8497 -0.0972 -0.5183 0.7129 0.5713
0 -496.7974 114.2126 625.8568 -0.9774 -0.2081 0.0367 0.7041 0.5864
0 -499.9233 96.2576 617.7982 -0.9484 0.2764 0.1554 0.7256 0.5942
Sergiojaula.tga
0 -505.1972 79.9702 632.9178 -0.8745 0.4806 -0.0656 0.7358 0.5742
0 -501.0279 105.4932 636.8607 -0.8497 -0.0972 -0.5183 0.7129 0.5713
0 -499.9233 96.2576 617.7982 -0.9484 0.2764 0.1554 0.7256 0.5942
Sergiojaula.tga
0 -525.9094 95.9921 659.2056 -0.1686 -0.2110 -0.9628 0.7358 0.5254
0 -511.7866 126.0546 639.3286 -0.3497 -0.4680 -0.8116 0.6836 0.5601
0 -501.0279 105.4932 636.8607 -0.8497 -0.0972 -0.5183 0.7129 0.5713
Sergiojaula.tga
0 -501.0279 105.4932 636.8607 -0.8497 -0.0972 -0.5183 0.7129 0.5713
0 -514.5505 86.6744 654.6356 -0.5107 0.2577 -0.8202 0.7397 0.5444
0 -525.9094 95.9921 659.2056 -0.1686 -0.2110 -0.9628 0.7358 0.5254
Sergiojaula.tga
0 -506.0006 125.7272 630.1813 -0.8793 -0.4065 -0.2482 0.6855 0.5786
0 -507.9792 134.1494 637.2908 -0.5600 -0.7833 -0.2700 0.6743 0.5703
0 -510.0232 129.8438 622.5582 -0.5919 -0.7773 -0.2132 0.6738 0.5884
Sergiojaula.tga
0 -521.1738 62.0128 611.8942 -0.7366 0.6761 -0.0178 0.7773 0.5884
0 -522.8847 65.7747 646.9971 -0.5437 0.5961 -0.5908 0.7744 0.5596
0 -505.1972 79.9702 632.9178 -0.8745 0.4806 -0.0656 0.7358 0.5742
Sergiojaula.tga
0 -530.4719 129.7850 636.9375 0.3018 -0.7323 -0.6105 0.7129 0.5713
0 -537.2406 105.3951 654.6937 0.5191 -0.2488 -0.8177 0.7397 0.5444
0 -545.9456 113.5883 633.0239 0.9162 -0.3931 -0.0771 0.7358 0.5742
Sergiojaula.tga
0 -532.7297 120.8906 605.3399 0.7189 -0.6325 0.2883 0.7271 0.6118
0 -526.1646 128.7762 590.7350 0.7819 -0.6232 0.0150 0.7134 0.6309
0 -513.4104 144.9918 599.6644 0.4185 -0.8383 -0.3494 0.6836 0.6226
Sergiojaula.tga
0 -513.4104 144.9918 599.6644 0.4185 -0.8383 -0.3494 0.6836 0.6226
0 -518.6006 134.9437 616.8815 -0.0139 -0.9996 -0.0243 0.6938 0.5986
0 -532.7297 120.8906 605.3399 0.7189 -0.6325 0.2883 0.7271 0.6118
Sergiojaula.tga
0 -518.6006 134.9437 616.8815 -0.0139 -0.9996 -0.0243 0.6938 0.5986
0 -510.0232 129.8438 622.5582 -0.5919 -0.7773 -0.2132 0.6738 0.5884
0 -514.5730 132.7988 630.2031 -0.1234 -0.9471 -0.2963 0.6855 0.5786
Sergiojaula.tga
0 -514.5730 132.7988 630.2031 -0.1234 -0.9471 -0.2963 0.6855 0.5786
0 -526.4446 138.6718 625.9336 0.2378 -0.9695 0.0599 0.7041 0.5864
0 -518.6006 134.9437 616.8815 -0.0139 -0.9996 -0.0243 0.6938 0.5986
Sergiojaula.tga
0 -514.5730 132.7988 630.2031 -0.1234 -0.9471 -0.2963 0.6855 0.5786
0 -511.7866 126.0546 639.3286 -0.3497 -0.4680 -0.8116 0.6836 0.5601
0 -530.4719 129.7850 636.9375 0.3018 -0.7323 -0.6105 0.7129 0.5713
Sergiojaula.tga
0 -530.4719 129.7850 636.9375 0.3018 -0.7323 -0.6105 0.7129 0.5713
0 -526.4446 138.6718 625.9336 0.2378 -0.9695 0.0599 0.7041 0.5864
0 -514.5730 132.7988 630.2031 -0.1234 -0.9471 -0.2963 0.6855 0.5786
Sergiojaula.tga
0 -545.9456 113.5883 633.0239 0.9162 -0.3931 -0.0771 0.7358 0.5742
0 -537.2406 105.3951 654.6937 0.5191 -0.2488 -0.8177 0.7397 0.5444
0 -547.7510 86.2896 647.0616 0.8308 -0.0907 -0.5491 0.7744 0.5596
Sergiojaula.tga
0 -510.0232 129.8438 622.5582 -0.5919 -0.7773 -0.2132 0.6738 0.5884
0 -518.6006 134.9437 616.8815 -0.0139 -0.9996 -0.0243 0.6938 0.5986
0 -513.4104 144.9918 599.6644 0.4185 -0.8383 -0.3494 0.6836 0.6226
Sergiojaula.tga
0 -513.4104 144.9918 599.6644 0.4185 -0.8383 -0.3494 0.6836 0.6226
0 -504.1495 142.3705 604.6919 -0.4615 -0.6479 -0.6060 0.6680 0.6152
0 -510.0232 129.8438 622.5582 -0.5919 -0.7773 -0.2132 0.6738 0.5884
Sergiojaula.tga
0 -537.2527 127.0552 617.8952 0.7890 -0.5948 0.1539 0.7256 0.5942
0 -545.9456 113.5883 633.0239 0.9162 -0.3931 -0.0771 0.7358 0.5742
0 -532.7297 120.8906 605.3399 0.7189 -0.6325 0.2883 0.7271 0.6118
Sergiojaula.tga
0 -526.4446 138.6718 625.9336 0.2378 -0.9695 0.0599 0.7041 0.5864
0 -537.2527 127.0552 617.8952 0.7890 -0.5948 0.1539 0.7256 0.5942
0 -532.7297 120.8906 605.3399 0.7189 -0.6325 0.2883 0.7271 0.6118
Sergiojaula.tga
0 -532.7297 120.8906 605.3399 0.7189 -0.6325 0.2883 0.7271 0.6118
0 -518.6006 134.9437 616.8815 -0.0139 -0.9996 -0.0243 0.6938 0.5986
0 -526.4446 138.6718 625.9336 0.2378 -0.9695 0.0599 0.7041 0.5864
Sergiojaula.tga
0 -537.6780 71.0134 648.4797 0.2152 0.2717 -0.9380 0.7930 0.5439
0 -547.7510 86.2896 647.0616 0.8308 -0.0907 -0.5491 0.7744 0.5596
0 -537.2406 105.3951 654.6937 0.5191 -0.2488 -0.8177 0.7397 0.5444
Sergiojaula.tga
0 -537.2406 105.3951 654.6937 0.5191 -0.2488 -0.8177 0.7397 0.5444
0 -525.9094 95.9921 659.2056 -0.1686 -0.2110 -0.9628 0.7358 0.5254
0 -537.6780 71.0134 648.4797 0.2152 0.2717 -0.9380 0.7930 0.5439
Sergiojaula.tga
0 -545.9456 113.5883 633.0239 0.9162 -0.3931 -0.0771 0.7358 0.5742
0 -547.5800 97.9182 600.6174 0.9002 -0.4082 0.1520 0.7700 0.6064
0 -532.7297 120.8906 605.3399 0.7189 -0.6325 0.2883 0.7271 0.6118
Sergiojaula.tga
0 -547.5800 97.9182 600.6174 0.9002 -0.4082 0.1520 0.7700 0.6064
0 -545.9456 113.5883 633.0239 0.9162 -0.3931 -0.0771 0.7358 0.5742
0 -551.1149 86.7152 611.9714 0.9840 -0.1776 -0.0150 0.7773 0.5884
Sergiojaula.tga
0 -514.5730 132.7988 630.2031 -0.1234 -0.9471 -0.2963 0.6855 0.5786
0 -507.9792 134.1494 637.2908 -0.5600 -0.7833 -0.2700 0.6743 0.5703
0 -511.7866 126.0546 639.3286 -0.3497 -0.4680 -0.8116 0.6836 0.5601
Sergiojaula.tga
0 -530.4719 129.7850 636.9375 0.3018 -0.7323 -0.6105 0.7129 0.5713
0 -537.2527 127.0552 617.8952 0.7890 -0.5948 0.1539 0.7256 0.5942
0 -526.4446 138.6718 625.9336 0.2378 -0.9695 0.0599 0.7041 0.5864
Sergiojaula.tga
0 -545.9456 113.5883 633.0239 0.9162 -0.3931 -0.0771 0.7358 0.5742
0 -537.2527 127.0552 617.8952 0.7890 -0.5948 0.1539 0.7256 0.5942
0 -530.4719 129.7850 636.9375 0.3018 -0.7323 -0.6105 0.7129 0.5713
Sergiojaula.tga
0 -525.9094 95.9921 659.2056 -0.1686 -0.2110 -0.9628 0.7358 0.5254
0 -537.2406 105.3951 654.6937 0.5191 -0.2488 -0.8177 0.7397 0.5444
0 -530.4719 129.7850 636.9375 0.3018 -0.7323 -0.6105 0.7129 0.5713
Sergiojaula.tga
0 -530.4719 129.7850 636.9375 0.3018 -0.7323 -0.6105 0.7129 0.5713
0 -511.7866 126.0546 639.3286 -0.3497 -0.4680 -0.8116 0.6836 0.5601
0 -525.9094 95.9921 659.2056 -0.1686 -0.2110 -0.9628 0.7358 0.5254
Sergiojaula.tga
0 -514.5730 132.7988 630.2031 -0.1234 -0.9471 -0.2963 0.6855 0.5786
0 -510.0232 129.8438 622.5582 -0.5919 -0.7773 -0.2132 0.6738 0.5884
0 -507.9792 134.1494 637.2908 -0.5600 -0.7833 -0.2700 0.6743 0.5703
Sergiojaula.tga
0 -551.1149 86.7152 611.9714 0.9840 -0.1776 -0.0150 0.7773 0.5884
0 -545.9456 113.5883 633.0239 0.9162 -0.3931 -0.0771 0.7358 0.5742
0 -547.7510 86.2896 647.0616 0.8308 -0.0907 -0.5491 0.7744 0.5596
Sergiojaula.tga
0 -519.2233 129.4287 407.9479 -0.5132 -0.6204 -0.5930 0.7129 0.5713
0 -507.6574 108.4051 404.0333 -0.9815 -0.1771 -0.0726 0.7358 0.5742
0 -517.7410 103.5659 425.7046 -0.5714 -0.1263 -0.8109 0.7397 0.5444
Sergiojaula.tga
0 -518.8669 120.0675 376.3506 -0.8600 -0.4305 0.2740 0.7271 0.6118
0 -529.5828 138.5549 387.8933 -0.3057 -0.9517 -0.0273 0.6938 0.5986
0 -532.5015 150.0503 370.6765 -0.6463 -0.6850 -0.3363 0.6836 0.6226
Sergiojaula.tga
0 -532.5015 150.0503 370.6765 -0.6463 -0.6850 -0.3363 0.6836 0.6226
0 -523.5557 129.9619 361.7463 -0.9112 -0.4118 0.0136 0.7134 0.6309
0 -518.8669 120.0675 376.3506 -0.8600 -0.4305 0.2740 0.7271 0.6118
Sergiojaula.tga
0 -529.5828 138.5549 387.8933 -0.3057 -0.9517 -0.0273 0.6938 0.5986
0 -533.9103 137.9008 401.2157 -0.2000 -0.9367 -0.2873 0.6855 0.5786
0 -538.8988 136.6478 393.5709 0.3302 -0.9178 -0.2205 0.6738 0.5884
Sergiojaula.tga
0 -533.9103 137.9008 401.2157 -0.2000 -0.9367 -0.2873 0.6855 0.5786
0 -529.5828 138.5549 387.8933 -0.3057 -0.9517 -0.0273 0.6938 0.5986
0 -521.2639 139.3973 396.9451 -0.5244 -0.8501 0.0483 0.7041 0.5864
Sergiojaula.tga
0 -533.9103 137.9008 401.2157 -0.2000 -0.9367 -0.2873 0.6855 0.5786
0 -521.2639 139.3973 396.9451 -0.5244 -0.8501 0.0483 0.7041 0.5864
0 -519.2233 129.4287 407.9479 -0.5132 -0.6204 -0.5930 0.7129 0.5713
Sergiojaula.tga
0 -519.2233 129.4287 407.9479 -0.5132 -0.6204 -0.5930 0.7129 0.5713
0 -537.9905 132.3815 410.3413 0.1894 -0.5339 -0.8241 0.6836 0.5601
0 -533.9103 137.9008 401.2157 -0.2000 -0.9367 -0.2873 0.6855 0.5786
Sergiojaula.tga
0 -507.6574 108.4051 404.0333 -0.9815 -0.1771 -0.0726 0.7358 0.5742
0 -511.5549 81.4804 418.0717 -0.8293 0.0863 -0.5521 0.7744 0.5596
0 -517.7410 103.5659 425.7046 -0.5714 -0.1263 -0.8109 0.7397 0.5444
Sergiojaula.tga
0 -538.8988 136.6478 393.5709 0.3302 -0.9178 -0.2205 0.6738 0.5884
0 -541.9633 150.7695 375.7047 0.2476 -0.7390 -0.6266 0.6680 0.6152
0 -532.5015 150.0503 370.6765 -0.6463 -0.6850 -0.3363 0.6836 0.6226
Sergiojaula.tga
0 -532.5015 150.0503 370.6765 -0.6463 -0.6850 -0.3363 0.6836 0.6226
0 -529.5828 138.5549 387.8933 -0.3057 -0.9517 -0.0273 0.6938 0.5986
0 -538.8988 136.6478 393.5709 0.3302 -0.9178 -0.2205 0.6738 0.5884
Sergiojaula.tga
0 -513.2446 124.4218 388.9053 -0.9125 -0.3808 0.1495 0.7256 0.5942
0 -518.8669 120.0675 376.3506 -0.8600 -0.4305 0.2740 0.7271 0.6118
0 -507.6574 108.4051 404.0333 -0.9815 -0.1771 -0.0726 0.7358 0.5742
Sergiojaula.tga
0 -521.2639 139.3973 396.9451 -0.5244 -0.8501 0.0483 0.7041 0.5864
0 -529.5828 138.5549 387.8933 -0.3057 -0.9517 -0.0273 0.6938 0.5986
0 -518.8669 120.0675 376.3506 -0.8600 -0.4305 0.2740 0.7271 0.6118
Sergiojaula.tga
0 -518.8669 120.0675 376.3506 -0.8600 -0.4305 0.2740 0.7271 0.6118
0 -513.2446 124.4218 388.9053 -0.9125 -0.3808 0.1495 0.7256 0.5942
0 -521.2639 139.3973 396.9451 -0.5244 -0.8501 0.0483 0.7041 0.5864
Sergiojaula.tga
0 -524.4083 70.2959 419.4906 -0.1149 0.3077 -0.9445 0.7930 0.5439
0 -530.5964 98.4792 430.2173 0.0918 -0.2402 -0.9664 0.7358 0.5254
0 -517.7410 103.5659 425.7046 -0.5714 -0.1263 -0.8109 0.7397 0.5444
Sergiojaula.tga
0 -517.7410 103.5659 425.7046 -0.5714 -0.1263 -0.8109 0.7397 0.5444
0 -511.5549 81.4804 418.0717 -0.8293 0.0863 -0.5521 0.7744 0.5596
0 -524.4083 70.2959 419.4906 -0.1149 0.3077 -0.9445 0.7930 0.5439
Sergiojaula.tga
0 -507.6574 108.4051 404.0333 -0.9815 -0.1771 -0.0726 0.7358 0.5742
0 -518.8669 120.0675 376.3506 -0.8600 -0.4305 0.2740 0.7271 0.6118
0 -509.2990 92.7368 371.6269 -0.9700 -0.1960 0.1439 0.7700 0.6064
Sergiojaula.tga
0 -509.2990 92.7368 371.6269 -0.9700 -0.1960 0.1439 0.7700 0.6064
0 -508.2097 80.7093 382.9813 -0.9994 0.0321 -0.0160 0.7773 0.5884
0 -507.6574 108.4051 404.0333 -0.9815 -0.1771 -0.0726 0.7358 0.5742
Sergiojaula.tga
0 -533.9103 137.9008 401.2157 -0.2000 -0.9367 -0.2873 0.6855 0.5786
0 -537.9905 132.3815 410.3413 0.1894 -0.5339 -0.8241 0.6836 0.5601
0 -539.9863 141.5120 408.3038 0.3082 -0.9159 -0.2572 0.6743 0.5703
Sergiojaula.tga
0 -519.2233 129.4287 407.9479 -0.5132 -0.6204 -0.5930 0.7129 0.5713
0 -521.2639 139.3973 396.9451 -0.5244 -0.8501 0.0483 0.7041 0.5864
0 -513.2446 124.4218 388.9053 -0.9125 -0.3808 0.1495 0.7256 0.5942
Sergiojaula.tga
0 -507.6574 108.4051 404.0333 -0.9815 -0.1771 -0.0726 0.7358 0.5742
0 -519.2233 129.4287 407.9479 -0.5132 -0.6204 -0.5930 0.7129 0.5713
0 -513.2446 124.4218 388.9053 -0.9125 -0.3808 0.1495 0.7256 0.5942
Sergiojaula.tga
0 -530.5964 98.4792 430.2173 0.0918 -0.2402 -0.9664 0.7358 0.5254
0 -537.9905 132.3815 410.3413 0.1894 -0.5339 -0.8241 0.6836 0.5601
0 -519.2233 129.4287 407.9479 -0.5132 -0.6204 -0.5930 0.7129 0.5713
Sergiojaula.tga
0 -519.2233 129.4287 407.9479 -0.5132 -0.6204 -0.5930 0.7129 0.5713
0 -517.7410 103.5659 425.7046 -0.5714 -0.1263 -0.8109 0.7397 0.5444
0 -530.5964 98.4792 430.2173 0.0918 -0.2402 -0.9664 0.7358 0.5254
Sergiojaula.tga
0 -533.9103 137.9008 401.2157 -0.2000 -0.9367 -0.2873 0.6855 0.5786
0 -539.9863 141.5120 408.3038 0.3082 -0.9159 -0.2572 0.6743 0.5703
0 -538.8988 136.6478 393.5709 0.3302 -0.9178 -0.2205 0.6738 0.5884
Sergiojaula.tga
0 -508.2097 80.7093 382.9813 -0.9994 0.0321 -0.0160 0.7773 0.5884
0 -511.5549 81.4804 418.0717 -0.8293 0.0863 -0.5521 0.7744 0.5596
0 -507.6574 108.4051 404.0333 -0.9815 -0.1771 -0.0726 0.7358 0.5742
Sergiojaula.tga
0 -552.5916 116.3462 407.8741 0.6559 -0.3806 -0.6519 0.7129 0.5713
0 -543.4572 93.4837 425.6478 0.4641 0.0867 -0.8815 0.7397 0.5444
0 -553.8380 90.3021 403.9315 0.9007 0.0226 -0.4339 0.7358 0.5742
Sergiojaula.tga
0 -547.4946 131.5328 387.8538 0.6017 -0.7821 -0.1618 0.6938 0.5986
0 -538.8988 136.6478 393.5709 0.3302 -0.9178 -0.2205 0.6738 0.5884
0 -543.6249 134.0920 401.1945 0.7435 -0.6180 -0.2555 0.6855 0.5786
Sergiojaula.tga
0 -543.6249 134.0920 401.1945 0.7435 -0.6180 -0.2555 0.6855 0.5786
0 -554.8637 126.2255 396.8704 0.6229 -0.7127 -0.3226 0.7041 0.5864
0 -547.4946 131.5328 387.8538 0.6017 -0.7821 -0.1618 0.6938 0.5986
Sergiojaula.tga
0 -543.6249 134.0920 401.1945 0.7435 -0.6180 -0.2555 0.6855 0.5786
0 -537.9905 132.3815 410.3413 0.1894 -0.5339 -0.8241 0.6836 0.5601
0 -552.5916 116.3462 407.8741 0.6559 -0.3806 -0.6519 0.7129 0.5713
Sergiojaula.tga
0 -552.5916 116.3462 407.8741 0.6559 -0.3806 -0.6519 0.7129 0.5713
0 -554.8637 126.2255 396.8704 0.6229 -0.7127 -0.3226 0.7041 0.5864
0 -543.6249 134.0920 401.1945 0.7435 -0.6180 -0.2555 0.6855 0.5786
Sergiojaula.tga
0 -538.8988 136.6478 393.5709 0.3302 -0.9178 -0.2205 0.6738 0.5884
0 -547.4946 131.5328 387.8538 0.6017 -0.7821 -0.1618 0.6938 0.5986
0 -549.6252 143.3367 370.6381 0.7096 -0.5141 -0.4818 0.6836 0.6226
Sergiojaula.tga
0 -549.6252 143.3367 370.6381 0.7096 -0.5141 -0.4818 0.6836 0.6226
0 -541.9633 150.7695 375.7047 0.2476 -0.7390 -0.6266 0.6680 0.6152
0 -538.8988 136.6478 393.5709 0.3302 -0.9178 -0.2205 0.6738 0.5884
Sergiojaula.tga
0 -524.4083 70.2959 419.4906 -0.1149 0.3077 -0.9445 0.7930 0.5439
0 -539.7366 70.4325 418.0094 0.0938 0.3268 -0.9404 0.7744 0.5596
0 -543.4572 93.4837 425.6478 0.4641 0.0867 -0.8815 0.7397 0.5444
Sergiojaula.tga
0 -543.4572 93.4837 425.6478 0.4641 0.0867 -0.8815 0.7397 0.5444
0 -530.5964 98.4792 430.2173 0.0918 -0.2402 -0.9664 0.7358 0.5254
0 -524.4083 70.2959 419.4906 -0.1149 0.3077 -0.9445 0.7930 0.5439
Sergiojaula.tga
0 -543.6249 134.0920 401.1945 0.7435 -0.6180 -0.2555 0.6855 0.5786
0 -539.9863 141.5120 408.3038 0.3082 -0.9159 -0.2572 0.6743 0.5703
0 -537.9905 132.3815 410.3413 0.1894 -0.5339 -0.8241 0.6836 0.5601
Sergiojaula.tga
0 -530.5964 98.4792 430.2173 0.0918 -0.2402 -0.9664 0.7358 0.5254
0 -543.4572 93.4837 425.6478 0.4641 0.0867 -0.8815 0.7397 0.5444
0 -552.5916 116.3462 407.8741 0.6559 -0.3806 -0.6519 0.7129 0.5713
Sergiojaula.tga
0 -552.5916 116.3462 407.8741 0.6559 -0.3806 -0.6519 0.7129 0.5713
0 -537.9905 132.3815 410.3413 0.1894 -0.5339 -0.8241 0.6836 0.5601
0 -530.5964 98.4792 430.2173 0.0918 -0.2402 -0.9664 0.7358 0.5254
Sergiojaula.tga
0 -543.6249 134.0920 401.1945 0.7435 -0.6180 -0.2555 0.6855 0.5786
0 -538.8988 136.6478 393.5709 0.3302 -0.9178 -0.2205 0.6738 0.5884
0 -539.9863 141.5120 408.3038 0.3082 -0.9159 -0.2572 0.6743 0.5703
Sergiojaula.tga
0 -508.9007 42.4092 462.1160 -0.4570 0.6843 -0.5682 0.7129 0.5713
0 -528.3492 38.4392 458.2477 0.1996 0.9533 -0.2266 0.7358 0.5742
0 -526.8427 52.3832 480.0015 0.1335 0.5121 -0.8485 0.7397 0.5444
Sergiojaula.tga
0 -515.3737 46.4790 430.5674 -0.1392 0.9360 0.3233 0.7271 0.6118
0 -498.0032 50.5605 442.0716 -0.7896 0.6136 -0.0111 0.6938 0.5986
0 -488.9894 48.8488 424.8106 -0.4706 0.8280 -0.3049 0.6836 0.6226
Sergiojaula.tga
0 -488.9894 48.8488 424.8106 -0.4706 0.8280 -0.3049 0.6836 0.6226
0 -506.6001 47.5679 415.9372 -0.0843 0.9962 0.0236 0.7134 0.6309
0 -515.3737 46.4790 430.5674 -0.1392 0.9360 0.3233 0.7271 0.6118
Sergiojaula.tga
0 -498.0032 50.5605 442.0716 -0.7896 0.6136 -0.0111 0.6938 0.5986
0 -496.3986 55.8667 455.4214 -0.8138 0.5120 -0.2748 0.6855 0.5786
0 -494.9207 62.3618 447.8117 -0.9703 0.1567 -0.1845 0.6738 0.5884
Sergiojaula.tga
0 -496.3986 55.8667 455.4214 -0.8138 0.5120 -0.2748 0.6855 0.5786
0 -498.0032 50.5605 442.0716 -0.7896 0.6136 -0.0111 0.6938 0.5986
0 -501.3063 40.3221 451.0717 -0.6592 0.7489 0.0678 0.7041 0.5864
Sergiojaula.tga
0 -496.3986 55.8667 455.4214 -0.8138 0.5120 -0.2748 0.6855 0.5786
0 -501.3063 40.3221 451.0717 -0.6592 0.7489 0.0678 0.7041 0.5864
0 -508.9007 42.4092 462.1160 -0.4570 0.6843 -0.5682 0.7129 0.5713
Sergiojaula.tga
0 -508.9007 42.4092 462.1160 -0.4570 0.6843 -0.5682 0.7129 0.5713
0 -498.1674 63.1349 464.5992 -0.6329 0.1085 -0.7666 0.6836 0.5601
0 -496.3986 55.8667 455.4214 -0.8138 0.5120 -0.2748 0.6855 0.5786
Sergiojaula.tga
0 -528.3492 38.4392 458.2477 0.1996 0.9533 -0.2266 0.7358 0.5742
0 -544.4967 55.2540 472.4502 0.4101 0.4763 -0.7778 0.7744 0.5596
0 -526.8427 52.3832 480.0015 0.1335 0.5121 -0.8485 0.7397 0.5444
Sergiojaula.tga
0 -494.9207 62.3618 447.8117 -0.9703 0.1567 -0.1845 0.6738 0.5884
0 -484.0858 59.6260 429.8883 -0.8370 0.1441 -0.5279 0.6680 0.6152
0 -488.9894 48.8488 424.8106 -0.4706 0.8280 -0.3049 0.6836 0.6226
Sergiojaula.tga
0 -488.9894 48.8488 424.8106 -0.4706 0.8280 -0.3049 0.6836 0.6226
0 -498.0032 50.5605 442.0716 -0.7896 0.6136 -0.0111 0.6938 0.5986
0 -494.9207 62.3618 447.8117 -0.9703 0.1567 -0.1845 0.6738 0.5884
Sergiojaula.tga
0 -515.0669 37.7864 443.0668 -0.0260 0.9851 0.1701 0.7256 0.5942
0 -515.3737 46.4790 430.5674 -0.1392 0.9360 0.3233 0.7271 0.6118
0 -528.3492 38.4392 458.2477 0.1996 0.9533 -0.2266 0.7358 0.5742
Sergiojaula.tga
0 -501.3063 40.3221 451.0717 -0.6592 0.7489 0.0678 0.7041 0.5864
0 -498.0032 50.5605 442.0716 -0.7896 0.6136 -0.0111 0.6938 0.5986
0 -515.3737 46.4790 430.5674 -0.1392 0.9360 0.3233 0.7271 0.6118
Sergiojaula.tga
0 -515.3737 46.4790 430.5674 -0.1392 0.9360 0.3233 0.7271 0.6118
0 -515.0669 37.7864 443.0668 -0.0260 0.9851 0.1701 0.7256 0.5942
0 -501.3063 40.3221 451.0717 -0.6592 0.7489 0.0678 0.7041 0.5864
Sergiojaula.tga
0 -545.9705 75.4933 474.0011 0.3985 -0.0581 -0.9153 0.7930 0.5439
0 -524.2347 69.8130 484.6126 -0.3114 0.0526 -0.9488 0.7358 0.5254
0 -526.8427 52.3832 480.0015 0.1335 0.5121 -0.8485 0.7397 0.5444
Sergiojaula.tga
0 -526.8427 52.3832 480.0015 0.1335 0.5121 -0.8485 0.7397 0.5444
0 -544.4967 55.2540 472.4502 0.4101 0.4763 -0.7778 0.7744 0.5596
0 -545.9705 75.4933 474.0011 0.3985 -0.0581 -0.9153 0.7930 0.5439
Sergiojaula.tga
0 -496.3986 55.8667 455.4214 -0.8138 0.5120 -0.2748 0.6855 0.5786
0 -498.1674 63.1349 464.5992 -0.6329 0.1085 -0.7666 0.6836 0.5601
0 -491.1394 61.3210 462.5240 -0.9319 0.1613 -0.3250 0.6743 0.5703
Sergiojaula.tga
0 -508.9007 42.4092 462.1160 -0.4570 0.6843 -0.5682 0.7129 0.5713
0 -501.3063 40.3221 451.0717 -0.6592 0.7489 0.0678 0.7041 0.5864
0 -515.0669 37.7864 443.0668 -0.0260 0.9851 0.1701 0.7256 0.5942
Sergiojaula.tga
0 -528.3492 38.4392 458.2477 0.1996 0.9533 -0.2266 0.7358 0.5742
0 -508.9007 42.4092 462.1160 -0.4570 0.6843 -0.5682 0.7129 0.5713
0 -515.0669 37.7864 443.0668 -0.0260 0.9851 0.1701 0.7256 0.5942
Sergiojaula.tga
0 -524.2347 69.8130 484.6126 -0.3114 0.0526 -0.9488 0.7358 0.5254
0 -498.1674 63.1349 464.5992 -0.6329 0.1085 -0.7666 0.6836 0.5601
0 -508.9007 42.4092 462.1160 -0.4570 0.6843 -0.5682 0.7129 0.5713
Sergiojaula.tga
0 -508.9007 42.4092 462.1160 -0.4570 0.6843 -0.5682 0.7129 0.5713
0 -526.8427 52.3832 480.0015 0.1335 0.5121 -0.8485 0.7397 0.5444
0 -524.2347 69.8130 484.6126 -0.3114 0.0526 -0.9488 0.7358 0.5254
Sergiojaula.tga
0 -496.3986 55.8667 455.4214 -0.8138 0.5120 -0.2748 0.6855 0.5786
0 -491.1394 61.3210 462.5240 -0.9319 0.1613 -0.3250 0.6743 0.5703
0 -494.9207 62.3618 447.8117 -0.9703 0.1567 -0.1845 0.6738 0.5884
Sergiojaula.tga
0 -502.0710 87.6767 462.2989 -0.7097 -0.4573 -0.5360 0.7129 0.5713
0 -521.5790 87.2687 480.1422 -0.1194 -0.5054 -0.8546 0.7397 0.5444
0 -518.8969 101.0862 458.5007 -0.1706 -0.9814 -0.0882 0.7358 0.5742
Sergiojaula.tga
0 -509.2009 87.3944 430.7325 -0.5270 -0.7972 0.2946 0.7271 0.6118
0 -501.3868 82.1237 416.0770 -0.5399 -0.8416 0.0148 0.7134 0.6309
0 -485.4850 72.0792 424.9045 -0.7720 -0.5689 -0.2833 0.6836 0.6226
Sergiojaula.tga
0 -485.4850 72.0792 424.9045 -0.7720 -0.5689 -0.2833 0.6836 0.6226
0 -494.3375 74.8585 442.1697 -0.9528 -0.3033 -0.0156 0.6938 0.5986
0 -509.2009 87.3944 430.7325 -0.5270 -0.7972 0.2946 0.7271 0.6118
Sergiojaula.tga
0 -494.3375 74.8585 442.1697 -0.9528 -0.3033 -0.0156 0.6938 0.5986
0 -494.9207 62.3618 447.8117 -0.9703 0.1567 -0.1845 0.6738 0.5884
0 -494.4103 69.0461 455.4750 -0.9402 -0.2195 -0.2604 0.6855 0.5786
Sergiojaula.tga
0 -494.4103 69.0461 455.4750 -0.9402 -0.2195 -0.2604 0.6855 0.5786
0 -494.4297 85.9035 451.2558 -0.8915 -0.4501 0.0505 0.7041 0.5864
0 -494.3375 74.8585 442.1697 -0.9528 -0.3033 -0.0156 0.6938 0.5986
Sergiojaula.tga
0 -494.4103 69.0461 455.4750 -0.9402 -0.2195 -0.2604 0.6855 0.5786
0 -498.1674 63.1349 464.5992 -0.6329 0.1085 -0.7666 0.6836 0.5601
0 -502.0710 87.6767 462.2989 -0.7097 -0.4573 -0.5360 0.7129 0.5713
Sergiojaula.tga
0 -502.0710 87.6767 462.2989 -0.7097 -0.4573 -0.5360 0.7129 0.5713
0 -494.4297 85.9035 451.2558 -0.8915 -0.4501 0.0505 0.7041 0.5864
0 -494.4103 69.0461 455.4750 -0.9402 -0.2195 -0.2604 0.6855 0.5786
Sergiojaula.tga
0 -518.8969 101.0862 458.5007 -0.1706 -0.9814 -0.0882 0.7358 0.5742
0 -521.5790 87.2687 480.1422 -0.1194 -0.5054 -0.8546 0.7397 0.5444
0 -538.7287 93.4849 472.6050 0.2069 -0.7647 -0.6103 0.7744 0.5596
Sergiojaula.tga
0 -494.9207 62.3618 447.8117 -0.9703 0.1567 -0.1845 0.6738 0.5884
0 -494.3375 74.8585 442.1697 -0.9528 -0.3033 -0.0156 0.6938 0.5986
0 -485.4850 72.0792 424.9045 -0.7720 -0.5689 -0.2833 0.6836 0.6226
Sergiojaula.tga
0 -485.4850 72.0792 424.9045 -0.7720 -0.5689 -0.2833 0.6836 0.6226
0 -484.0858 59.6260 429.8883 -0.8370 0.1441 -0.5279 0.6680 0.6152
0 -494.9207 62.3618 447.8117 -0.9703 0.1567 -0.1845 0.6738 0.5884
Sergiojaula.tga
0 -506.4083 95.1797 443.2985 -0.4693 -0.8674 0.1656 0.7256 0.5942
0 -518.8969 101.0862 458.5007 -0.1706 -0.9814 -0.0882 0.7358 0.5742
0 -509.2009 87.3944 430.7325 -0.5270 -0.7972 0.2946 0.7271 0.6118
Sergiojaula.tga
0 -494.4297 85.9035 451.2558 -0.8915 -0.4501 0.0505 0.7041 0.5864
0 -506.4083 95.1797 443.2985 -0.4693 -0.8674 0.1656 0.7256 0.5942
0 -509.2009 87.3944 430.7325 -0.5270 -0.7972 0.2946 0.7271 0.6118
Sergiojaula.tga
0 -509.2009 87.3944 430.7325 -0.5270 -0.7972 0.2946 0.7271 0.6118
0 -494.3375 74.8585 442.1697 -0.9528 -0.3033 -0.0156 0.6938 0.5986
0 -494.4297 85.9035 451.2558 -0.8915 -0.4501 0.0505 0.7041 0.5864
Sergiojaula.tga
0 -545.9705 75.4933 474.0011 0.3985 -0.0581 -0.9153 0.7930 0.5439
0 -538.7287 93.4849 472.6050 0.2069 -0.7647 -0.6103 0.7744 0.5596
0 -521.5790 87.2687 480.1422 -0.1194 -0.5054 -0.8546 0.7397 0.5444
Sergiojaula.tga
0 -521.5790 87.2687 480.1422 -0.1194 -0.5054 -0.8546 0.7397 0.5444
0 -524.2347 69.8130 484.6126 -0.3114 0.0526 -0.9488 0.7358 0.5254
0 -545.9705 75.4933 474.0011 0.3985 -0.0581 -0.9153 0.7930 0.5439
Sergiojaula.tga
0 -518.8969 101.0862 458.5007 -0.1706 -0.9814 -0.0882 0.7358 0.5742
0 -530.5850 97.6006 426.1357 -0.2053 -0.9624 0.1778 0.7700 0.6064
0 -509.2009 87.3944 430.7325 -0.5270 -0.7972 0.2946 0.7271 0.6118
Sergiojaula.tga
0 -530.5850 97.6006 426.1357 -0.2053 -0.9624 0.1778 0.7700 0.6064
0 -518.8969 101.0862 458.5007 -0.1706 -0.9814 -0.0882 0.7358 0.5742
0 -539.6866 97.9316 437.5323 0.1727 -0.9847 -0.0231 0.7773 0.5884
Sergiojaula.tga
0 -494.4103 69.0461 455.4750 -0.9402 -0.2195 -0.2604 0.6855 0.5786
0 -491.1394 61.3210 462.5240 -0.9319 0.1613 -0.3250 0.6743 0.5703
0 -498.1674 63.1349 464.5992 -0.6329 0.1085 -0.7666 0.6836 0.5601
Sergiojaula.tga
0 -502.0710 87.6767 462.2989 -0.7097 -0.4573 -0.5360 0.7129 0.5713
0 -506.4083 95.1797 443.2985 -0.4693 -0.8674 0.1656 0.7256 0.5942
0 -494.4297 85.9035 451.2558 -0.8915 -0.4501 0.0505 0.7041 0.5864
Sergiojaula.tga
0 -518.8969 101.0862 458.5007 -0.1706 -0.9814 -0.0882 0.7358 0.5742
0 -506.4083 95.1797 443.2985 -0.4693 -0.8674 0.1656 0.7256 0.5942
0 -502.0710 87.6767 462.2989 -0.7097 -0.4573 -0.5360 0.7129 0.5713
Sergiojaula.tga
0 -524.2347 69.8130 484.6126 -0.3114 0.0526 -0.9488 0.7358 0.5254
0 -521.5790 87.2687 480.1422 -0.1194 -0.5054 -0.8546 0.7397 0.5444
0 -502.0710 87.6767 462.2989 -0.7097 -0.4573 -0.5360 0.7129 0.5713
Sergiojaula.tga
0 -502.0710 87.6767 462.2989 -0.7097 -0.4573 -0.5360 0.7129 0.5713
0 -498.1674 63.1349 464.5992 -0.6329 0.1085 -0.7666 0.6836 0.5601
0 -524.2347 69.8130 484.6126 -0.3114 0.0526 -0.9488 0.7358 0.5254
Sergiojaula.tga
0 -494.4103 69.0461 455.4750 -0.9402 -0.2195 -0.2604 0.6855 0.5786
0 -494.9207 62.3618 447.8117 -0.9703 0.1567 -0.1845 0.6738 0.5884
0 -491.1394 61.3210 462.5240 -0.9319 0.1613 -0.3250 0.6743 0.5703
Sergiojaula.tga
0 -539.6866 97.9316 437.5323 0.1727 -0.9847 -0.0231 0.7773 0.5884
0 -518.8969 101.0862 458.5007 -0.1706 -0.9814 -0.0882 0.7358 0.5742
0 -538.7287 93.4849 472.6050 0.2069 -0.7647 -0.6103 0.7744 0.5596
Sergiojaula.tga
0 647.1637 -62.4450 655.5777 -0.8535 0.1060 -0.5102 0.7129 0.5713
0 637.5652 -85.2771 651.6417 -0.7017 0.7093 -0.0681 0.7358 0.5742
0 630.1262 -75.2404 673.3736 -0.4052 0.3771 -0.8328 0.7397 0.5444
Sergiojaula.tga
0 640.8345 -66.7430 623.9961 -0.8594 0.4327 0.2725 0.7271 0.6118
0 649.0669 -46.0310 635.5591 -0.9928 -0.1181 -0.0174 0.6938 0.5986
0 655.6819 -37.5905 618.3367 -0.9491 0.1669 -0.2672 0.6836 0.6226
Sergiojaula.tga
0 655.6819 -37.5905 618.3367 -0.9491 0.1669 -0.2672 0.6836 0.6226
0 645.6248 -56.8542 609.3976 -0.8896 0.4564 0.0173 0.7134 0.6309
0 640.8345 -66.7430 623.9961 -0.8594 0.4327 0.2725 0.7271 0.6118
Sergiojaula.tga
0 649.0669 -46.0310 635.5591 -0.9928 -0.1181 -0.0174 0.6938 0.5986
0 646.8579 -41.1326 648.9053 -0.9537 -0.1737 -0.2455 0.6855 0.5786
0 643.9165 -35.6271 641.2883 -0.7997 -0.5656 -0.2016 0.6738 0.5884
Sergiojaula.tga
0 646.8579 -41.1326 648.9053 -0.9537 -0.1737 -0.2455 0.6855 0.5786
0 649.0669 -46.0310 635.5591 -0.9928 -0.1181 -0.0174 0.6938 0.5986
0 653.1121 -55.7286 644.5662 -0.9987 0.0305 0.0406 0.7041 0.5864
Sergiojaula.tga
0 646.8579 -41.1326 648.9053 -0.9537 -0.1737 -0.2455 0.6855 0.5786
0 653.1121 -55.7286 644.5662 -0.9987 0.0305 0.0406 0.7041 0.5864
0 647.1637 -62.4450 655.5777 -0.8535 0.1060 -0.5102 0.7129 0.5713
Sergiojaula.tga
0 647.1637 -62.4450 655.5777 -0.8535 0.1060 -0.5102 0.7129 0.5713
0 641.4133 -38.5822 658.0618 -0.4940 -0.3571 -0.7928 0.6836 0.5601
0 646.8579 -41.1326 648.9053 -0.9537 -0.1737 -0.2455 0.6855 0.5786
Sergiojaula.tga
0 637.5652 -85.2771 651.6417 -0.7017 0.7093 -0.0681 0.7358 0.5742
0 617.5654 -91.8984 665.7491 -0.3123 0.7330 -0.6043 0.7744 0.5596
0 630.1262 -75.2404 673.3736 -0.4052 0.3771 -0.8328 0.7397 0.5444
Sergiojaula.tga
0 643.9165 -35.6271 641.2883 -0.7997 -0.5656 -0.2016 0.6738 0.5884
0 652.2644 -25.8967 623.4126 -0.6546 -0.4923 -0.5737 0.6680 0.6152
0 655.6819 -37.5905 618.3367 -0.9491 0.1669 -0.2672 0.6836 0.6226
Sergiojaula.tga
0 655.6819 -37.5905 618.3367 -0.9491 0.1669 -0.2672 0.6836 0.6226
0 649.0669 -46.0310 635.5591 -0.9928 -0.1181 -0.0174 0.6938 0.5986
0 643.9165 -35.6271 641.2883 -0.7997 -0.5656 -0.2016 0.6738 0.5884
Sergiojaula.tga
0 646.1715 -71.7125 636.5132 -0.8469 0.5059 0.1635 0.7256 0.5942
0 640.8345 -66.7430 623.9961 -0.8594 0.4327 0.2725 0.7271 0.6118
0 637.5652 -85.2771 651.6417 -0.7017 0.7093 -0.0681 0.7358 0.5742
Sergiojaula.tga
0 653.1121 -55.7286 644.5662 -0.9987 0.0305 0.0406 0.7041 0.5864
0 649.0669 -46.0310 635.5591 -0.9928 -0.1181 -0.0174 0.6938 0.5986
0 640.8345 -66.7430 623.9961 -0.8594 0.4327 0.2725 0.7271 0.6118
Sergiojaula.tga
0 640.8345 -66.7430 623.9961 -0.8594 0.4327 0.2725 0.7271 0.6118
0 646.1715 -71.7125 636.5132 -0.8469 0.5059 0.1635 0.7256 0.5942
0 653.1121 -55.7286 644.5662 -0.9987 0.0305 0.0406 0.7041 0.5864
Sergiojaula.tga
0 604.5928 -81.1482 667.2550 0.3072 0.2112 -0.9279 0.7930 0.5439
0 621.3313 -61.9144 677.9617 -0.2399 -0.1613 -0.9573 0.7358 0.5254
0 630.1262 -75.2404 673.3736 -0.4052 0.3771 -0.8328 0.7397 0.5444
Sergiojaula.tga
0 630.1262 -75.2404 673.3736 -0.4052 0.3771 -0.8328 0.7397 0.5444
0 617.5654 -91.8984 665.7491 -0.3123 0.7330 -0.6043 0.7744 0.5596
0 604.5928 -81.1482 667.2550 0.3072 0.2112 -0.9279 0.7930 0.5439
Sergiojaula.tga
0 637.5652 -85.2771 651.6417 -0.7017 0.7093 -0.0681 0.7358 0.5742
0 640.8345 -66.7430 623.9961 -0.8594 0.4327 0.2725 0.7271 0.6118
0 626.0935 -89.7065 619.2729 -0.7189 0.6760 0.1623 0.7700 0.6064
Sergiojaula.tga
0 626.0935 -89.7065 619.2729 -0.7189 0.6760 0.1623 0.7700 0.6064
0 618.3433 -96.1498 630.6431 -0.4781 0.8781 -0.0170 0.7773 0.5884
0 637.5652 -85.2771 651.6417 -0.7017 0.7093 -0.0681 0.7358 0.5742
Sergiojaula.tga
0 646.8579 -41.1326 648.9053 -0.9537 -0.1737 -0.2455 0.6855 0.5786
0 641.4133 -38.5822 658.0618 -0.4940 -0.3571 -0.7928 0.6836 0.5601
0 646.8270 -32.3015 656.0176 -0.7637 -0.5755 -0.2923 0.6743 0.5703
Sergiojaula.tga
0 647.1637 -62.4450 655.5777 -0.8535 0.1060 -0.5102 0.7129 0.5713
0 653.1121 -55.7286 644.5662 -0.9987 0.0305 0.0406 0.7041 0.5864
0 646.1715 -71.7125 636.5132 -0.8469 0.5059 0.1635 0.7256 0.5942
Sergiojaula.tga
0 637.5652 -85.2771 651.6417 -0.7017 0.7093 -0.0681 0.7358 0.5742
0 647.1637 -62.4450 655.5777 -0.8535 0.1060 -0.5102 0.7129 0.5713
0 646.1715 -71.7125 636.5132 -0.8469 0.5059 0.1635 0.7256 0.5942
Sergiojaula.tga
0 621.3313 -61.9144 677.9617 -0.2399 -0.1613 -0.9573 0.7358 0.5254
0 641.4133 -38.5822 658.0618 -0.4940 -0.3571 -0.7928 0.6836 0.5601
0 647.1637 -62.4450 655.5777 -0.8535 0.1060 -0.5102 0.7129 0.5713
Sergiojaula.tga
0 647.1637 -62.4450 655.5777 -0.8535 0.1060 -0.5102 0.7129 0.5713
0 630.1262 -75.2404 673.3736 -0.4052 0.3771 -0.8328 0.7397 0.5444
0 621.3313 -61.9144 677.9617 -0.2399 -0.1613 -0.9573 0.7358 0.5254
Sergiojaula.tga
0 646.8579 -41.1326 648.9053 -0.9537 -0.1737 -0.2455 0.6855 0.5786
0 646.8270 -32.3015 656.0176 -0.7637 -0.5755 -0.2923 0.6743 0.5703
0 643.9165 -35.6271 641.2883 -0.7997 -0.5656 -0.2016 0.6738 0.5884
Sergiojaula.tga
0 618.3433 -96.1498 630.6431 -0.4781 0.8781 -0.0170 0.7773 0.5884
0 617.5654 -91.8984 665.7491 -0.3123 0.7330 -0.6043 0.7744 0.5596
0 637.5652 -85.2771 651.6417 -0.7017 0.7093 -0.0681 0.7358 0.5742
Sergiojaula.tga
0 624.3875 -27.7673 655.6989 0.0284 -0.7886 -0.6143 0.7129 0.5713
0 612.5747 -48.5153 673.4673 0.4180 -0.3684 -0.8304 0.7397 0.5444
0 606.0464 -37.2850 651.8096 0.7761 -0.6249 -0.0853 0.7358 0.5742
Sergiojaula.tga
0 620.2498 -35.3987 624.1054 0.4815 -0.8226 0.3024 0.7271 0.6118
0 628.2410 -30.3827 609.4902 0.5517 -0.8339 0.0155 0.7134 0.6309
0 643.9934 -19.7944 618.3994 0.1071 -0.9308 -0.3496 0.6836 0.6226
Sergiojaula.tga
0 643.9934 -19.7944 618.3994 0.1071 -0.9308 -0.3496 0.6836 0.6226
0 636.8416 -27.4166 635.6248 -0.3546 -0.9348 -0.0195 0.6938 0.5986
0 620.2498 -35.3987 624.1054 0.4815 -0.8226 0.3024 0.7271 0.6118
Sergiojaula.tga
0 636.8416 -27.4166 635.6248 -0.3546 -0.9348 -0.0195 0.6938 0.5986
0 643.9165 -35.6271 641.2883 -0.7997 -0.5656 -0.2016 0.6738 0.5884
0 640.2274 -31.0363 648.9407 -0.4456 -0.8443 -0.2976 0.6855 0.5786
Sergiojaula.tga
0 640.2274 -31.0363 648.9407 -0.4456 -0.8443 -0.2976 0.6855 0.5786
0 630.1791 -20.8106 644.6892 -0.1176 -0.9906 0.0695 0.7041 0.5864
0 636.8416 -27.4166 635.6248 -0.3546 -0.9348 -0.0195 0.6938 0.5986
Sergiojaula.tga
0 640.2274 -31.0363 648.9407 -0.4456 -0.8443 -0.2976 0.6855 0.5786
0 641.4133 -38.5822 658.0618 -0.4940 -0.3571 -0.7928 0.6836 0.5601
0 624.3875 -27.7673 655.6989 0.0284 -0.7886 -0.6143 0.7129 0.5713
Sergiojaula.tga
0 624.3875 -27.7673 655.6989 0.0284 -0.7886 -0.6143 0.7129 0.5713
0 630.1791 -20.8106 644.6892 -0.1176 -0.9906 0.0695 0.7041 0.5864
0 640.2274 -31.0363 648.9407 -0.4456 -0.8443 -0.2976 0.6855 0.5786
Sergiojaula.tga
0 606.0464 -37.2850 651.8096 0.7761 -0.6249 -0.0853 0.7358 0.5742
0 612.5747 -48.5153 673.4673 0.4180 -0.3684 -0.8304 0.7397 0.5444
0 598.3318 -62.6104 665.8517 0.7816 -0.2834 -0.5557 0.7744 0.5596
Sergiojaula.tga
0 643.9165 -35.6271 641.2883 -0.7997 -0.5656 -0.2016 0.6738 0.5884
0 636.8416 -27.4166 635.6248 -0.3546 -0.9348 -0.0195 0.6938 0.5986
0 643.9934 -19.7944 618.3994 0.1071 -0.9308 -0.3496 0.6836 0.6226
Sergiojaula.tga
0 643.9934 -19.7944 618.3994 0.1071 -0.9308 -0.3496 0.6836 0.6226
0 652.2644 -25.8967 623.4126 -0.6546 -0.4923 -0.5737 0.6680 0.6152
0 643.9165 -35.6271 641.2883 -0.7997 -0.5656 -0.2016 0.6738 0.5884
Sergiojaula.tga
0 617.2963 -27.7455 636.6676 0.5696 -0.8066 0.1576 0.7256 0.5942
0 606.0464 -37.2850 651.8096 0.7761 -0.6249 -0.0853 0.7358 0.5742
0 620.2498 -35.3987 624.1054 0.4815 -0.8226 0.3024 0.7271 0.6118
Sergiojaula.tga
0 630.1791 -20.8106 644.6892 -0.1176 -0.9906 0.0695 0.7041 0.5864
0 617.2963 -27.7455 636.6676 0.5696 -0.8066 0.1576 0.7256 0.5942
0 620.2498 -35.3987 624.1054 0.4815 -0.8226 0.3024 0.7271 0.6118
Sergiojaula.tga
0 620.2498 -35.3987 624.1054 0.4815 -0.8226 0.3024 0.7271 0.6118
0 636.8416 -27.4166 635.6248 -0.3546 -0.9348 -0.0195 0.6938 0.5986
0 630.1791 -20.8106 644.6892 -0.1176 -0.9906 0.0695 0.7041 0.5864
Sergiojaula.tga
0 604.5928 -81.1482 667.2550 0.3072 0.2112 -0.9279 0.7930 0.5439
0 598.3318 -62.6104 665.8517 0.7816 -0.2834 -0.5557 0.7744 0.5596
0 612.5747 -48.5153 673.4673 0.4180 -0.3684 -0.8304 0.7397 0.5444
Sergiojaula.tga
0 612.5747 -48.5153 673.4673 0.4180 -0.3684 -0.8304 0.7397 0.5444
0 621.3313 -61.9144 677.9617 -0.2399 -0.1613 -0.9573 0.7358 0.5254
0 604.5928 -81.1482 667.2550 0.3072 0.2112 -0.9279 0.7930 0.5439
Sergiojaula.tga
0 606.0464 -37.2850 651.8096 0.7761 -0.6249 -0.0853 0.7358 0.5742
0 601.0137 -51.5190 619.4066 0.7543 -0.6362 0.1623 0.7700 0.6064
0 620.2498 -35.3987 624.1054 0.4815 -0.8226 0.3024 0.7271 0.6118
Sergiojaula.tga
0 601.0137 -51.5190 619.4066 0.7543 -0.6362 0.1623 0.7700 0.6064
0 606.0464 -37.2850 651.8096 0.7761 -0.6249 -0.0853 0.7358 0.5742
0 595.1829 -60.8847 630.7668 0.9137 -0.4060 -0.0164 0.7773 0.5884
Sergiojaula.tga
0 640.2274 -31.0363 648.9407 -0.4456 -0.8443 -0.2976 0.6855 0.5786
0 646.8270 -32.3015 656.0176 -0.7637 -0.5755 -0.2923 0.6743 0.5703
0 641.4133 -38.5822 658.0618 -0.4940 -0.3571 -0.7928 0.6836 0.5601
Sergiojaula.tga
0 624.3875 -27.7673 655.6989 0.0284 -0.7886 -0.6143 0.7129 0.5713
0 617.2963 -27.7455 636.6676 0.5696 -0.8066 0.1576 0.7256 0.5942
0 630.1791 -20.8106 644.6892 -0.1176 -0.9906 0.0695 0.7041 0.5864
Sergiojaula.tga
0 606.0464 -37.2850 651.8096 0.7761 -0.6249 -0.0853 0.7358 0.5742
0 617.2963 -27.7455 636.6676 0.5696 -0.8066 0.1576 0.7256 0.5942
0 624.3875 -27.7673 655.6989 0.0284 -0.7886 -0.6143 0.7129 0.5713
Sergiojaula.tga
0 621.3313 -61.9144 677.9617 -0.2399 -0.1613 -0.9573 0.7358 0.5254
0 612.5747 -48.5153 673.4673 0.4180 -0.3684 -0.8304 0.7397 0.5444
0 624.3875 -27.7673 655.6989 0.0284 -0.7886 -0.6143 0.7129 0.5713
Sergiojaula.tga
0 624.3875 -27.7673 655.6989 0.0284 -0.7886 -0.6143 0.7129 0.5713
0 641.4133 -38.5822 658.0618 -0.4940 -0.3571 -0.7928 0.6836 0.5601
0 621.3313 -61.9144 677.9617 -0.2399 -0.1613 -0.9573 0.7358 0.5254
Sergiojaula.tga
0 640.2274 -31.0363 648.9407 -0.4456 -0.8443 -0.2976 0.6855 0.5786
0 643.9165 -35.6271 641.2883 -0.7997 -0.5656 -0.2016 0.6738 0.5884
0 646.8270 -32.3015 656.0176 -0.7637 -0.5755 -0.2923 0.6743 0.5703
Sergiojaula.tga
0 595.1829 -60.8847 630.7668 0.9137 -0.4060 -0.0164 0.7773 0.5884
0 606.0464 -37.2850 651.8096 0.7761 -0.6249 -0.0853 0.7358 0.5742
0 598.3318 -62.6104 665.8517 0.7816 -0.2834 -0.5557 0.7744 0.5596
end
